item_id,filename,resolution,status,psnr_db,ssim,inference_ms,processed_at
WAF-0001,000000.npy,128x128 -> 256x256,completed,31.61,0.9071,12.5,2026-10-03T13:05:37.012180Z
WAF-0002,000001.npy,128x128 -> 256x256,completed,25.75,0.9843,13.3,2026-10-03T13:05:37.012180Z
WAF-0003,000002.npy,128x128 -> 256x256,completed,25.87,0.9849,14.1,2026-10-03T13:05:37.012180Z
WAF-0004,000003.npy,128x128 -> 256x256,completed,25.99,0.9855,14.9,2026-10-03T13:05:37.012180Z
WAF-0005,000004.npy,128x128 -> 256x256,completed,26.11,0.9861,15.7,2026-10-03T13:05:37.012180Z
WAF-0006,000005.npy,128x128 -> 256x256,completed,26.23,0.9867,16.5,2026-10-03T13:05:37.012180Z
WAF-0007,000006.npy,128x128 -> 256x256,completed,26.35,0.9873,17.3,2026-10-03T13:05:37.012180Z
WAF-0008,000007.npy,128x128 -> 256x256,completed,26.47,0.9837,12.5,2026-10-03T13:05:37.012180Z
WAF-0009,000008.npy,128x128 -> 256x256,completed,26.59,0.9843,13.3,2026-10-03T13:05:37.012180Z
WAF-0010,000009.npy,128x128 -> 256x256,completed,26.71,0.9849,14.1,2026-10-03T13:05:37.012180Z
WAF-0011,000010.npy,128x128 -> 256x256,completed,26.83,0.9855,14.9,2026-10-03T13:05:37.012180Z
WAF-0012,000011.npy,128x128 -> 256x256,completed,25.63,0.9861,15.7,2026-10-03T13:05:37.012180Z
WAF-0013,000012.npy,128x128 -> 256x256,completed,25.75,0.9867,16.5,2026-10-03T13:05:37.012180Z
WAF-0014,000013.npy,128x128 -> 256x256,completed,25.87,0.9873,17.3,2026-10-03T13:05:37.012180Z
WAF-0015,000014.npy,128x128 -> 256x256,completed,25.99,0.9837,12.5,2026-10-03T13:05:37.012180Z
WAF-0016,000015.npy,128x128 -> 256x256,completed,26.11,0.9843,13.3,2026-10-03T13:05:37.012180Z
WAF-0017,000016.npy,128x128 -> 256x256,completed,26.23,0.9849,14.1,2026-10-03T13:05:37.012180Z
WAF-0018,000017.npy,128x128 -> 256x256,completed,26.35,0.9855,14.9,2026-10-03T13:05:37.012180Z
WAF-0019,000018.npy,128x128 -> 256x256,completed,24.28,0.8408,15.7,2026-10-03T13:05:37.012180Z
WAF-0020,000019.npy,128x128 -> 256x256,completed,26.59,0.9867,16.5,2026-10-03T13:05:37.012180Z
WAF-0021,000020.npy,128x128 -> 256x256,completed,26.71,0.9873,17.3,2026-10-03T13:05:37.012180Z
WAF-0022,000021.npy,128x128 -> 256x256,completed,31.83,0.8814,12.5,2026-10-03T13:05:37.012180Z
WAF-0023,000022.npy,128x128 -> 256x256,completed,25.63,0.9843,13.3,2026-10-03T13:05:37.012180Z
WAF-0024,000023.npy,128x128 -> 256x256,completed,25.75,0.9849,14.1,2026-10-03T13:05:37.012180Z
WAF-0025,000024.npy,128x128 -> 256x256,completed,25.87,0.9855,14.9,2026-10-03T13:05:37.012180Z
WAF-0026,000025.npy,128x128 -> 256x256,completed,22.61,0.7313,15.7,2026-10-03T13:05:37.012180Z
WAF-0027,000026.npy,128x128 -> 256x256,completed,26.11,0.9867,16.5,2026-10-03T13:05:37.012180Z
WAF-0028,000027.npy,128x128 -> 256x256,completed,26.23,0.9873,17.3,2026-10-03T13:05:37.012180Z
WAF-0029,000028.npy,128x128 -> 256x256,completed,26.35,0.9837,12.5,2026-10-03T13:05:37.012180Z
WAF-0030,000029.npy,128x128 -> 256x256,completed,26.47,0.9843,13.3,2026-10-03T13:05:37.012180Z
WAF-0031,000030.npy,128x128 -> 256x256,completed,26.59,0.9849,14.1,2026-10-03T13:05:37.019061Z
WAF-0032,000031.npy,128x128 -> 256x256,completed,26.71,0.9855,14.9,2026-10-03T13:05:37.019061Z
WAF-0033,000032.npy,128x128 -> 256x256,completed,26.83,0.9861,15.7,2026-10-03T13:05:37.019061Z
WAF-0034,000033.npy,128x128 -> 256x256,completed,25.63,0.9867,16.5,2026-10-03T13:05:37.019061Z
WAF-0035,000034.npy,128x128 -> 256x256,completed,25.75,0.9873,17.3,2026-10-03T13:05:37.019061Z
WAF-0036,000035.npy,128x128 -> 256x256,completed,24.53,0.6615,12.5,2026-10-03T13:05:37.019061Z
WAF-0037,000036.npy,128x128 -> 256x256,completed,30.25,0.7893,13.3,2026-10-03T13:05:37.019061Z
WAF-0038,000037.npy,128x128 -> 256x256,completed,26.11,0.9849,14.1,2026-10-03T13:05:37.019061Z
WAF-0039,000038.npy,128x128 -> 256x256,completed,26.23,0.9855,14.9,2026-10-03T13:05:37.019061Z
WAF-0040,000039.npy,128x128 -> 256x256,completed,26.35,0.9861,15.7,2026-10-03T13:05:37.019061Z
WAF-0041,000040.npy,128x128 -> 256x256,completed,26.47,0.9867,16.5,2026-10-03T13:05:37.019061Z
WAF-0042,000041.npy,128x128 -> 256x256,completed,26.59,0.9873,17.3,2026-10-03T13:05:37.019061Z
WAF-0043,000042.npy,128x128 -> 256x256,completed,26.71,0.9837,12.5,2026-10-03T13:05:37.019061Z
WAF-0044,000043.npy,128x128 -> 256x256,completed,26.83,0.9843,13.3,2026-10-03T13:05:37.019061Z
WAF-0045,000044.npy,128x128 -> 256x256,completed,19.56,0.7615,14.1,2026-10-03T13:05:37.019061Z
WAF-0046,000045.npy,128x128 -> 256x256,completed,25.75,0.9855,14.9,2026-10-03T13:05:37.019061Z
WAF-0047,000046.npy,128x128 -> 256x256,completed,25.87,0.9861,15.7,2026-10-03T13:05:37.019061Z
WAF-0048,000047.npy,128x128 -> 256x256,completed,25.99,0.9867,16.5,2026-10-03T13:05:37.019061Z
WAF-0049,000048.npy,128x128 -> 256x256,completed,30.04,0.8935,17.3,2026-10-03T13:05:37.019061Z
WAF-0050,000049.npy,128x128 -> 256x256,completed,26.23,0.9837,12.5,2026-10-03T13:05:37.019061Z
WAF-0051,000050.npy,128x128 -> 256x256,completed,26.35,0.9843,13.3,2026-10-03T13:05:37.019061Z
WAF-0052,000051.npy,128x128 -> 256x256,completed,26.47,0.9849,14.1,2026-10-03T13:05:37.019061Z
WAF-0053,000052.npy,128x128 -> 256x256,completed,26.59,0.9855,14.9,2026-10-03T13:05:37.019061Z
WAF-0054,000053.npy,128x128 -> 256x256,completed,26.71,0.9861,15.7,2026-10-03T13:05:37.019061Z
WAF-0055,000054.npy,128x128 -> 256x256,completed,26.83,0.9867,16.5,2026-10-03T13:05:37.019061Z
WAF-0056,000055.npy,128x128 -> 256x256,completed,27.03,0.7714,17.3,2026-10-03T13:05:37.019061Z
WAF-0057,000056.npy,128x128 -> 256x256,completed,25.75,0.9837,12.5,2026-10-03T13:05:37.019061Z
WAF-0058,000057.npy,128x128 -> 256x256,completed,25.87,0.9843,13.3,2026-10-03T13:05:37.019061Z
WAF-0059,000058.npy,128x128 -> 256x256,completed,25.99,0.9849,14.1,2026-10-03T13:05:37.019061Z
WAF-0060,000059.npy,128x128 -> 256x256,completed,26.11,0.9855,14.9,2026-10-03T13:05:37.019061Z
WAF-0061,000060.npy,128x128 -> 256x256,completed,26.23,0.9861,15.7,2026-10-03T13:05:37.019061Z
WAF-0062,000061.npy,128x128 -> 256x256,completed,26.35,0.9867,16.5,2026-10-03T13:05:37.019061Z
WAF-0063,000062.npy,128x128 -> 256x256,completed,26.47,0.9873,17.3,2026-10-03T13:05:37.019061Z
WAF-0064,000063.npy,128x128 -> 256x256,completed,26.59,0.9837,12.5,2026-10-03T13:05:37.019061Z
WAF-0065,000064.npy,128x128 -> 256x256,completed,29.34,0.9112,13.3,2026-10-03T13:05:37.019061Z
WAF-0066,000065.npy,128x128 -> 256x256,completed,26.83,0.9849,14.1,2026-10-03T13:05:37.019061Z
WAF-0067,000066.npy,128x128 -> 256x256,completed,25.63,0.9855,14.9,2026-10-03T13:05:37.019061Z
WAF-0068,000067.npy,128x128 -> 256x256,completed,25.75,0.9861,15.7,2026-10-03T13:05:37.019061Z
WAF-0069,000068.npy,128x128 -> 256x256,completed,25.87,0.9867,16.5,2026-10-03T13:05:37.027110Z
WAF-0070,000069.npy,128x128 -> 256x256,completed,33.0,0.9306,17.3,2026-10-03T13:05:37.027526Z
WAF-0071,000070.npy,128x128 -> 256x256,completed,26.11,0.9837,12.5,2026-10-03T13:05:37.028051Z
WAF-0072,000071.npy,128x128 -> 256x256,completed,26.23,0.9843,13.3,2026-10-03T13:05:37.028772Z
WAF-0073,000072.npy,128x128 -> 256x256,completed,25.5,0.7572,14.1,2026-10-03T13:05:37.028772Z
WAF-0074,000073.npy,128x128 -> 256x256,completed,26.47,0.9855,14.9,2026-10-03T13:05:37.028772Z
WAF-0075,000074.npy,128x128 -> 256x256,completed,26.59,0.9861,15.7,2026-10-03T13:05:37.028772Z
WAF-0076,000075.npy,128x128 -> 256x256,completed,26.71,0.9867,16.5,2026-10-03T13:05:37.028772Z
WAF-0077,000076.npy,128x128 -> 256x256,completed,26.83,0.9873,17.3,2026-10-03T13:05:37.030781Z
WAF-0078,000077.npy,128x128 -> 256x256,completed,25.63,0.9837,12.5,2026-10-03T13:05:37.030781Z
WAF-0079,000078.npy,128x128 -> 256x256,completed,25.75,0.9843,13.3,2026-10-03T13:05:37.030781Z
WAF-0080,000079.npy,128x128 -> 256x256,completed,25.87,0.9849,14.1,2026-10-03T13:05:37.030781Z
WAF-0081,000080.npy,128x128 -> 256x256,completed,25.99,0.9855,14.9,2026-10-03T13:05:37.030781Z
WAF-0082,000081.npy,128x128 -> 256x256,completed,26.1,0.7945,15.7,2026-10-03T13:05:37.030781Z
WAF-0083,000082.npy,128x128 -> 256x256,completed,26.23,0.9867,16.5,2026-10-03T13:05:37.030781Z
WAF-0084,000083.npy,128x128 -> 256x256,completed,26.35,0.9873,17.3,2026-10-03T13:05:37.030781Z
WAF-0085,000084.npy,128x128 -> 256x256,completed,26.47,0.9837,12.5,2026-10-03T13:05:37.030781Z
WAF-0086,000085.npy,128x128 -> 256x256,completed,26.59,0.9843,13.3,2026-10-03T13:05:37.030781Z
WAF-0087,000086.npy,128x128 -> 256x256,completed,26.71,0.9849,14.1,2026-10-03T13:05:37.030781Z
WAF-0088,000087.npy,128x128 -> 256x256,completed,19.72,0.7535,14.9,2026-10-03T13:05:37.030781Z
WAF-0089,000088.npy,128x128 -> 256x256,completed,25.63,0.9861,15.7,2026-10-03T13:05:37.030781Z
WAF-0090,000089.npy,128x128 -> 256x256,completed,25.75,0.9867,16.5,2026-10-03T13:05:37.030781Z
WAF-0091,000090.npy,128x128 -> 256x256,completed,25.87,0.9873,17.3,2026-10-03T13:05:37.030781Z
WAF-0092,000091.npy,128x128 -> 256x256,completed,25.99,0.9837,12.5,2026-10-03T13:05:37.035797Z
WAF-0093,000092.npy,128x128 -> 256x256,completed,26.11,0.9843,13.3,2026-10-03T13:05:37.035797Z
WAF-0094,000093.npy,128x128 -> 256x256,completed,26.23,0.9849,14.1,2026-10-03T13:05:37.035797Z
WAF-0095,000094.npy,128x128 -> 256x256,completed,26.35,0.9855,14.9,2026-10-03T13:05:37.035797Z
WAF-0096,000095.npy,128x128 -> 256x256,completed,35.45,0.8673,15.7,2026-10-03T13:05:37.035797Z
WAF-0097,000096.npy,128x128 -> 256x256,completed,26.59,0.9867,16.5,2026-10-03T13:05:37.037363Z
WAF-0098,000097.npy,128x128 -> 256x256,completed,26.71,0.9873,17.3,2026-10-03T13:05:37.038117Z
WAF-0099,000098.npy,128x128 -> 256x256,completed,29.14,0.7823,12.5,2026-10-03T13:05:37.038117Z
WAF-0100,000099.npy,128x128 -> 256x256,completed,25.63,0.9843,13.3,2026-10-03T13:05:37.038117Z
WAF-0101,000100.npy,128x128 -> 256x256,completed,25.75,0.9849,14.1,2026-10-03T13:05:37.038117Z
WAF-0102,000101.npy,128x128 -> 256x256,completed,25.87,0.9855,14.9,2026-10-03T13:05:37.038117Z
WAF-0103,000102.npy,128x128 -> 256x256,completed,25.99,0.9861,15.7,2026-10-03T13:05:37.038117Z
WAF-0104,000103.npy,128x128 -> 256x256,completed,26.11,0.9867,16.5,2026-10-03T13:05:37.038117Z
WAF-0105,000104.npy,128x128 -> 256x256,completed,26.23,0.9873,17.3,2026-10-03T13:05:37.038117Z
WAF-0106,000105.npy,128x128 -> 256x256,completed,26.35,0.9837,12.5,2026-10-03T13:05:37.038117Z
WAF-0107,000106.npy,128x128 -> 256x256,completed,26.47,0.9843,13.3,2026-10-03T13:05:37.038117Z
WAF-0108,000107.npy,128x128 -> 256x256,completed,26.59,0.9849,14.1,2026-10-03T13:05:37.038117Z
WAF-0109,000108.npy,128x128 -> 256x256,completed,26.71,0.9855,14.9,2026-10-03T13:05:37.038117Z
WAF-0110,000109.npy,128x128 -> 256x256,completed,26.83,0.9861,15.7,2026-10-03T13:05:37.038117Z
WAF-0111,000110.npy,128x128 -> 256x256,completed,25.63,0.9867,16.5,2026-10-03T13:05:37.038117Z
WAF-0112,000111.npy,128x128 -> 256x256,completed,25.75,0.9873,17.3,2026-10-03T13:05:37.038117Z
WAF-0113,000112.npy,128x128 -> 256x256,completed,25.87,0.9837,12.5,2026-10-03T13:05:37.038117Z
WAF-0114,000113.npy,128x128 -> 256x256,completed,25.99,0.9843,13.3,2026-10-03T13:05:37.043504Z
WAF-0115,000114.npy,128x128 -> 256x256,completed,26.11,0.9849,14.1,2026-10-03T13:05:37.043504Z
WAF-0116,000115.npy,128x128 -> 256x256,completed,26.23,0.9855,14.9,2026-10-03T13:05:37.043504Z
WAF-0117,000116.npy,128x128 -> 256x256,completed,26.35,0.9861,15.7,2026-10-03T13:05:37.043504Z
WAF-0118,000117.npy,128x128 -> 256x256,completed,26.47,0.9867,16.5,2026-10-03T13:05:37.043504Z
WAF-0119,000118.npy,128x128 -> 256x256,completed,26.59,0.9873,17.3,2026-10-03T13:05:37.045842Z
WAF-0120,000119.npy,128x128 -> 256x256,completed,26.71,0.9837,12.5,2026-10-03T13:05:37.045842Z
WAF-0121,000120.npy,128x128 -> 256x256,completed,26.83,0.9843,13.3,2026-10-03T13:05:37.045842Z
WAF-0122,000121.npy,128x128 -> 256x256,completed,25.63,0.9849,14.1,2026-10-03T13:05:37.047853Z
WAF-0123,000122.npy,128x128 -> 256x256,completed,25.75,0.9855,14.9,2026-10-03T13:05:37.047853Z
WAF-0124,000123.npy,128x128 -> 256x256,completed,25.87,0.9861,15.7,2026-10-03T13:05:37.047853Z
WAF-0125,000124.npy,128x128 -> 256x256,completed,25.99,0.9867,16.5,2026-10-03T13:05:37.047853Z
WAF-0126,000125.npy,128x128 -> 256x256,completed,26.11,0.9873,17.3,2026-10-03T13:05:37.047853Z
WAF-0127,000126.npy,128x128 -> 256x256,completed,26.23,0.9837,12.5,2026-10-03T13:05:37.049864Z
WAF-0128,000127.npy,128x128 -> 256x256,completed,26.35,0.9843,13.3,2026-10-03T13:05:37.049864Z
WAF-0129,000128.npy,128x128 -> 256x256,completed,26.47,0.9849,14.1,2026-10-03T13:05:37.049864Z
WAF-0130,000129.npy,128x128 -> 256x256,completed,26.59,0.9855,14.9,2026-10-03T13:05:37.049864Z
WAF-0131,000130.npy,128x128 -> 256x256,completed,26.71,0.9861,15.7,2026-10-03T13:05:37.049864Z
WAF-0132,000131.npy,128x128 -> 256x256,completed,26.83,0.9867,16.5,2026-10-03T13:05:37.051617Z
WAF-0133,000132.npy,128x128 -> 256x256,completed,25.63,0.9873,17.3,2026-10-03T13:05:37.051617Z
WAF-0134,000133.npy,128x128 -> 256x256,completed,25.75,0.9837,12.5,2026-10-03T13:05:37.051617Z
WAF-0135,000134.npy,128x128 -> 256x256,completed,25.87,0.9843,13.3,2026-10-03T13:05:37.051617Z
WAF-0136,000135.npy,128x128 -> 256x256,completed,25.99,0.9849,14.1,2026-10-03T13:05:37.051617Z
WAF-0137,000136.npy,128x128 -> 256x256,completed,26.11,0.9855,14.9,2026-10-03T13:05:37.051617Z
WAF-0138,000137.npy,128x128 -> 256x256,completed,26.23,0.9861,15.7,2026-10-03T13:05:37.053626Z
WAF-0139,000138.npy,128x128 -> 256x256,completed,26.35,0.9867,16.5,2026-10-03T13:05:37.053626Z
WAF-0140,000139.npy,128x128 -> 256x256,completed,26.47,0.9873,17.3,2026-10-03T13:05:37.053626Z
WAF-0141,000140.npy,128x128 -> 256x256,completed,26.59,0.9837,12.5,2026-10-03T13:05:37.053626Z
WAF-0142,000141.npy,128x128 -> 256x256,completed,26.71,0.9843,13.3,2026-10-03T13:05:37.053626Z
WAF-0143,000142.npy,128x128 -> 256x256,completed,26.83,0.9849,14.1,2026-10-03T13:05:37.053626Z
WAF-0144,000143.npy,128x128 -> 256x256,completed,25.63,0.9855,14.9,2026-10-03T13:05:37.053626Z
WAF-0145,000144.npy,128x128 -> 256x256,completed,25.75,0.9861,15.7,2026-10-03T13:05:37.053626Z
WAF-0146,000145.npy,128x128 -> 256x256,completed,31.11,0.5851,16.5,2026-10-03T13:05:37.053626Z
WAF-0147,000146.npy,128x128 -> 256x256,completed,30.83,0.5806,17.3,2026-10-03T13:05:37.053626Z
WAF-0148,000147.npy,128x128 -> 256x256,completed,26.11,0.9837,12.5,2026-10-03T13:05:37.053626Z
WAF-0149,000148.npy,128x128 -> 256x256,completed,26.23,0.9843,13.3,2026-10-03T13:05:37.053626Z
WAF-0150,000149.npy,128x128 -> 256x256,completed,26.35,0.9849,14.1,2026-10-03T13:05:37.053626Z
WAF-0151,000150.npy,128x128 -> 256x256,completed,26.47,0.9855,14.9,2026-10-03T13:05:37.053626Z
WAF-0152,000151.npy,128x128 -> 256x256,completed,26.59,0.9861,15.7,2026-10-03T13:05:37.053626Z
WAF-0153,000152.npy,128x128 -> 256x256,completed,26.71,0.9867,16.5,2026-10-03T13:05:37.053626Z
WAF-0154,000153.npy,128x128 -> 256x256,completed,26.83,0.9873,17.3,2026-10-03T13:05:37.059721Z
WAF-0155,000154.npy,128x128 -> 256x256,completed,25.63,0.9837,12.5,2026-10-03T13:05:37.059721Z
WAF-0156,000155.npy,128x128 -> 256x256,completed,25.75,0.9843,13.3,2026-10-03T13:05:37.059721Z
WAF-0157,000156.npy,128x128 -> 256x256,completed,25.87,0.9849,14.1,2026-10-03T13:05:37.059721Z
WAF-0158,000157.npy,128x128 -> 256x256,completed,25.99,0.9855,14.9,2026-10-03T13:05:37.059721Z
WAF-0159,000158.npy,128x128 -> 256x256,completed,26.11,0.9861,15.7,2026-10-03T13:05:37.059721Z
WAF-0160,000159.npy,128x128 -> 256x256,completed,26.23,0.9867,16.5,2026-10-03T13:05:37.059721Z
WAF-0161,000160.npy,128x128 -> 256x256,completed,26.35,0.9873,17.3,2026-10-03T13:05:37.062302Z
WAF-0162,000161.npy,128x128 -> 256x256,completed,26.47,0.9837,12.5,2026-10-03T13:05:37.062302Z
WAF-0163,000162.npy,128x128 -> 256x256,completed,26.59,0.9843,13.3,2026-10-03T13:05:37.062302Z
WAF-0164,000163.npy,128x128 -> 256x256,completed,26.71,0.9849,14.1,2026-10-03T13:05:37.062302Z
WAF-0165,000164.npy,128x128 -> 256x256,completed,26.83,0.9855,14.9,2026-10-03T13:05:37.062302Z
WAF-0166,000165.npy,128x128 -> 256x256,completed,25.63,0.9861,15.7,2026-10-03T13:05:37.062302Z
WAF-0167,000166.npy,128x128 -> 256x256,completed,25.75,0.9867,16.5,2026-10-03T13:05:37.062302Z
WAF-0168,000167.npy,128x128 -> 256x256,completed,25.87,0.9873,17.3,2026-10-03T13:05:37.062302Z
WAF-0169,000168.npy,128x128 -> 256x256,completed,25.99,0.9837,12.5,2026-10-03T13:05:37.062302Z
WAF-0170,000169.npy,128x128 -> 256x256,completed,26.11,0.9843,13.3,2026-10-03T13:05:37.062302Z
WAF-0171,000170.npy,128x128 -> 256x256,completed,26.23,0.9849,14.1,2026-10-03T13:05:37.062302Z
WAF-0172,000171.npy,128x128 -> 256x256,completed,26.35,0.9855,14.9,2026-10-03T13:05:37.065485Z
WAF-0173,000172.npy,128x128 -> 256x256,completed,26.47,0.9861,15.7,2026-10-03T13:05:37.065485Z
WAF-0174,000173.npy,128x128 -> 256x256,completed,26.59,0.9867,16.5,2026-10-03T13:05:37.065485Z
WAF-0175,000174.npy,128x128 -> 256x256,completed,26.71,0.9873,17.3,2026-10-03T13:05:37.065485Z
WAF-0176,000175.npy,128x128 -> 256x256,completed,26.83,0.9837,12.5,2026-10-03T13:05:37.065485Z
WAF-0177,000176.npy,128x128 -> 256x256,completed,25.63,0.9843,13.3,2026-10-03T13:05:37.065485Z
WAF-0178,000177.npy,128x128 -> 256x256,completed,25.75,0.9849,14.1,2026-10-03T13:05:37.065485Z
WAF-0179,000178.npy,128x128 -> 256x256,completed,25.87,0.9855,14.9,2026-10-03T13:05:37.065485Z
WAF-0180,000179.npy,128x128 -> 256x256,completed,25.99,0.9861,15.7,2026-10-03T13:05:37.065485Z
WAF-0181,000180.npy,128x128 -> 256x256,completed,26.11,0.9867,16.5,2026-10-03T13:05:37.065485Z
WAF-0182,000181.npy,128x128 -> 256x256,completed,26.23,0.9873,17.3,2026-10-03T13:05:37.065485Z
WAF-0183,000182.npy,128x128 -> 256x256,completed,26.35,0.9837,12.5,2026-10-03T13:05:37.065485Z
WAF-0184,000183.npy,128x128 -> 256x256,completed,26.47,0.9843,13.3,2026-10-03T13:05:37.068163Z
WAF-0185,000184.npy,128x128 -> 256x256,completed,26.59,0.9849,14.1,2026-10-03T13:05:37.068163Z
WAF-0186,000185.npy,128x128 -> 256x256,completed,32.88,0.916,14.9,2026-10-03T13:05:37.068163Z
WAF-0187,000186.npy,128x128 -> 256x256,completed,26.83,0.9861,15.7,2026-10-03T13:05:37.068163Z
WAF-0188,000187.npy,128x128 -> 256x256,completed,25.63,0.9867,16.5,2026-10-03T13:05:37.068163Z
WAF-0189,000188.npy,128x128 -> 256x256,completed,25.75,0.9873,17.3,2026-10-03T13:05:37.068163Z
WAF-0190,000189.npy,128x128 -> 256x256,completed,25.87,0.9837,12.5,2026-10-03T13:05:37.068163Z
WAF-0191,000190.npy,128x128 -> 256x256,completed,25.99,0.9843,13.3,2026-10-03T13:05:37.068163Z
WAF-0192,000191.npy,128x128 -> 256x256,completed,26.11,0.9849,14.1,2026-10-03T13:05:37.070289Z
WAF-0193,000192.npy,128x128 -> 256x256,completed,26.23,0.9855,14.9,2026-10-03T13:05:37.070289Z
WAF-0194,000193.npy,128x128 -> 256x256,completed,26.35,0.9861,15.7,2026-10-03T13:05:37.070289Z
WAF-0195,000194.npy,128x128 -> 256x256,completed,26.47,0.9867,16.5,2026-10-03T13:05:37.070289Z
WAF-0196,000195.npy,128x128 -> 256x256,completed,26.59,0.9873,17.3,2026-10-03T13:05:37.071216Z
WAF-0197,000196.npy,128x128 -> 256x256,completed,26.71,0.9837,12.5,2026-10-03T13:05:37.071216Z
WAF-0198,000197.npy,128x128 -> 256x256,completed,26.83,0.9843,13.3,2026-10-03T13:05:37.071216Z
WAF-0199,000198.npy,128x128 -> 256x256,completed,25.63,0.9849,14.1,2026-10-03T13:05:37.071216Z
WAF-0200,000199.npy,128x128 -> 256x256,completed,25.75,0.9855,14.9,2026-10-03T13:05:37.071216Z
WAF-0201,000200.npy,128x128 -> 256x256,completed,25.87,0.9861,15.7,2026-10-03T13:05:37.071216Z
WAF-0202,000201.npy,128x128 -> 256x256,completed,33.01,0.7388,16.5,2026-10-03T13:05:37.071216Z
WAF-0203,000202.npy,128x128 -> 256x256,completed,26.11,0.9873,17.3,2026-10-03T13:05:37.071216Z
WAF-0204,000203.npy,128x128 -> 256x256,completed,26.23,0.9837,12.5,2026-10-03T13:05:37.071216Z
WAF-0205,000204.npy,128x128 -> 256x256,completed,26.35,0.9843,13.3,2026-10-03T13:05:37.071216Z
WAF-0206,000205.npy,128x128 -> 256x256,completed,26.47,0.9849,14.1,2026-10-03T13:05:37.071216Z
WAF-0207,000206.npy,128x128 -> 256x256,completed,26.59,0.9855,14.9,2026-10-03T13:05:37.071216Z
WAF-0208,000207.npy,128x128 -> 256x256,completed,26.71,0.9861,15.7,2026-10-03T13:05:37.071216Z
WAF-0209,000208.npy,128x128 -> 256x256,completed,26.83,0.9867,16.5,2026-10-03T13:05:37.071216Z
WAF-0210,000209.npy,128x128 -> 256x256,completed,25.63,0.9873,17.3,2026-10-03T13:05:37.071216Z
WAF-0211,000210.npy,128x128 -> 256x256,completed,25.75,0.9837,12.5,2026-10-03T13:05:37.071216Z
WAF-0212,000211.npy,128x128 -> 256x256,completed,25.87,0.9843,13.3,2026-10-03T13:05:37.071216Z
WAF-0213,000212.npy,128x128 -> 256x256,completed,25.99,0.9849,14.1,2026-10-03T13:05:37.071216Z
WAF-0214,000213.npy,128x128 -> 256x256,completed,26.11,0.9855,14.9,2026-10-03T13:05:37.071216Z
WAF-0215,000214.npy,128x128 -> 256x256,completed,37.92,0.9431,15.7,2026-10-03T13:05:37.071216Z
WAF-0216,000215.npy,128x128 -> 256x256,completed,37.97,0.9562,16.5,2026-10-03T13:05:37.076796Z
WAF-0217,000216.npy,128x128 -> 256x256,completed,26.47,0.9873,17.3,2026-10-03T13:05:37.076796Z
WAF-0218,000217.npy,128x128 -> 256x256,completed,29.89,0.8184,12.5,2026-10-03T13:05:37.076796Z
WAF-0219,000218.npy,128x128 -> 256x256,completed,26.71,0.9843,13.3,2026-10-03T13:05:37.076796Z
WAF-0220,000219.npy,128x128 -> 256x256,completed,26.83,0.9849,14.1,2026-10-03T13:05:37.076796Z
WAF-0221,000220.npy,128x128 -> 256x256,completed,25.63,0.9855,14.9,2026-10-03T13:05:37.076796Z
WAF-0222,000221.npy,128x128 -> 256x256,completed,25.75,0.9861,15.7,2026-10-03T13:05:37.076796Z
WAF-0223,000222.npy,128x128 -> 256x256,completed,25.87,0.9867,16.5,2026-10-03T13:05:37.076796Z
WAF-0224,000223.npy,128x128 -> 256x256,completed,25.99,0.9873,17.3,2026-10-03T13:05:37.076796Z
WAF-0225,000224.npy,128x128 -> 256x256,completed,26.11,0.9837,12.5,2026-10-03T13:05:37.076796Z
WAF-0226,000225.npy,128x128 -> 256x256,completed,26.23,0.9843,13.3,2026-10-03T13:05:37.076796Z
WAF-0227,000226.npy,128x128 -> 256x256,completed,26.35,0.9849,14.1,2026-10-03T13:05:37.076796Z
WAF-0228,000227.npy,128x128 -> 256x256,completed,26.47,0.9855,14.9,2026-10-03T13:05:37.076796Z
WAF-0229,000228.npy,128x128 -> 256x256,completed,26.59,0.9861,15.7,2026-10-03T13:05:37.076796Z
WAF-0230,000229.npy,128x128 -> 256x256,completed,26.71,0.9867,16.5,2026-10-03T13:05:37.076796Z
WAF-0231,000230.npy,128x128 -> 256x256,completed,26.83,0.9873,17.3,2026-10-03T13:05:37.076796Z
WAF-0232,000231.npy,128x128 -> 256x256,completed,25.63,0.9837,12.5,2026-10-03T13:05:37.076796Z
WAF-0233,000232.npy,128x128 -> 256x256,completed,25.75,0.9843,13.3,2026-10-03T13:05:37.076796Z
WAF-0234,000233.npy,128x128 -> 256x256,completed,25.87,0.9849,14.1,2026-10-03T13:05:37.076796Z
WAF-0235,000234.npy,128x128 -> 256x256,completed,25.99,0.9855,14.9,2026-10-03T13:05:37.084386Z
WAF-0236,000235.npy,128x128 -> 256x256,completed,26.11,0.9861,15.7,2026-10-03T13:05:37.084386Z
WAF-0237,000236.npy,128x128 -> 256x256,completed,28.59,0.8136,16.5,2026-10-03T13:05:37.084386Z
WAF-0238,000237.npy,128x128 -> 256x256,completed,26.35,0.9873,17.3,2026-10-03T13:05:37.084386Z
WAF-0239,000238.npy,128x128 -> 256x256,completed,26.47,0.9837,12.5,2026-10-03T13:05:37.084386Z
WAF-0240,000239.npy,128x128 -> 256x256,completed,26.59,0.9843,13.3,2026-10-03T13:05:37.084386Z
WAF-0241,000240.npy,128x128 -> 256x256,completed,26.71,0.9849,14.1,2026-10-03T13:05:37.084386Z
WAF-0242,000241.npy,128x128 -> 256x256,completed,26.83,0.9855,14.9,2026-10-03T13:05:37.084386Z
WAF-0243,000242.npy,128x128 -> 256x256,completed,25.63,0.9861,15.7,2026-10-03T13:05:37.084386Z
WAF-0244,000243.npy,128x128 -> 256x256,completed,37.14,0.9706,16.5,2026-10-03T13:05:37.084386Z
WAF-0245,000244.npy,128x128 -> 256x256,completed,25.87,0.9873,17.3,2026-10-03T13:05:37.084386Z
WAF-0246,000245.npy,128x128 -> 256x256,completed,25.99,0.9837,12.5,2026-10-03T13:05:37.084386Z
WAF-0247,000246.npy,128x128 -> 256x256,completed,26.11,0.9843,13.3,2026-10-03T13:05:37.084386Z
WAF-0248,000247.npy,128x128 -> 256x256,completed,26.23,0.9849,14.1,2026-10-03T13:05:37.084386Z
WAF-0249,000248.npy,128x128 -> 256x256,completed,26.35,0.9855,14.9,2026-10-03T13:05:37.084386Z
WAF-0250,000249.npy,128x128 -> 256x256,completed,26.47,0.9861,15.7,2026-10-03T13:05:37.084386Z
WAF-0251,000250.npy,128x128 -> 256x256,completed,26.59,0.9867,16.5,2026-10-03T13:05:37.084386Z
WAF-0252,000251.npy,128x128 -> 256x256,completed,26.71,0.9873,17.3,2026-10-03T13:05:37.084386Z
WAF-0253,000252.npy,128x128 -> 256x256,completed,26.83,0.9837,12.5,2026-10-03T13:05:37.084386Z
WAF-0254,000253.npy,128x128 -> 256x256,completed,25.63,0.9843,13.3,2026-10-03T13:05:37.084386Z
WAF-0255,000254.npy,128x128 -> 256x256,completed,25.75,0.9849,14.1,2026-10-03T13:05:37.084386Z
WAF-0256,000255.npy,128x128 -> 256x256,completed,25.87,0.9855,14.9,2026-10-03T13:05:37.084386Z
WAF-0257,000256.npy,128x128 -> 256x256,completed,25.99,0.9861,15.7,2026-10-03T13:05:37.084386Z
WAF-0258,000257.npy,128x128 -> 256x256,completed,26.11,0.9867,16.5,2026-10-03T13:05:37.084386Z
WAF-0259,000258.npy,128x128 -> 256x256,completed,26.23,0.9873,17.3,2026-10-03T13:05:37.084386Z
WAF-0260,000259.npy,128x128 -> 256x256,completed,26.35,0.9837,12.5,2026-10-03T13:05:37.084386Z
WAF-0261,000260.npy,128x128 -> 256x256,completed,26.47,0.9843,13.3,2026-10-03T13:05:37.084386Z
WAF-0262,000261.npy,128x128 -> 256x256,completed,26.59,0.9849,14.1,2026-10-03T13:05:37.084386Z
WAF-0263,000262.npy,128x128 -> 256x256,completed,26.71,0.9855,14.9,2026-10-03T13:05:37.084386Z
WAF-0264,000263.npy,128x128 -> 256x256,completed,26.83,0.9861,15.7,2026-10-03T13:05:37.084386Z
WAF-0265,000264.npy,128x128 -> 256x256,completed,25.63,0.9867,16.5,2026-10-03T13:05:37.092622Z
WAF-0266,000265.npy,128x128 -> 256x256,completed,25.75,0.9873,17.3,2026-10-03T13:05:37.092622Z
WAF-0267,000266.npy,128x128 -> 256x256,completed,25.87,0.9837,12.5,2026-10-03T13:05:37.092622Z
WAF-0268,000267.npy,128x128 -> 256x256,completed,25.99,0.9843,13.3,2026-10-03T13:05:37.092622Z
WAF-0269,000268.npy,128x128 -> 256x256,completed,26.11,0.9849,14.1,2026-10-03T13:05:37.092622Z
WAF-0270,000269.npy,128x128 -> 256x256,completed,26.23,0.9855,14.9,2026-10-03T13:05:37.092622Z
WAF-0271,000270.npy,128x128 -> 256x256,completed,26.35,0.9861,15.7,2026-10-03T13:05:37.092622Z
WAF-0272,000271.npy,128x128 -> 256x256,completed,26.47,0.9867,16.5,2026-10-03T13:05:37.095233Z
WAF-0273,000272.npy,128x128 -> 256x256,completed,20.43,0.7454,17.3,2026-10-03T13:05:37.095233Z
WAF-0274,000273.npy,128x128 -> 256x256,completed,26.71,0.9837,12.5,2026-10-03T13:05:37.095233Z
WAF-0275,000274.npy,128x128 -> 256x256,completed,26.83,0.9843,13.3,2026-10-03T13:05:37.095233Z
WAF-0276,000275.npy,128x128 -> 256x256,completed,25.63,0.9849,14.1,2026-10-03T13:05:37.095233Z
WAF-0277,000276.npy,128x128 -> 256x256,completed,25.75,0.9855,14.9,2026-10-03T13:05:37.095233Z
WAF-0278,000277.npy,128x128 -> 256x256,completed,25.87,0.9861,15.7,2026-10-03T13:05:37.095233Z
WAF-0279,000278.npy,128x128 -> 256x256,completed,25.99,0.9867,16.5,2026-10-03T13:05:37.095233Z
WAF-0280,000279.npy,128x128 -> 256x256,completed,26.11,0.9873,17.3,2026-10-03T13:05:37.095233Z
WAF-0281,000280.npy,128x128 -> 256x256,completed,26.23,0.9837,12.5,2026-10-03T13:05:37.095233Z
WAF-0282,000281.npy,128x128 -> 256x256,completed,26.35,0.9843,13.3,2026-10-03T13:05:37.095233Z
WAF-0283,000282.npy,128x128 -> 256x256,completed,26.47,0.9849,14.1,2026-10-03T13:05:37.095233Z
WAF-0284,000283.npy,128x128 -> 256x256,completed,26.59,0.9855,14.9,2026-10-03T13:05:37.100649Z
WAF-0285,000284.npy,128x128 -> 256x256,completed,26.71,0.9861,15.7,2026-10-03T13:05:37.100649Z
WAF-0286,000285.npy,128x128 -> 256x256,completed,26.83,0.9867,16.5,2026-10-03T13:05:37.100649Z
WAF-0287,000286.npy,128x128 -> 256x256,completed,25.63,0.9873,17.3,2026-10-03T13:05:37.100649Z
WAF-0288,000287.npy,128x128 -> 256x256,completed,25.75,0.9837,12.5,2026-10-03T13:05:37.100649Z
WAF-0289,000288.npy,128x128 -> 256x256,completed,25.87,0.9843,13.3,2026-10-03T13:05:37.100649Z
WAF-0290,000289.npy,128x128 -> 256x256,completed,25.99,0.9849,14.1,2026-10-03T13:05:37.100649Z
WAF-0291,000290.npy,128x128 -> 256x256,completed,26.11,0.9855,14.9,2026-10-03T13:05:37.100649Z
WAF-0292,000291.npy,128x128 -> 256x256,completed,26.23,0.9861,15.7,2026-10-03T13:05:37.100649Z
WAF-0293,000292.npy,128x128 -> 256x256,completed,26.35,0.9867,16.5,2026-10-03T13:05:37.100649Z
WAF-0294,000293.npy,128x128 -> 256x256,completed,26.47,0.9873,17.3,2026-10-03T13:05:37.100649Z
WAF-0295,000294.npy,128x128 -> 256x256,completed,26.59,0.9837,12.5,2026-10-03T13:05:37.100649Z
WAF-0296,000295.npy,128x128 -> 256x256,completed,26.71,0.9843,13.3,2026-10-03T13:05:37.100649Z
WAF-0297,000296.npy,128x128 -> 256x256,completed,26.83,0.9849,14.1,2026-10-03T13:05:37.100649Z
WAF-0298,000297.npy,128x128 -> 256x256,completed,25.63,0.9855,14.9,2026-10-03T13:05:37.100649Z
WAF-0299,000298.npy,128x128 -> 256x256,completed,25.75,0.9861,15.7,2026-10-03T13:05:37.100649Z
WAF-0300,000299.npy,128x128 -> 256x256,completed,25.87,0.9867,16.5,2026-10-03T13:05:37.100649Z
WAF-0301,000300.npy,128x128 -> 256x256,completed,25.99,0.9873,17.3,2026-10-03T13:05:37.100649Z
WAF-0302,000301.npy,128x128 -> 256x256,completed,26.11,0.9837,12.5,2026-10-03T13:05:37.100649Z
WAF-0303,000302.npy,128x128 -> 256x256,completed,26.23,0.9843,13.3,2026-10-03T13:05:37.100649Z
WAF-0304,000303.npy,128x128 -> 256x256,completed,26.35,0.9849,14.1,2026-10-03T13:05:37.100649Z
WAF-0305,000304.npy,128x128 -> 256x256,completed,26.47,0.9855,14.9,2026-10-03T13:05:37.100649Z
WAF-0306,000305.npy,128x128 -> 256x256,completed,26.59,0.9861,15.7,2026-10-03T13:05:37.100649Z
WAF-0307,000306.npy,128x128 -> 256x256,completed,26.71,0.9867,16.5,2026-10-03T13:05:37.100649Z
WAF-0308,000307.npy,128x128 -> 256x256,completed,26.83,0.9873,17.3,2026-10-03T13:05:37.100649Z
WAF-0309,000308.npy,128x128 -> 256x256,completed,25.63,0.9837,12.5,2026-10-03T13:05:37.100649Z
WAF-0310,000309.npy,128x128 -> 256x256,completed,25.75,0.9843,13.3,2026-10-03T13:05:37.100649Z
WAF-0311,000310.npy,128x128 -> 256x256,completed,27.19,0.7292,14.1,2026-10-03T13:05:37.100649Z
WAF-0312,000311.npy,128x128 -> 256x256,completed,25.99,0.9855,14.9,2026-10-03T13:05:37.100649Z
WAF-0313,000312.npy,128x128 -> 256x256,completed,26.11,0.9861,15.7,2026-10-03T13:05:37.100649Z
WAF-0314,000313.npy,128x128 -> 256x256,completed,26.23,0.9867,16.5,2026-10-03T13:05:37.100649Z
WAF-0315,000314.npy,128x128 -> 256x256,completed,26.35,0.9873,17.3,2026-10-03T13:05:37.100649Z
WAF-0316,000315.npy,128x128 -> 256x256,completed,26.47,0.9837,12.5,2026-10-03T13:05:37.100649Z
WAF-0317,000316.npy,128x128 -> 256x256,completed,26.59,0.9843,13.3,2026-10-03T13:05:37.108748Z
WAF-0318,000317.npy,128x128 -> 256x256,completed,26.71,0.9849,14.1,2026-10-03T13:05:37.108748Z
WAF-0319,000318.npy,128x128 -> 256x256,completed,26.83,0.9855,14.9,2026-10-03T13:05:37.109663Z
WAF-0320,000319.npy,128x128 -> 256x256,completed,24.04,0.6998,15.7,2026-10-03T13:05:37.110031Z
WAF-0321,000320.npy,128x128 -> 256x256,completed,25.75,0.9867,16.5,2026-10-03T13:05:37.110318Z
WAF-0322,000321.npy,128x128 -> 256x256,completed,25.87,0.9873,17.3,2026-10-03T13:05:37.110587Z
WAF-0323,000322.npy,128x128 -> 256x256,completed,25.99,0.9837,12.5,2026-10-03T13:05:37.110587Z
WAF-0324,000323.npy,128x128 -> 256x256,completed,26.11,0.9843,13.3,2026-10-03T13:05:37.110587Z
WAF-0325,000324.npy,128x128 -> 256x256,completed,26.23,0.9849,14.1,2026-10-03T13:05:37.110587Z
WAF-0326,000325.npy,128x128 -> 256x256,completed,26.35,0.9855,14.9,2026-10-03T13:05:37.110587Z
WAF-0327,000326.npy,128x128 -> 256x256,completed,26.47,0.9861,15.7,2026-10-03T13:05:37.110587Z
WAF-0328,000327.npy,128x128 -> 256x256,completed,26.59,0.9867,16.5,2026-10-03T13:05:37.110587Z
WAF-0329,000328.npy,128x128 -> 256x256,completed,26.71,0.9873,17.3,2026-10-03T13:05:37.110587Z
WAF-0330,000329.npy,128x128 -> 256x256,completed,26.83,0.9837,12.5,2026-10-03T13:05:37.110587Z
WAF-0331,000330.npy,128x128 -> 256x256,completed,25.63,0.9843,13.3,2026-10-03T13:05:37.110587Z
WAF-0332,000331.npy,128x128 -> 256x256,completed,25.75,0.9849,14.1,2026-10-03T13:05:37.110587Z
WAF-0333,000332.npy,128x128 -> 256x256,completed,25.87,0.9855,14.9,2026-10-03T13:05:37.110587Z
WAF-0334,000333.npy,128x128 -> 256x256,completed,26.09,0.7781,15.7,2026-10-03T13:05:37.116793Z
WAF-0335,000334.npy,128x128 -> 256x256,completed,26.57,0.7934,16.5,2026-10-03T13:05:37.116793Z
WAF-0336,000335.npy,128x128 -> 256x256,completed,26.23,0.9873,17.3,2026-10-03T13:05:37.116793Z
WAF-0337,000336.npy,128x128 -> 256x256,completed,26.35,0.9837,12.5,2026-10-03T13:05:37.116793Z
WAF-0338,000337.npy,128x128 -> 256x256,completed,26.47,0.9843,13.3,2026-10-03T13:05:37.116793Z
WAF-0339,000338.npy,128x128 -> 256x256,completed,26.59,0.9849,14.1,2026-10-03T13:05:37.116793Z
WAF-0340,000339.npy,128x128 -> 256x256,completed,26.71,0.9855,14.9,2026-10-03T13:05:37.116793Z
WAF-0341,000340.npy,128x128 -> 256x256,completed,26.83,0.9861,15.7,2026-10-03T13:05:37.116793Z
WAF-0342,000341.npy,128x128 -> 256x256,completed,25.63,0.9867,16.5,2026-10-03T13:05:37.116793Z
WAF-0343,000342.npy,128x128 -> 256x256,completed,30.51,0.8453,17.3,2026-10-03T13:05:37.116793Z
WAF-0344,000343.npy,128x128 -> 256x256,completed,25.87,0.9837,12.5,2026-10-03T13:05:37.116793Z
WAF-0345,000344.npy,128x128 -> 256x256,completed,25.99,0.9843,13.3,2026-10-03T13:05:37.116793Z
WAF-0346,000345.npy,128x128 -> 256x256,completed,26.11,0.9849,14.1,2026-10-03T13:05:37.116793Z
WAF-0347,000346.npy,128x128 -> 256x256,completed,28.54,0.841,14.9,2026-10-03T13:05:37.116793Z
WAF-0348,000347.npy,128x128 -> 256x256,completed,26.35,0.9861,15.7,2026-10-03T13:05:37.116793Z
WAF-0349,000348.npy,128x128 -> 256x256,completed,26.47,0.9867,16.5,2026-10-03T13:05:37.116793Z
WAF-0350,000349.npy,128x128 -> 256x256,completed,26.89,0.7309,17.3,2026-10-03T13:05:37.116793Z
WAF-0351,000350.npy,128x128 -> 256x256,completed,26.71,0.9837,12.5,2026-10-03T13:05:37.116793Z
WAF-0352,000351.npy,128x128 -> 256x256,completed,26.83,0.9843,13.3,2026-10-03T13:05:37.116793Z
WAF-0353,000352.npy,128x128 -> 256x256,completed,25.63,0.9849,14.1,2026-10-03T13:05:37.116793Z
WAF-0354,000353.npy,128x128 -> 256x256,completed,25.75,0.9855,14.9,2026-10-03T13:05:37.116793Z
WAF-0355,000354.npy,128x128 -> 256x256,completed,25.87,0.9861,15.7,2026-10-03T13:05:37.116793Z
WAF-0356,000355.npy,128x128 -> 256x256,completed,25.99,0.9867,16.5,2026-10-03T13:05:37.116793Z
WAF-0357,000356.npy,128x128 -> 256x256,completed,26.11,0.9873,17.3,2026-10-03T13:05:37.116793Z
WAF-0358,000357.npy,128x128 -> 256x256,completed,26.23,0.9837,12.5,2026-10-03T13:05:37.116793Z
WAF-0359,000358.npy,128x128 -> 256x256,completed,26.35,0.9843,13.3,2026-10-03T13:05:37.124931Z
WAF-0360,000359.npy,128x128 -> 256x256,completed,26.47,0.9849,14.1,2026-10-03T13:05:37.124931Z
WAF-0361,000360.npy,128x128 -> 256x256,completed,26.59,0.9855,14.9,2026-10-03T13:05:37.124931Z
WAF-0362,000361.npy,128x128 -> 256x256,completed,26.71,0.9861,15.7,2026-10-03T13:05:37.124931Z
WAF-0363,000362.npy,128x128 -> 256x256,completed,26.83,0.9867,16.5,2026-10-03T13:05:37.124931Z
WAF-0364,000363.npy,128x128 -> 256x256,completed,29.93,0.7515,17.3,2026-10-03T13:05:37.124931Z
WAF-0365,000364.npy,128x128 -> 256x256,completed,25.75,0.9837,12.5,2026-10-03T13:05:37.124931Z
WAF-0366,000365.npy,128x128 -> 256x256,completed,29.92,0.8707,13.3,2026-10-03T13:05:37.124931Z
WAF-0367,000366.npy,128x128 -> 256x256,completed,29.62,0.8681,14.1,2026-10-03T13:05:37.124931Z
WAF-0368,000367.npy,128x128 -> 256x256,completed,29.73,0.8694,14.9,2026-10-03T13:05:37.124931Z
WAF-0369,000368.npy,128x128 -> 256x256,completed,26.23,0.9861,15.7,2026-10-03T13:05:37.124931Z
WAF-0370,000369.npy,128x128 -> 256x256,completed,26.35,0.9867,16.5,2026-10-03T13:05:37.124931Z
WAF-0371,000370.npy,128x128 -> 256x256,completed,26.47,0.9873,17.3,2026-10-03T13:05:37.124931Z
WAF-0372,000371.npy,128x128 -> 256x256,completed,26.59,0.9837,12.5,2026-10-03T13:05:37.124931Z
WAF-0373,000372.npy,128x128 -> 256x256,completed,26.71,0.9843,13.3,2026-10-03T13:05:37.124931Z
WAF-0374,000373.npy,128x128 -> 256x256,completed,26.83,0.9849,14.1,2026-10-03T13:05:37.133682Z
WAF-0375,000374.npy,128x128 -> 256x256,completed,25.63,0.9855,14.9,2026-10-03T13:05:37.133682Z
WAF-0376,000375.npy,128x128 -> 256x256,completed,20.43,0.6055,15.7,2026-10-03T13:05:37.134570Z
WAF-0377,000376.npy,128x128 -> 256x256,completed,25.87,0.9867,16.5,2026-10-03T13:05:37.134952Z
WAF-0378,000377.npy,128x128 -> 256x256,completed,25.99,0.9873,17.3,2026-10-03T13:05:37.135334Z
WAF-0379,000378.npy,128x128 -> 256x256,completed,26.11,0.9837,12.5,2026-10-03T13:05:37.135630Z
WAF-0380,000379.npy,128x128 -> 256x256,completed,26.23,0.9843,13.3,2026-10-03T13:05:37.135630Z
WAF-0381,000380.npy,128x128 -> 256x256,completed,28.37,0.8816,14.1,2026-10-03T13:05:37.135630Z
WAF-0382,000381.npy,128x128 -> 256x256,completed,26.47,0.9855,14.9,2026-10-03T13:05:37.135630Z
WAF-0383,000382.npy,128x128 -> 256x256,completed,26.59,0.9861,15.7,2026-10-03T13:05:37.135630Z
WAF-0384,000383.npy,128x128 -> 256x256,completed,26.71,0.9867,16.5,2026-10-03T13:05:37.135630Z
WAF-0385,000384.npy,128x128 -> 256x256,completed,26.83,0.9873,17.3,2026-10-03T13:05:37.135630Z
WAF-0386,000385.npy,128x128 -> 256x256,completed,25.63,0.9837,12.5,2026-10-03T13:05:37.135630Z
WAF-0387,000386.npy,128x128 -> 256x256,completed,25.75,0.9843,13.3,2026-10-03T13:05:37.135630Z
WAF-0388,000387.npy,128x128 -> 256x256,completed,21.68,0.447,14.1,2026-10-03T13:05:37.135630Z
WAF-0389,000388.npy,128x128 -> 256x256,completed,25.99,0.9855,14.9,2026-10-03T13:05:37.135630Z
WAF-0390,000389.npy,128x128 -> 256x256,completed,26.11,0.9861,15.7,2026-10-03T13:05:37.135630Z
WAF-0391,000390.npy,128x128 -> 256x256,completed,33.15,0.9368,16.5,2026-10-03T13:05:37.135630Z
WAF-0392,000391.npy,128x128 -> 256x256,completed,26.35,0.9873,17.3,2026-10-03T13:05:37.135630Z
WAF-0393,000392.npy,128x128 -> 256x256,completed,26.47,0.9837,12.5,2026-10-03T13:05:37.135630Z
WAF-0394,000393.npy,128x128 -> 256x256,completed,26.59,0.9843,13.3,2026-10-03T13:05:37.135630Z
WAF-0395,000394.npy,128x128 -> 256x256,completed,32.78,0.7842,14.1,2026-10-03T13:05:37.135630Z
WAF-0396,000395.npy,128x128 -> 256x256,completed,26.83,0.9855,14.9,2026-10-03T13:05:37.135630Z
WAF-0397,000396.npy,128x128 -> 256x256,completed,25.63,0.9861,15.7,2026-10-03T13:05:37.141275Z
WAF-0398,000397.npy,128x128 -> 256x256,completed,25.75,0.9867,16.5,2026-10-03T13:05:37.141275Z
WAF-0399,000398.npy,128x128 -> 256x256,completed,22.29,0.2121,17.3,2026-10-03T13:05:37.141275Z
WAF-0400,000399.npy,128x128 -> 256x256,completed,21.24,0.1903,12.5,2026-10-03T13:05:37.141275Z
WAF-0401,000400.npy,128x128 -> 256x256,completed,34.14,0.9535,13.3,2026-10-03T13:05:37.141275Z
WAF-0402,000401.npy,128x128 -> 256x256,completed,26.23,0.9849,14.1,2026-10-03T13:05:37.141275Z
WAF-0403,000402.npy,128x128 -> 256x256,completed,26.35,0.9855,14.9,2026-10-03T13:05:37.141275Z
WAF-0404,000403.npy,128x128 -> 256x256,completed,26.47,0.9861,15.7,2026-10-03T13:05:37.141275Z
WAF-0405,000404.npy,128x128 -> 256x256,completed,26.59,0.9867,16.5,2026-10-03T13:05:37.141275Z
WAF-0406,000405.npy,128x128 -> 256x256,completed,26.71,0.9873,17.3,2026-10-03T13:05:37.141275Z
WAF-0407,000406.npy,128x128 -> 256x256,completed,26.83,0.9837,12.5,2026-10-03T13:05:37.141275Z
WAF-0408,000407.npy,128x128 -> 256x256,completed,15.26,0.3422,13.3,2026-10-03T13:05:37.141275Z
WAF-0409,000408.npy,128x128 -> 256x256,completed,25.75,0.9849,14.1,2026-10-03T13:05:37.141275Z
WAF-0410,000409.npy,128x128 -> 256x256,completed,25.87,0.9855,14.9,2026-10-03T13:05:37.141275Z
WAF-0411,000410.npy,128x128 -> 256x256,completed,25.99,0.9861,15.7,2026-10-03T13:05:37.145245Z
WAF-0412,000411.npy,128x128 -> 256x256,completed,26.11,0.9867,16.5,2026-10-03T13:05:37.145245Z
WAF-0413,000412.npy,128x128 -> 256x256,completed,26.23,0.9873,17.3,2026-10-03T13:05:37.145245Z
WAF-0414,000413.npy,128x128 -> 256x256,completed,26.35,0.9837,12.5,2026-10-03T13:05:37.146613Z
WAF-0415,000414.npy,128x128 -> 256x256,completed,21.46,0.6125,13.3,2026-10-03T13:05:37.146613Z
WAF-0416,000415.npy,128x128 -> 256x256,completed,26.59,0.9849,14.1,2026-10-03T13:05:37.146613Z
WAF-0417,000416.npy,128x128 -> 256x256,completed,26.71,0.9855,14.9,2026-10-03T13:05:37.146613Z
WAF-0418,000417.npy,128x128 -> 256x256,completed,26.83,0.9861,15.7,2026-10-03T13:05:37.146613Z
WAF-0419,000418.npy,128x128 -> 256x256,completed,25.63,0.9867,16.5,2026-10-03T13:05:37.149543Z
WAF-0420,000419.npy,128x128 -> 256x256,completed,25.75,0.9873,17.3,2026-10-03T13:05:37.150053Z
WAF-0421,000420.npy,128x128 -> 256x256,completed,25.87,0.9837,12.5,2026-10-03T13:05:37.150053Z
WAF-0422,000421.npy,128x128 -> 256x256,completed,25.99,0.9843,13.3,2026-10-03T13:05:37.150053Z
WAF-0423,000422.npy,128x128 -> 256x256,completed,26.11,0.9849,14.1,2026-10-03T13:05:37.150053Z
WAF-0424,000423.npy,128x128 -> 256x256,completed,26.23,0.9855,14.9,2026-10-03T13:05:37.150053Z
WAF-0425,000424.npy,128x128 -> 256x256,completed,26.35,0.9861,15.7,2026-10-03T13:05:37.150053Z
WAF-0426,000425.npy,128x128 -> 256x256,completed,26.47,0.9867,16.5,2026-10-03T13:05:37.150053Z
WAF-0427,000426.npy,128x128 -> 256x256,completed,26.59,0.9873,17.3,2026-10-03T13:05:37.150053Z
WAF-0428,000427.npy,128x128 -> 256x256,completed,26.71,0.9837,12.5,2026-10-03T13:05:37.153711Z
WAF-0429,000428.npy,128x128 -> 256x256,completed,26.83,0.9843,13.3,2026-10-03T13:05:37.154015Z
WAF-0430,000429.npy,128x128 -> 256x256,completed,25.63,0.9849,14.1,2026-10-03T13:05:37.154382Z
WAF-0431,000430.npy,128x128 -> 256x256,completed,25.75,0.9855,14.9,2026-10-03T13:05:37.154382Z
WAF-0432,000431.npy,128x128 -> 256x256,completed,25.87,0.9861,15.7,2026-10-03T13:05:37.155306Z
WAF-0433,000432.npy,128x128 -> 256x256,completed,25.99,0.9867,16.5,2026-10-03T13:05:37.155625Z
WAF-0434,000433.npy,128x128 -> 256x256,completed,26.11,0.9873,17.3,2026-10-03T13:05:37.155938Z
WAF-0435,000434.npy,128x128 -> 256x256,completed,26.23,0.9837,12.5,2026-10-03T13:05:37.155938Z
WAF-0436,000435.npy,128x128 -> 256x256,completed,26.35,0.9843,13.3,2026-10-03T13:05:37.155938Z
WAF-0437,000436.npy,128x128 -> 256x256,completed,26.47,0.9849,14.1,2026-10-03T13:05:37.155938Z
WAF-0438,000437.npy,128x128 -> 256x256,completed,26.59,0.9855,14.9,2026-10-03T13:05:37.155938Z
WAF-0439,000438.npy,128x128 -> 256x256,completed,26.71,0.9861,15.7,2026-10-03T13:05:37.157687Z
WAF-0440,000439.npy,128x128 -> 256x256,completed,26.83,0.9867,16.5,2026-10-03T13:05:37.157687Z
WAF-0441,000440.npy,128x128 -> 256x256,completed,25.63,0.9873,17.3,2026-10-03T13:05:37.157687Z
WAF-0442,000441.npy,128x128 -> 256x256,completed,25.75,0.9837,12.5,2026-10-03T13:05:37.157687Z
WAF-0443,000442.npy,128x128 -> 256x256,completed,25.87,0.9843,13.3,2026-10-03T13:05:37.157687Z
WAF-0444,000443.npy,128x128 -> 256x256,completed,30.85,0.8623,14.1,2026-10-03T13:05:37.157687Z
WAF-0445,000444.npy,128x128 -> 256x256,completed,26.11,0.9855,14.9,2026-10-03T13:05:37.157687Z
WAF-0446,000445.npy,128x128 -> 256x256,completed,29.36,0.8195,15.7,2026-10-03T13:05:37.157687Z
WAF-0447,000446.npy,128x128 -> 256x256,completed,29.37,0.8044,16.5,2026-10-03T13:05:37.157687Z
WAF-0448,000447.npy,128x128 -> 256x256,completed,26.47,0.9873,17.3,2026-10-03T13:05:37.157687Z
WAF-0449,000448.npy,128x128 -> 256x256,completed,26.59,0.9837,12.5,2026-10-03T13:05:37.163631Z
WAF-0450,000449.npy,128x128 -> 256x256,completed,26.71,0.9843,13.3,2026-10-03T13:05:37.163631Z
WAF-0451,000450.npy,128x128 -> 256x256,completed,26.83,0.9849,14.1,2026-10-03T13:05:37.163631Z
WAF-0452,000451.npy,128x128 -> 256x256,completed,25.63,0.9855,14.9,2026-10-03T13:05:37.163631Z
WAF-0453,000452.npy,128x128 -> 256x256,completed,25.75,0.9861,15.7,2026-10-03T13:05:37.163631Z
WAF-0454,000453.npy,128x128 -> 256x256,completed,25.87,0.9867,16.5,2026-10-03T13:05:37.163631Z
WAF-0455,000454.npy,128x128 -> 256x256,completed,25.99,0.9873,17.3,2026-10-03T13:05:37.165643Z
WAF-0456,000455.npy,128x128 -> 256x256,completed,24.26,0.48,12.5,2026-10-03T13:05:37.165643Z
WAF-0457,000456.npy,128x128 -> 256x256,completed,26.23,0.9843,13.3,2026-10-03T13:05:37.165643Z
WAF-0458,000457.npy,128x128 -> 256x256,completed,26.35,0.9849,14.1,2026-10-03T13:05:37.165643Z
WAF-0459,000458.npy,128x128 -> 256x256,completed,26.47,0.9855,14.9,2026-10-03T13:05:37.165643Z
WAF-0460,000459.npy,128x128 -> 256x256,completed,26.59,0.9861,15.7,2026-10-03T13:05:37.165643Z
WAF-0461,000460.npy,128x128 -> 256x256,completed,26.71,0.9867,16.5,2026-10-03T13:05:37.165643Z
WAF-0462,000461.npy,128x128 -> 256x256,completed,26.83,0.9873,17.3,2026-10-03T13:05:37.165643Z
WAF-0463,000462.npy,128x128 -> 256x256,completed,25.63,0.9837,12.5,2026-10-03T13:05:37.165643Z
WAF-0464,000463.npy,128x128 -> 256x256,completed,25.75,0.9843,13.3,2026-10-03T13:05:37.165643Z
WAF-0465,000464.npy,128x128 -> 256x256,completed,25.87,0.9849,14.1,2026-10-03T13:05:37.165643Z
WAF-0466,000465.npy,128x128 -> 256x256,completed,25.99,0.9855,14.9,2026-10-03T13:05:37.165643Z
WAF-0467,000466.npy,128x128 -> 256x256,completed,26.11,0.9861,15.7,2026-10-03T13:05:37.165643Z
WAF-0468,000467.npy,128x128 -> 256x256,completed,26.23,0.9867,16.5,2026-10-03T13:05:37.165643Z
WAF-0469,000468.npy,128x128 -> 256x256,completed,26.35,0.9873,17.3,2026-10-03T13:05:37.165643Z
WAF-0470,000469.npy,128x128 -> 256x256,completed,26.47,0.9837,12.5,2026-10-03T13:05:37.165643Z
WAF-0471,000470.npy,128x128 -> 256x256,completed,26.59,0.9843,13.3,2026-10-03T13:05:37.165643Z
WAF-0472,000471.npy,128x128 -> 256x256,completed,26.71,0.9849,14.1,2026-10-03T13:05:37.165643Z
WAF-0473,000472.npy,128x128 -> 256x256,completed,26.83,0.9855,14.9,2026-10-03T13:05:37.165643Z
WAF-0474,000473.npy,128x128 -> 256x256,completed,25.63,0.9861,15.7,2026-10-03T13:05:37.165643Z
WAF-0475,000474.npy,128x128 -> 256x256,completed,25.75,0.9867,16.5,2026-10-03T13:05:37.165643Z
WAF-0476,000475.npy,128x128 -> 256x256,completed,33.4,0.945,17.3,2026-10-03T13:05:37.165643Z
WAF-0477,000476.npy,128x128 -> 256x256,completed,25.99,0.9837,12.5,2026-10-03T13:05:37.165643Z
WAF-0478,000477.npy,128x128 -> 256x256,completed,26.11,0.9843,13.3,2026-10-03T13:05:37.173682Z
WAF-0479,000478.npy,128x128 -> 256x256,completed,26.23,0.9849,14.1,2026-10-03T13:05:37.173682Z
WAF-0480,000479.npy,128x128 -> 256x256,completed,26.35,0.9855,14.9,2026-10-03T13:05:37.173682Z
WAF-0481,000480.npy,128x128 -> 256x256,completed,26.47,0.9861,15.7,2026-10-03T13:05:37.173682Z
WAF-0482,000481.npy,128x128 -> 256x256,completed,26.59,0.9867,16.5,2026-10-03T13:05:37.173682Z
WAF-0483,000482.npy,128x128 -> 256x256,completed,26.71,0.9873,17.3,2026-10-03T13:05:37.173682Z
WAF-0484,000483.npy,128x128 -> 256x256,completed,26.83,0.9837,12.5,2026-10-03T13:05:37.173682Z
WAF-0485,000484.npy,128x128 -> 256x256,completed,25.63,0.9843,13.3,2026-10-03T13:05:37.173682Z
WAF-0486,000485.npy,128x128 -> 256x256,completed,25.75,0.9849,14.1,2026-10-03T13:05:37.173682Z
WAF-0487,000486.npy,128x128 -> 256x256,completed,25.87,0.9855,14.9,2026-10-03T13:05:37.173682Z
WAF-0488,000487.npy,128x128 -> 256x256,completed,25.99,0.9861,15.7,2026-10-03T13:05:37.173682Z
WAF-0489,000488.npy,128x128 -> 256x256,completed,26.11,0.9867,16.5,2026-10-03T13:05:37.173682Z
WAF-0490,000489.npy,128x128 -> 256x256,completed,26.23,0.9873,17.3,2026-10-03T13:05:37.173682Z
WAF-0491,000490.npy,128x128 -> 256x256,completed,26.35,0.9837,12.5,2026-10-03T13:05:37.173682Z
WAF-0492,000491.npy,128x128 -> 256x256,completed,26.47,0.9843,13.3,2026-10-03T13:05:37.173682Z
WAF-0493,000492.npy,128x128 -> 256x256,completed,26.59,0.9849,14.1,2026-10-03T13:05:37.179461Z
WAF-0494,000493.npy,128x128 -> 256x256,completed,26.71,0.9855,14.9,2026-10-03T13:05:37.179461Z
WAF-0495,000494.npy,128x128 -> 256x256,completed,26.83,0.9861,15.7,2026-10-03T13:05:37.179461Z
WAF-0496,000495.npy,128x128 -> 256x256,completed,25.63,0.9867,16.5,2026-10-03T13:05:37.179461Z
WAF-0497,000496.npy,128x128 -> 256x256,completed,18.89,0.7609,17.3,2026-10-03T13:05:37.179461Z
WAF-0498,000497.npy,128x128 -> 256x256,completed,25.87,0.9837,12.5,2026-10-03T13:05:37.179461Z
WAF-0499,000498.npy,128x128 -> 256x256,completed,25.99,0.9843,13.3,2026-10-03T13:05:37.179461Z
WAF-0500,000499.npy,128x128 -> 256x256,completed,23.82,0.6777,14.1,2026-10-03T13:05:37.179461Z
WAF-0501,000500.npy,128x128 -> 256x256,completed,26.23,0.9855,14.9,2026-10-03T13:05:37.179461Z
WAF-0502,000501.npy,128x128 -> 256x256,completed,26.35,0.9861,15.7,2026-10-03T13:05:37.181809Z
WAF-0503,000502.npy,128x128 -> 256x256,completed,26.41,0.6687,16.5,2026-10-03T13:05:37.181809Z
WAF-0504,000503.npy,128x128 -> 256x256,completed,26.59,0.9873,17.3,2026-10-03T13:05:37.181809Z
WAF-0505,000504.npy,128x128 -> 256x256,completed,26.98,0.8686,12.5,2026-10-03T13:05:37.181809Z
WAF-0506,000505.npy,128x128 -> 256x256,completed,26.83,0.9843,13.3,2026-10-03T13:05:37.181809Z
WAF-0507,000506.npy,128x128 -> 256x256,completed,25.63,0.9849,14.1,2026-10-03T13:05:37.181809Z
WAF-0508,000507.npy,128x128 -> 256x256,completed,25.75,0.9855,14.9,2026-10-03T13:05:37.181809Z
WAF-0509,000508.npy,128x128 -> 256x256,completed,25.87,0.9861,15.7,2026-10-03T13:05:37.181809Z
WAF-0510,000509.npy,128x128 -> 256x256,completed,25.99,0.9867,16.5,2026-10-03T13:05:37.181809Z
WAF-0511,000510.npy,128x128 -> 256x256,completed,26.11,0.9873,17.3,2026-10-03T13:05:37.181809Z
WAF-0512,000511.npy,128x128 -> 256x256,completed,26.23,0.9837,12.5,2026-10-03T13:05:37.181809Z
WAF-0513,000512.npy,128x128 -> 256x256,completed,26.35,0.9843,13.3,2026-10-03T13:05:37.181809Z
WAF-0514,000513.npy,128x128 -> 256x256,completed,26.47,0.9849,14.1,2026-10-03T13:05:37.181809Z
WAF-0515,000514.npy,128x128 -> 256x256,completed,26.59,0.9855,14.9,2026-10-03T13:05:37.181809Z
WAF-0516,000515.npy,128x128 -> 256x256,completed,26.71,0.9861,15.7,2026-10-03T13:05:37.181809Z
WAF-0517,000516.npy,128x128 -> 256x256,completed,26.83,0.9867,16.5,2026-10-03T13:05:37.181809Z
WAF-0518,000517.npy,128x128 -> 256x256,completed,25.63,0.9873,17.3,2026-10-03T13:05:37.181809Z
WAF-0519,000518.npy,128x128 -> 256x256,completed,25.75,0.9837,12.5,2026-10-03T13:05:37.181809Z
WAF-0520,000519.npy,128x128 -> 256x256,completed,25.87,0.9843,13.3,2026-10-03T13:05:37.181809Z
WAF-0521,000520.npy,128x128 -> 256x256,completed,25.99,0.9849,14.1,2026-10-03T13:05:37.181809Z
WAF-0522,000521.npy,128x128 -> 256x256,completed,26.11,0.9855,14.9,2026-10-03T13:05:37.181809Z
WAF-0523,000522.npy,128x128 -> 256x256,completed,26.23,0.9861,15.7,2026-10-03T13:05:37.181809Z
WAF-0524,000523.npy,128x128 -> 256x256,completed,26.35,0.9867,16.5,2026-10-03T13:05:37.181809Z
WAF-0525,000524.npy,128x128 -> 256x256,completed,26.47,0.9873,17.3,2026-10-03T13:05:37.181809Z
WAF-0526,000525.npy,128x128 -> 256x256,completed,26.59,0.9837,12.5,2026-10-03T13:05:37.181809Z
WAF-0527,000526.npy,128x128 -> 256x256,completed,26.71,0.9843,13.3,2026-10-03T13:05:37.181809Z
WAF-0528,000527.npy,128x128 -> 256x256,completed,26.83,0.9849,14.1,2026-10-03T13:05:37.181809Z
WAF-0529,000528.npy,128x128 -> 256x256,completed,32.54,0.8789,14.9,2026-10-03T13:05:37.181809Z
WAF-0530,000529.npy,128x128 -> 256x256,completed,23.77,0.8188,15.7,2026-10-03T13:05:37.181809Z
WAF-0531,000530.npy,128x128 -> 256x256,completed,23.49,0.7786,16.5,2026-10-03T13:05:37.181809Z
WAF-0532,000531.npy,128x128 -> 256x256,completed,25.99,0.9873,17.3,2026-10-03T13:05:37.181809Z
WAF-0533,000532.npy,128x128 -> 256x256,completed,26.11,0.9837,12.5,2026-10-03T13:05:37.181809Z
WAF-0534,000533.npy,128x128 -> 256x256,completed,26.23,0.9843,13.3,2026-10-03T13:05:37.181809Z
WAF-0535,000534.npy,128x128 -> 256x256,completed,26.35,0.9849,14.1,2026-10-03T13:05:37.181809Z
WAF-0536,000535.npy,128x128 -> 256x256,completed,26.47,0.9855,14.9,2026-10-03T13:05:37.181809Z
WAF-0537,000536.npy,128x128 -> 256x256,completed,26.59,0.9861,15.7,2026-10-03T13:05:37.181809Z
WAF-0538,000537.npy,128x128 -> 256x256,completed,26.71,0.9867,16.5,2026-10-03T13:05:37.181809Z
WAF-0539,000538.npy,128x128 -> 256x256,completed,26.83,0.9873,17.3,2026-10-03T13:05:37.181809Z
WAF-0540,000539.npy,128x128 -> 256x256,completed,35.07,0.9314,12.5,2026-10-03T13:05:37.189859Z
WAF-0541,000540.npy,128x128 -> 256x256,completed,25.75,0.9843,13.3,2026-10-03T13:05:37.189859Z
WAF-0542,000541.npy,128x128 -> 256x256,completed,25.87,0.9849,14.1,2026-10-03T13:05:37.189859Z
WAF-0543,000542.npy,128x128 -> 256x256,completed,25.99,0.9855,14.9,2026-10-03T13:05:37.189859Z
WAF-0544,000543.npy,128x128 -> 256x256,completed,26.11,0.9861,15.7,2026-10-03T13:05:37.189859Z
WAF-0545,000544.npy,128x128 -> 256x256,completed,26.23,0.9867,16.5,2026-10-03T13:05:37.189859Z
WAF-0546,000545.npy,128x128 -> 256x256,completed,26.35,0.9873,17.3,2026-10-03T13:05:37.189859Z
WAF-0547,000546.npy,128x128 -> 256x256,completed,26.47,0.9837,12.5,2026-10-03T13:05:37.189859Z
WAF-0548,000547.npy,128x128 -> 256x256,completed,26.59,0.9843,13.3,2026-10-03T13:05:37.189859Z
WAF-0549,000548.npy,128x128 -> 256x256,completed,26.71,0.9849,14.1,2026-10-03T13:05:37.189859Z
WAF-0550,000549.npy,128x128 -> 256x256,completed,26.83,0.9855,14.9,2026-10-03T13:05:37.189859Z
WAF-0551,000550.npy,128x128 -> 256x256,completed,25.63,0.9861,15.7,2026-10-03T13:05:37.189859Z
WAF-0552,000551.npy,128x128 -> 256x256,completed,25.75,0.9867,16.5,2026-10-03T13:05:37.189859Z
WAF-0553,000552.npy,128x128 -> 256x256,completed,24.98,0.848,17.3,2026-10-03T13:05:37.189859Z
WAF-0554,000553.npy,128x128 -> 256x256,completed,33.05,0.8691,12.5,2026-10-03T13:05:37.189859Z
WAF-0555,000554.npy,128x128 -> 256x256,completed,26.11,0.9843,13.3,2026-10-03T13:05:37.189859Z
WAF-0556,000555.npy,128x128 -> 256x256,completed,26.23,0.9849,14.1,2026-10-03T13:05:37.189859Z
WAF-0557,000556.npy,128x128 -> 256x256,completed,26.35,0.9855,14.9,2026-10-03T13:05:37.189859Z
WAF-0558,000557.npy,128x128 -> 256x256,completed,26.47,0.9861,15.7,2026-10-03T13:05:37.189859Z
WAF-0559,000558.npy,128x128 -> 256x256,completed,26.59,0.9867,16.5,2026-10-03T13:05:37.189859Z
WAF-0560,000559.npy,128x128 -> 256x256,completed,26.71,0.9873,17.3,2026-10-03T13:05:37.189859Z
WAF-0561,000560.npy,128x128 -> 256x256,completed,26.83,0.9837,12.5,2026-10-03T13:05:37.189859Z
WAF-0562,000561.npy,128x128 -> 256x256,completed,25.63,0.9843,13.3,2026-10-03T13:05:37.189859Z
WAF-0563,000562.npy,128x128 -> 256x256,completed,25.75,0.9849,14.1,2026-10-03T13:05:37.197949Z
WAF-0564,000563.npy,128x128 -> 256x256,completed,25.87,0.9855,14.9,2026-10-03T13:05:37.197949Z
WAF-0565,000564.npy,128x128 -> 256x256,completed,31.95,0.8371,15.7,2026-10-03T13:05:37.198805Z
WAF-0566,000565.npy,128x128 -> 256x256,completed,26.11,0.9867,16.5,2026-10-03T13:05:37.198805Z
WAF-0567,000566.npy,128x128 -> 256x256,completed,26.23,0.9873,17.3,2026-10-03T13:05:37.198805Z
WAF-0568,000567.npy,128x128 -> 256x256,completed,26.35,0.9837,12.5,2026-10-03T13:05:37.198805Z
WAF-0569,000568.npy,128x128 -> 256x256,completed,26.47,0.9843,13.3,2026-10-03T13:05:37.198805Z
WAF-0570,000569.npy,128x128 -> 256x256,completed,25.3,0.7567,14.1,2026-10-03T13:05:37.198805Z
WAF-0571,000570.npy,128x128 -> 256x256,completed,26.71,0.9855,14.9,2026-10-03T13:05:37.198805Z
WAF-0572,000571.npy,128x128 -> 256x256,completed,26.83,0.9861,15.7,2026-10-03T13:05:37.198805Z
WAF-0573,000572.npy,128x128 -> 256x256,completed,25.63,0.9867,16.5,2026-10-03T13:05:37.198805Z
WAF-0574,000573.npy,128x128 -> 256x256,completed,25.75,0.9873,17.3,2026-10-03T13:05:37.198805Z
WAF-0575,000574.npy,128x128 -> 256x256,completed,25.87,0.9837,12.5,2026-10-03T13:05:37.198805Z
WAF-0576,000575.npy,128x128 -> 256x256,completed,25.99,0.9843,13.3,2026-10-03T13:05:37.198805Z
WAF-0577,000576.npy,128x128 -> 256x256,completed,26.11,0.9849,14.1,2026-10-03T13:05:37.198805Z
WAF-0578,000577.npy,128x128 -> 256x256,completed,26.23,0.9855,14.9,2026-10-03T13:05:37.198805Z
WAF-0579,000578.npy,128x128 -> 256x256,completed,26.35,0.9861,15.7,2026-10-03T13:05:37.198805Z
WAF-0580,000579.npy,128x128 -> 256x256,completed,26.47,0.9867,16.5,2026-10-03T13:05:37.198805Z
WAF-0581,000580.npy,128x128 -> 256x256,completed,26.59,0.9873,17.3,2026-10-03T13:05:37.198805Z
WAF-0582,000581.npy,128x128 -> 256x256,completed,26.71,0.9837,12.5,2026-10-03T13:05:37.198805Z
WAF-0583,000582.npy,128x128 -> 256x256,completed,26.83,0.9843,13.3,2026-10-03T13:05:37.198805Z
WAF-0584,000583.npy,128x128 -> 256x256,completed,25.63,0.9849,14.1,2026-10-03T13:05:37.198805Z
WAF-0585,000584.npy,128x128 -> 256x256,completed,25.75,0.9855,14.9,2026-10-03T13:05:37.198805Z
WAF-0586,000585.npy,128x128 -> 256x256,completed,25.87,0.9861,15.7,2026-10-03T13:05:37.198805Z
WAF-0587,000586.npy,128x128 -> 256x256,completed,25.99,0.9867,16.5,2026-10-03T13:05:37.198805Z
WAF-0588,000587.npy,128x128 -> 256x256,completed,26.11,0.9873,17.3,2026-10-03T13:05:37.198805Z
WAF-0589,000588.npy,128x128 -> 256x256,completed,26.23,0.9837,12.5,2026-10-03T13:05:37.198805Z
WAF-0590,000589.npy,128x128 -> 256x256,completed,26.35,0.9843,13.3,2026-10-03T13:05:37.198805Z
WAF-0591,000590.npy,128x128 -> 256x256,completed,26.47,0.9849,14.1,2026-10-03T13:05:37.198805Z
WAF-0592,000591.npy,128x128 -> 256x256,completed,26.59,0.9855,14.9,2026-10-03T13:05:37.198805Z
WAF-0593,000592.npy,128x128 -> 256x256,completed,26.71,0.9861,15.7,2026-10-03T13:05:37.198805Z
WAF-0594,000593.npy,128x128 -> 256x256,completed,26.83,0.9867,16.5,2026-10-03T13:05:37.198805Z
WAF-0595,000594.npy,128x128 -> 256x256,completed,25.63,0.9873,17.3,2026-10-03T13:05:37.198805Z
WAF-0596,000595.npy,128x128 -> 256x256,completed,23.45,0.7766,12.5,2026-10-03T13:05:37.198805Z
WAF-0597,000596.npy,128x128 -> 256x256,completed,25.87,0.9843,13.3,2026-10-03T13:05:37.198805Z
WAF-0598,000597.npy,128x128 -> 256x256,completed,25.99,0.9849,14.1,2026-10-03T13:05:37.198805Z
WAF-0599,000598.npy,128x128 -> 256x256,completed,32.64,0.7177,14.9,2026-10-03T13:05:37.198805Z
WAF-0600,000599.npy,128x128 -> 256x256,completed,32.11,0.6992,15.7,2026-10-03T13:05:37.198805Z
WAF-0601,000600.npy,128x128 -> 256x256,completed,26.35,0.9867,16.5,2026-10-03T13:05:37.198805Z
WAF-0602,000601.npy,128x128 -> 256x256,completed,26.47,0.9873,17.3,2026-10-03T13:05:37.198805Z
WAF-0603,000602.npy,128x128 -> 256x256,completed,26.59,0.9837,12.5,2026-10-03T13:05:37.198805Z
WAF-0604,000603.npy,128x128 -> 256x256,completed,26.71,0.9843,13.3,2026-10-03T13:05:37.198805Z
WAF-0605,000604.npy,128x128 -> 256x256,completed,26.83,0.9849,14.1,2026-10-03T13:05:37.198805Z
WAF-0606,000605.npy,128x128 -> 256x256,completed,25.63,0.9855,14.9,2026-10-03T13:05:37.206270Z
WAF-0607,000606.npy,128x128 -> 256x256,completed,25.75,0.9861,15.7,2026-10-03T13:05:37.206270Z
WAF-0608,000607.npy,128x128 -> 256x256,completed,25.87,0.9867,16.5,2026-10-03T13:05:37.206270Z
WAF-0609,000608.npy,128x128 -> 256x256,completed,25.99,0.9873,17.3,2026-10-03T13:05:37.206270Z
WAF-0610,000609.npy,128x128 -> 256x256,completed,26.11,0.9837,12.5,2026-10-03T13:05:37.206270Z
WAF-0611,000610.npy,128x128 -> 256x256,completed,26.23,0.9843,13.3,2026-10-03T13:05:37.206270Z
WAF-0612,000611.npy,128x128 -> 256x256,completed,26.35,0.9849,14.1,2026-10-03T13:05:37.206270Z
WAF-0613,000612.npy,128x128 -> 256x256,completed,26.47,0.9855,14.9,2026-10-03T13:05:37.206270Z
WAF-0614,000613.npy,128x128 -> 256x256,completed,26.59,0.9861,15.7,2026-10-03T13:05:37.206270Z
WAF-0615,000614.npy,128x128 -> 256x256,completed,26.71,0.9867,16.5,2026-10-03T13:05:37.206270Z
WAF-0616,000615.npy,128x128 -> 256x256,completed,25.35,0.8069,17.3,2026-10-03T13:05:37.206270Z
WAF-0617,000616.npy,128x128 -> 256x256,completed,25.63,0.9837,12.5,2026-10-03T13:05:37.206270Z
WAF-0618,000617.npy,128x128 -> 256x256,completed,25.75,0.9843,13.3,2026-10-03T13:05:37.206270Z
WAF-0619,000618.npy,128x128 -> 256x256,completed,25.87,0.9849,14.1,2026-10-03T13:05:37.206270Z
WAF-0620,000619.npy,128x128 -> 256x256,completed,27.13,0.6621,14.9,2026-10-03T13:05:37.206270Z
WAF-0621,000620.npy,128x128 -> 256x256,completed,26.11,0.9861,15.7,2026-10-03T13:05:37.206270Z
WAF-0622,000621.npy,128x128 -> 256x256,completed,26.23,0.9867,16.5,2026-10-03T13:05:37.206270Z
WAF-0623,000622.npy,128x128 -> 256x256,completed,26.35,0.9873,17.3,2026-10-03T13:05:37.206270Z
WAF-0624,000623.npy,128x128 -> 256x256,completed,26.47,0.9837,12.5,2026-10-03T13:05:37.206270Z
WAF-0625,000624.npy,128x128 -> 256x256,completed,26.59,0.9843,13.3,2026-10-03T13:05:37.206270Z
WAF-0626,000625.npy,128x128 -> 256x256,completed,26.71,0.9849,14.1,2026-10-03T13:05:37.206270Z
WAF-0627,000626.npy,128x128 -> 256x256,completed,26.83,0.9855,14.9,2026-10-03T13:05:37.206270Z
WAF-0628,000627.npy,128x128 -> 256x256,completed,25.63,0.9861,15.7,2026-10-03T13:05:37.206270Z
WAF-0629,000628.npy,128x128 -> 256x256,completed,29.16,0.8853,16.5,2026-10-03T13:05:37.206270Z
WAF-0630,000629.npy,128x128 -> 256x256,completed,25.87,0.9873,17.3,2026-10-03T13:05:37.210546Z
WAF-0631,000630.npy,128x128 -> 256x256,completed,25.99,0.9837,12.5,2026-10-03T13:05:37.210546Z
WAF-0632,000631.npy,128x128 -> 256x256,completed,26.11,0.9843,13.3,2026-10-03T13:05:37.210546Z
WAF-0633,000632.npy,128x128 -> 256x256,completed,26.23,0.9849,14.1,2026-10-03T13:05:37.212299Z
WAF-0634,000633.npy,128x128 -> 256x256,completed,26.35,0.9855,14.9,2026-10-03T13:05:37.212299Z
WAF-0635,000634.npy,128x128 -> 256x256,completed,26.47,0.9861,15.7,2026-10-03T13:05:37.212299Z
WAF-0636,000635.npy,128x128 -> 256x256,completed,26.59,0.9867,16.5,2026-10-03T13:05:37.214409Z
WAF-0637,000636.npy,128x128 -> 256x256,completed,26.71,0.9873,17.3,2026-10-03T13:05:37.214409Z
WAF-0638,000637.npy,128x128 -> 256x256,completed,26.83,0.9837,12.5,2026-10-03T13:05:37.214409Z
WAF-0639,000638.npy,128x128 -> 256x256,completed,25.63,0.9843,13.3,2026-10-03T13:05:37.214409Z
WAF-0640,000639.npy,128x128 -> 256x256,completed,25.75,0.9849,14.1,2026-10-03T13:05:37.214409Z
WAF-0641,000640.npy,128x128 -> 256x256,completed,25.87,0.9855,14.9,2026-10-03T13:05:37.214409Z
WAF-0642,000641.npy,128x128 -> 256x256,completed,25.99,0.9861,15.7,2026-10-03T13:05:37.217446Z
WAF-0643,000642.npy,128x128 -> 256x256,completed,20.35,0.3841,16.5,2026-10-03T13:05:37.217446Z
WAF-0644,000643.npy,128x128 -> 256x256,completed,26.23,0.9873,17.3,2026-10-03T13:05:37.217446Z
WAF-0645,000644.npy,128x128 -> 256x256,completed,26.35,0.9837,12.5,2026-10-03T13:05:37.217446Z
WAF-0646,000645.npy,128x128 -> 256x256,completed,26.47,0.9843,13.3,2026-10-03T13:05:37.217446Z
WAF-0647,000646.npy,128x128 -> 256x256,completed,26.59,0.9849,14.1,2026-10-03T13:05:37.217446Z
WAF-0648,000647.npy,128x128 -> 256x256,completed,26.71,0.9855,14.9,2026-10-03T13:05:37.217446Z
WAF-0649,000648.npy,128x128 -> 256x256,completed,26.83,0.9861,15.7,2026-10-03T13:05:37.217446Z
WAF-0650,000649.npy,128x128 -> 256x256,completed,25.63,0.9867,16.5,2026-10-03T13:05:37.217446Z
WAF-0651,000650.npy,128x128 -> 256x256,completed,25.75,0.9873,17.3,2026-10-03T13:05:37.217446Z
WAF-0652,000651.npy,128x128 -> 256x256,completed,25.87,0.9837,12.5,2026-10-03T13:05:37.217446Z
WAF-0653,000652.npy,128x128 -> 256x256,completed,25.99,0.9843,13.3,2026-10-03T13:05:37.217446Z
WAF-0654,000653.npy,128x128 -> 256x256,completed,26.11,0.9849,14.1,2026-10-03T13:05:37.217446Z
WAF-0655,000654.npy,128x128 -> 256x256,completed,26.23,0.9855,14.9,2026-10-03T13:05:37.217446Z
WAF-0656,000655.npy,128x128 -> 256x256,completed,26.35,0.9861,15.7,2026-10-03T13:05:37.217446Z
WAF-0657,000656.npy,128x128 -> 256x256,completed,26.47,0.9867,16.5,2026-10-03T13:05:37.217446Z
WAF-0658,000657.npy,128x128 -> 256x256,completed,26.59,0.9873,17.3,2026-10-03T13:05:37.217446Z
WAF-0659,000658.npy,128x128 -> 256x256,completed,26.71,0.9837,12.5,2026-10-03T13:05:37.217446Z
WAF-0660,000659.npy,128x128 -> 256x256,completed,26.83,0.9843,13.3,2026-10-03T13:05:37.217446Z
WAF-0661,000660.npy,128x128 -> 256x256,completed,25.63,0.9849,14.1,2026-10-03T13:05:37.222127Z
WAF-0662,000661.npy,128x128 -> 256x256,completed,25.75,0.9855,14.9,2026-10-03T13:05:37.222127Z
WAF-0663,000662.npy,128x128 -> 256x256,completed,25.87,0.9861,15.7,2026-10-03T13:05:37.222127Z
WAF-0664,000663.npy,128x128 -> 256x256,completed,25.99,0.9867,16.5,2026-10-03T13:05:37.222127Z
WAF-0665,000664.npy,128x128 -> 256x256,completed,26.11,0.9873,17.3,2026-10-03T13:05:37.222127Z
WAF-0666,000665.npy,128x128 -> 256x256,completed,26.23,0.9837,12.5,2026-10-03T13:05:37.222127Z
WAF-0667,000666.npy,128x128 -> 256x256,completed,26.35,0.9843,13.3,2026-10-03T13:05:37.222127Z
WAF-0668,000667.npy,128x128 -> 256x256,completed,26.47,0.9849,14.1,2026-10-03T13:05:37.222127Z
WAF-0669,000668.npy,128x128 -> 256x256,completed,26.59,0.9855,14.9,2026-10-03T13:05:37.222127Z
WAF-0670,000669.npy,128x128 -> 256x256,completed,26.71,0.9861,15.7,2026-10-03T13:05:37.222127Z
WAF-0671,000670.npy,128x128 -> 256x256,completed,26.83,0.9867,16.5,2026-10-03T13:05:37.222127Z
WAF-0672,000671.npy,128x128 -> 256x256,completed,25.63,0.9873,17.3,2026-10-03T13:05:37.222127Z
WAF-0673,000672.npy,128x128 -> 256x256,completed,25.75,0.9837,12.5,2026-10-03T13:05:37.222127Z
WAF-0674,000673.npy,128x128 -> 256x256,completed,25.87,0.9843,13.3,2026-10-03T13:05:37.224135Z
WAF-0675,000674.npy,128x128 -> 256x256,completed,25.99,0.9849,14.1,2026-10-03T13:05:37.224135Z
WAF-0676,000675.npy,128x128 -> 256x256,completed,26.11,0.9855,14.9,2026-10-03T13:05:37.224135Z
WAF-0677,000676.npy,128x128 -> 256x256,completed,26.23,0.9861,15.7,2026-10-03T13:05:37.224135Z
WAF-0678,000677.npy,128x128 -> 256x256,completed,19.56,0.7781,16.5,2026-10-03T13:05:37.224135Z
WAF-0679,000678.npy,128x128 -> 256x256,completed,26.47,0.9873,17.3,2026-10-03T13:05:37.224135Z
WAF-0680,000679.npy,128x128 -> 256x256,completed,26.59,0.9837,12.5,2026-10-03T13:05:37.224135Z
WAF-0681,000680.npy,128x128 -> 256x256,completed,26.71,0.9843,13.3,2026-10-03T13:05:37.224135Z
WAF-0682,000681.npy,128x128 -> 256x256,completed,26.83,0.9849,14.1,2026-10-03T13:05:37.224135Z
WAF-0683,000682.npy,128x128 -> 256x256,completed,25.63,0.9855,14.9,2026-10-03T13:05:37.224135Z
WAF-0684,000683.npy,128x128 -> 256x256,completed,25.75,0.9861,15.7,2026-10-03T13:05:37.224135Z
WAF-0685,000684.npy,128x128 -> 256x256,completed,26.81,0.8626,16.5,2026-10-03T13:05:37.224135Z
WAF-0686,000685.npy,128x128 -> 256x256,completed,25.99,0.9873,17.3,2026-10-03T13:05:37.224135Z
WAF-0687,000686.npy,128x128 -> 256x256,completed,26.11,0.9837,12.5,2026-10-03T13:05:37.224135Z
WAF-0688,000687.npy,128x128 -> 256x256,completed,26.23,0.9843,13.3,2026-10-03T13:05:37.224135Z
WAF-0689,000688.npy,128x128 -> 256x256,completed,26.35,0.9849,14.1,2026-10-03T13:05:37.230541Z
WAF-0690,000689.npy,128x128 -> 256x256,completed,26.47,0.9855,14.9,2026-10-03T13:05:37.230541Z
WAF-0691,000690.npy,128x128 -> 256x256,completed,26.59,0.9861,15.7,2026-10-03T13:05:37.230541Z
WAF-0692,000691.npy,128x128 -> 256x256,completed,26.71,0.9867,16.5,2026-10-03T13:05:37.230541Z
WAF-0693,000692.npy,128x128 -> 256x256,completed,26.83,0.9873,17.3,2026-10-03T13:05:37.230541Z
WAF-0694,000693.npy,128x128 -> 256x256,completed,25.63,0.9837,12.5,2026-10-03T13:05:37.230541Z
WAF-0695,000694.npy,128x128 -> 256x256,completed,25.75,0.9843,13.3,2026-10-03T13:05:37.230541Z
WAF-0696,000695.npy,128x128 -> 256x256,completed,25.87,0.9849,14.1,2026-10-03T13:05:37.230541Z
WAF-0697,000696.npy,128x128 -> 256x256,completed,25.99,0.9855,14.9,2026-10-03T13:05:37.230541Z
WAF-0698,000697.npy,128x128 -> 256x256,completed,26.11,0.9861,15.7,2026-10-03T13:05:37.230541Z
WAF-0699,000698.npy,128x128 -> 256x256,completed,26.23,0.9867,16.5,2026-10-03T13:05:37.230541Z
WAF-0700,000699.npy,128x128 -> 256x256,completed,26.35,0.9873,17.3,2026-10-03T13:05:37.230541Z
WAF-0701,000700.npy,128x128 -> 256x256,completed,26.47,0.9837,12.5,2026-10-03T13:05:37.230541Z
WAF-0702,000701.npy,128x128 -> 256x256,completed,26.59,0.9843,13.3,2026-10-03T13:05:37.230541Z
WAF-0703,000702.npy,128x128 -> 256x256,completed,27.02,0.4893,14.1,2026-10-03T13:05:37.230541Z
WAF-0704,000703.npy,128x128 -> 256x256,completed,26.83,0.9855,14.9,2026-10-03T13:05:37.230541Z
WAF-0705,000704.npy,128x128 -> 256x256,completed,25.63,0.9861,15.7,2026-10-03T13:05:37.230541Z
WAF-0706,000705.npy,128x128 -> 256x256,completed,25.75,0.9867,16.5,2026-10-03T13:05:37.230541Z
WAF-0707,000706.npy,128x128 -> 256x256,completed,25.87,0.9873,17.3,2026-10-03T13:05:37.230541Z
WAF-0708,000707.npy,128x128 -> 256x256,completed,25.99,0.9837,12.5,2026-10-03T13:05:37.230541Z
WAF-0709,000708.npy,128x128 -> 256x256,completed,26.11,0.9843,13.3,2026-10-03T13:05:37.230541Z
WAF-0710,000709.npy,128x128 -> 256x256,completed,26.23,0.9849,14.1,2026-10-03T13:05:37.230541Z
WAF-0711,000710.npy,128x128 -> 256x256,completed,38.06,0.9593,14.9,2026-10-03T13:05:37.230541Z
WAF-0712,000711.npy,128x128 -> 256x256,completed,26.47,0.9861,15.7,2026-10-03T13:05:37.238829Z
WAF-0713,000712.npy,128x128 -> 256x256,completed,26.59,0.9867,16.5,2026-10-03T13:05:37.239435Z
WAF-0714,000713.npy,128x128 -> 256x256,completed,26.71,0.9873,17.3,2026-10-03T13:05:37.239959Z
WAF-0715,000714.npy,128x128 -> 256x256,completed,32.51,0.9034,12.5,2026-10-03T13:05:37.239959Z
WAF-0716,000715.npy,128x128 -> 256x256,completed,25.63,0.9843,13.3,2026-10-03T13:05:37.239959Z
WAF-0717,000716.npy,128x128 -> 256x256,completed,25.75,0.9849,14.1,2026-10-03T13:05:37.241632Z
WAF-0718,000717.npy,128x128 -> 256x256,completed,25.87,0.9855,14.9,2026-10-03T13:05:37.241632Z
WAF-0719,000718.npy,128x128 -> 256x256,completed,25.99,0.9861,15.7,2026-10-03T13:05:37.241632Z
WAF-0720,000719.npy,128x128 -> 256x256,completed,26.11,0.9867,16.5,2026-10-03T13:05:37.241632Z
WAF-0721,000720.npy,128x128 -> 256x256,completed,26.23,0.9873,17.3,2026-10-03T13:05:37.241632Z
WAF-0722,000721.npy,128x128 -> 256x256,completed,26.35,0.9837,12.5,2026-10-03T13:05:37.241632Z
WAF-0723,000722.npy,128x128 -> 256x256,completed,26.47,0.9843,13.3,2026-10-03T13:05:37.241632Z
WAF-0724,000723.npy,128x128 -> 256x256,completed,27.3,0.9176,14.1,2026-10-03T13:05:37.241632Z
WAF-0725,000724.npy,128x128 -> 256x256,completed,26.71,0.9855,14.9,2026-10-03T13:05:37.241632Z
WAF-0726,000725.npy,128x128 -> 256x256,completed,26.83,0.9861,15.7,2026-10-03T13:05:37.241632Z
WAF-0727,000726.npy,128x128 -> 256x256,completed,25.63,0.9867,16.5,2026-10-03T13:05:37.241632Z
WAF-0728,000727.npy,128x128 -> 256x256,completed,25.75,0.9873,17.3,2026-10-03T13:05:37.241632Z
WAF-0729,000728.npy,128x128 -> 256x256,completed,29.02,0.8094,12.5,2026-10-03T13:05:37.247261Z
WAF-0730,000729.npy,128x128 -> 256x256,completed,25.99,0.9843,13.3,2026-10-03T13:05:37.247261Z
WAF-0731,000730.npy,128x128 -> 256x256,completed,26.11,0.9849,14.1,2026-10-03T13:05:37.247261Z
WAF-0732,000731.npy,128x128 -> 256x256,completed,26.23,0.9855,14.9,2026-10-03T13:05:37.247261Z
WAF-0733,000732.npy,128x128 -> 256x256,completed,21.99,0.6869,15.7,2026-10-03T13:05:37.247261Z
WAF-0734,000733.npy,128x128 -> 256x256,completed,26.47,0.9867,16.5,2026-10-03T13:05:37.247261Z
WAF-0735,000734.npy,128x128 -> 256x256,completed,26.59,0.9873,17.3,2026-10-03T13:05:37.247261Z
WAF-0736,000735.npy,128x128 -> 256x256,completed,26.71,0.9837,12.5,2026-10-03T13:05:37.247261Z
WAF-0737,000736.npy,128x128 -> 256x256,completed,26.83,0.9843,13.3,2026-10-03T13:05:37.247261Z
WAF-0738,000737.npy,128x128 -> 256x256,completed,25.63,0.9849,14.1,2026-10-03T13:05:37.247261Z
WAF-0739,000738.npy,128x128 -> 256x256,completed,25.75,0.9855,14.9,2026-10-03T13:05:37.247261Z
WAF-0740,000739.npy,128x128 -> 256x256,completed,25.87,0.9861,15.7,2026-10-03T13:05:37.247261Z
WAF-0741,000740.npy,128x128 -> 256x256,completed,25.99,0.9867,16.5,2026-10-03T13:05:37.247261Z
WAF-0742,000741.npy,128x128 -> 256x256,completed,26.11,0.9873,17.3,2026-10-03T13:05:37.247261Z
WAF-0743,000742.npy,128x128 -> 256x256,completed,26.23,0.9837,12.5,2026-10-03T13:05:37.247261Z
WAF-0744,000743.npy,128x128 -> 256x256,completed,26.35,0.9843,13.3,2026-10-03T13:05:37.247261Z
WAF-0745,000744.npy,128x128 -> 256x256,completed,26.47,0.9849,14.1,2026-10-03T13:05:37.247261Z
WAF-0746,000745.npy,128x128 -> 256x256,completed,26.59,0.9855,14.9,2026-10-03T13:05:37.247261Z
WAF-0747,000746.npy,128x128 -> 256x256,completed,26.71,0.9861,15.7,2026-10-03T13:05:37.247261Z
WAF-0748,000747.npy,128x128 -> 256x256,completed,26.83,0.9867,16.5,2026-10-03T13:05:37.247261Z
WAF-0749,000748.npy,128x128 -> 256x256,completed,25.63,0.9873,17.3,2026-10-03T13:05:37.247261Z
WAF-0750,000749.npy,128x128 -> 256x256,completed,25.75,0.9837,12.5,2026-10-03T13:05:37.247261Z
WAF-0751,000750.npy,128x128 -> 256x256,completed,25.87,0.9843,13.3,2026-10-03T13:05:37.247261Z
WAF-0752,000751.npy,128x128 -> 256x256,completed,25.99,0.9849,14.1,2026-10-03T13:05:37.247261Z
WAF-0753,000752.npy,128x128 -> 256x256,completed,26.11,0.9855,14.9,2026-10-03T13:05:37.247261Z
WAF-0754,000753.npy,128x128 -> 256x256,completed,26.23,0.9861,15.7,2026-10-03T13:05:37.247261Z
WAF-0755,000754.npy,128x128 -> 256x256,completed,26.35,0.9867,16.5,2026-10-03T13:05:37.247261Z
WAF-0756,000755.npy,128x128 -> 256x256,completed,26.47,0.9873,17.3,2026-10-03T13:05:37.247261Z
WAF-0757,000756.npy,128x128 -> 256x256,completed,31.61,0.8216,12.5,2026-10-03T13:05:37.247261Z
WAF-0758,000757.npy,128x128 -> 256x256,completed,26.71,0.9843,13.3,2026-10-03T13:05:37.247261Z
WAF-0759,000758.npy,128x128 -> 256x256,completed,26.83,0.9849,14.1,2026-10-03T13:05:37.247261Z
WAF-0760,000759.npy,128x128 -> 256x256,completed,25.63,0.9855,14.9,2026-10-03T13:05:37.247261Z
WAF-0761,000760.npy,128x128 -> 256x256,completed,25.75,0.9861,15.7,2026-10-03T13:05:37.253663Z
WAF-0762,000761.npy,128x128 -> 256x256,completed,25.87,0.9867,16.5,2026-10-03T13:05:37.253663Z
WAF-0763,000762.npy,128x128 -> 256x256,completed,25.99,0.9873,17.3,2026-10-03T13:05:37.253663Z
WAF-0764,000763.npy,128x128 -> 256x256,completed,26.11,0.9837,12.5,2026-10-03T13:05:37.253663Z
WAF-0765,000764.npy,128x128 -> 256x256,completed,26.23,0.9843,13.3,2026-10-03T13:05:37.253663Z
WAF-0766,000765.npy,128x128 -> 256x256,completed,26.35,0.9849,14.1,2026-10-03T13:05:37.253663Z
WAF-0767,000766.npy,128x128 -> 256x256,completed,26.47,0.9855,14.9,2026-10-03T13:05:37.255426Z
WAF-0768,000767.npy,128x128 -> 256x256,completed,26.59,0.9861,15.7,2026-10-03T13:05:37.255426Z
WAF-0769,000768.npy,128x128 -> 256x256,completed,26.71,0.9867,16.5,2026-10-03T13:05:37.255426Z
WAF-0770,000769.npy,128x128 -> 256x256,completed,31.8,0.8006,17.3,2026-10-03T13:05:37.255426Z
WAF-0771,000770.npy,128x128 -> 256x256,completed,25.63,0.9837,12.5,2026-10-03T13:05:37.255426Z
WAF-0772,000771.npy,128x128 -> 256x256,completed,25.75,0.9843,13.3,2026-10-03T13:05:37.255426Z
WAF-0773,000772.npy,128x128 -> 256x256,completed,25.87,0.9849,14.1,2026-10-03T13:05:37.255426Z
WAF-0774,000773.npy,128x128 -> 256x256,completed,25.99,0.9855,14.9,2026-10-03T13:05:37.255426Z
WAF-0775,000774.npy,128x128 -> 256x256,completed,26.11,0.9861,15.7,2026-10-03T13:05:37.257274Z
WAF-0776,000775.npy,128x128 -> 256x256,completed,26.23,0.9867,16.5,2026-10-03T13:05:37.257274Z
WAF-0777,000776.npy,128x128 -> 256x256,completed,23.09,0.8485,17.3,2026-10-03T13:05:37.257274Z
WAF-0778,000777.npy,128x128 -> 256x256,completed,26.47,0.9837,12.5,2026-10-03T13:05:37.257274Z
WAF-0779,000778.npy,128x128 -> 256x256,completed,26.59,0.9843,13.3,2026-10-03T13:05:37.258179Z
WAF-0780,000779.npy,128x128 -> 256x256,completed,26.71,0.9849,14.1,2026-10-03T13:05:37.258179Z
WAF-0781,000780.npy,128x128 -> 256x256,completed,26.83,0.9855,14.9,2026-10-03T13:05:37.258179Z
WAF-0782,000781.npy,128x128 -> 256x256,completed,25.63,0.9861,15.7,2026-10-03T13:05:37.258179Z
WAF-0783,000782.npy,128x128 -> 256x256,completed,25.75,0.9867,16.5,2026-10-03T13:05:37.259086Z
WAF-0784,000783.npy,128x128 -> 256x256,completed,25.87,0.9873,17.3,2026-10-03T13:05:37.259086Z
WAF-0785,000784.npy,128x128 -> 256x256,completed,25.99,0.9837,12.5,2026-10-03T13:05:37.259086Z
WAF-0786,000785.npy,128x128 -> 256x256,completed,26.11,0.9843,13.3,2026-10-03T13:05:37.259086Z
WAF-0787,000786.npy,128x128 -> 256x256,completed,34.58,0.9218,14.1,2026-10-03T13:05:37.259086Z
WAF-0788,000787.npy,128x128 -> 256x256,completed,26.35,0.9855,14.9,2026-10-03T13:05:37.259086Z
WAF-0789,000788.npy,128x128 -> 256x256,completed,26.47,0.9861,15.7,2026-10-03T13:05:37.259086Z
WAF-0790,000789.npy,128x128 -> 256x256,completed,26.59,0.9867,16.5,2026-10-03T13:05:37.259086Z
WAF-0791,000790.npy,128x128 -> 256x256,completed,26.71,0.9873,17.3,2026-10-03T13:05:37.259086Z
WAF-0792,000791.npy,128x128 -> 256x256,completed,26.83,0.9837,12.5,2026-10-03T13:05:37.261489Z
WAF-0793,000792.npy,128x128 -> 256x256,completed,25.63,0.9843,13.3,2026-10-03T13:05:37.261489Z
WAF-0794,000793.npy,128x128 -> 256x256,completed,25.75,0.9849,14.1,2026-10-03T13:05:37.261489Z
WAF-0795,000794.npy,128x128 -> 256x256,completed,25.87,0.9855,14.9,2026-10-03T13:05:37.261489Z
WAF-0796,000795.npy,128x128 -> 256x256,completed,25.99,0.9861,15.7,2026-10-03T13:05:37.261489Z
WAF-0797,000796.npy,128x128 -> 256x256,completed,26.11,0.9867,16.5,2026-10-03T13:05:37.263503Z
WAF-0798,000797.npy,128x128 -> 256x256,completed,31.62,0.8537,17.3,2026-10-03T13:05:37.263503Z
WAF-0799,000798.npy,128x128 -> 256x256,completed,31.2,0.8484,12.5,2026-10-03T13:05:37.263503Z
WAF-0800,000799.npy,128x128 -> 256x256,completed,26.47,0.9843,13.3,2026-10-03T13:05:37.263503Z
WAF-0801,000800.npy,128x128 -> 256x256,completed,26.59,0.9849,14.1,2026-10-03T13:05:37.263503Z
WAF-0802,000801.npy,128x128 -> 256x256,completed,26.71,0.9855,14.9,2026-10-03T13:05:37.263503Z
WAF-0803,000802.npy,128x128 -> 256x256,completed,26.83,0.9861,15.7,2026-10-03T13:05:37.263503Z
WAF-0804,000803.npy,128x128 -> 256x256,completed,31.74,0.6634,16.5,2026-10-03T13:05:37.263503Z
WAF-0805,000804.npy,128x128 -> 256x256,completed,25.75,0.9873,17.3,2026-10-03T13:05:37.263503Z
WAF-0806,000805.npy,128x128 -> 256x256,completed,25.87,0.9837,12.5,2026-10-03T13:05:37.263503Z
WAF-0807,000806.npy,128x128 -> 256x256,completed,36.05,0.9296,13.3,2026-10-03T13:05:37.263503Z
WAF-0808,000807.npy,128x128 -> 256x256,completed,26.11,0.9849,14.1,2026-10-03T13:05:37.263503Z
WAF-0809,000808.npy,128x128 -> 256x256,completed,26.23,0.9855,14.9,2026-10-03T13:05:37.263503Z
WAF-0810,000809.npy,128x128 -> 256x256,completed,26.35,0.9861,15.7,2026-10-03T13:05:37.263503Z
WAF-0811,000810.npy,128x128 -> 256x256,completed,26.47,0.9867,16.5,2026-10-03T13:05:37.263503Z
WAF-0812,000811.npy,128x128 -> 256x256,completed,26.59,0.9873,17.3,2026-10-03T13:05:37.263503Z
WAF-0813,000812.npy,128x128 -> 256x256,completed,26.71,0.9837,12.5,2026-10-03T13:05:37.263503Z
WAF-0814,000813.npy,128x128 -> 256x256,completed,26.83,0.9843,13.3,2026-10-03T13:05:37.263503Z
WAF-0815,000814.npy,128x128 -> 256x256,completed,25.63,0.9849,14.1,2026-10-03T13:05:37.263503Z
WAF-0816,000815.npy,128x128 -> 256x256,completed,25.75,0.9855,14.9,2026-10-03T13:05:37.263503Z
WAF-0817,000816.npy,128x128 -> 256x256,completed,25.87,0.9861,15.7,2026-10-03T13:05:37.263503Z
WAF-0818,000817.npy,128x128 -> 256x256,completed,25.99,0.9867,16.5,2026-10-03T13:05:37.263503Z
WAF-0819,000818.npy,128x128 -> 256x256,completed,21.74,0.5912,17.3,2026-10-03T13:05:37.263503Z
WAF-0820,000819.npy,128x128 -> 256x256,completed,26.23,0.9837,12.5,2026-10-03T13:05:37.263503Z
WAF-0821,000820.npy,128x128 -> 256x256,completed,26.35,0.9843,13.3,2026-10-03T13:05:37.263503Z
WAF-0822,000821.npy,128x128 -> 256x256,completed,26.47,0.9849,14.1,2026-10-03T13:05:37.263503Z
WAF-0823,000822.npy,128x128 -> 256x256,completed,26.59,0.9855,14.9,2026-10-03T13:05:37.263503Z
WAF-0824,000823.npy,128x128 -> 256x256,completed,26.71,0.9861,15.7,2026-10-03T13:05:37.263503Z
WAF-0825,000824.npy,128x128 -> 256x256,completed,26.83,0.9867,16.5,2026-10-03T13:05:37.263503Z
WAF-0826,000825.npy,128x128 -> 256x256,completed,30.99,0.9207,17.3,2026-10-03T13:05:37.263503Z
WAF-0827,000826.npy,128x128 -> 256x256,completed,31.92,0.9287,12.5,2026-10-03T13:05:37.263503Z
WAF-0828,000827.npy,128x128 -> 256x256,completed,25.87,0.9843,13.3,2026-10-03T13:05:37.263503Z
WAF-0829,000828.npy,128x128 -> 256x256,completed,25.99,0.9849,14.1,2026-10-03T13:05:37.263503Z
WAF-0830,000829.npy,128x128 -> 256x256,completed,26.11,0.9855,14.9,2026-10-03T13:05:37.263503Z
WAF-0831,000830.npy,128x128 -> 256x256,completed,26.23,0.9861,15.7,2026-10-03T13:05:37.263503Z
WAF-0832,000831.npy,128x128 -> 256x256,completed,26.35,0.9867,16.5,2026-10-03T13:05:37.271853Z
WAF-0833,000832.npy,128x128 -> 256x256,completed,26.47,0.9873,17.3,2026-10-03T13:05:37.271853Z
WAF-0834,000833.npy,128x128 -> 256x256,completed,26.59,0.9837,12.5,2026-10-03T13:05:37.271853Z
WAF-0835,000834.npy,128x128 -> 256x256,completed,23.91,0.8291,13.3,2026-10-03T13:05:37.271853Z
WAF-0836,000835.npy,128x128 -> 256x256,completed,26.83,0.9849,14.1,2026-10-03T13:05:37.271853Z
WAF-0837,000836.npy,128x128 -> 256x256,completed,25.63,0.9855,14.9,2026-10-03T13:05:37.271853Z
WAF-0838,000837.npy,128x128 -> 256x256,completed,25.75,0.9861,15.7,2026-10-03T13:05:37.271853Z
WAF-0839,000838.npy,128x128 -> 256x256,completed,25.87,0.9867,16.5,2026-10-03T13:05:37.271853Z
WAF-0840,000839.npy,128x128 -> 256x256,completed,25.99,0.9873,17.3,2026-10-03T13:05:37.271853Z
WAF-0841,000840.npy,128x128 -> 256x256,completed,27.51,0.8599,12.5,2026-10-03T13:05:37.271853Z
WAF-0842,000841.npy,128x128 -> 256x256,completed,26.23,0.9843,13.3,2026-10-03T13:05:37.271853Z
WAF-0843,000842.npy,128x128 -> 256x256,completed,26.35,0.9849,14.1,2026-10-03T13:05:37.271853Z
WAF-0844,000843.npy,128x128 -> 256x256,completed,33.02,0.9327,14.9,2026-10-03T13:05:37.271853Z
WAF-0845,000844.npy,128x128 -> 256x256,completed,26.59,0.9861,15.7,2026-10-03T13:05:37.271853Z
WAF-0846,000845.npy,128x128 -> 256x256,completed,26.71,0.9867,16.5,2026-10-03T13:05:37.271853Z
WAF-0847,000846.npy,128x128 -> 256x256,completed,35.54,0.9469,17.3,2026-10-03T13:05:37.271853Z
WAF-0848,000847.npy,128x128 -> 256x256,completed,25.63,0.9837,12.5,2026-10-03T13:05:37.271853Z
WAF-0849,000848.npy,128x128 -> 256x256,completed,25.75,0.9843,13.3,2026-10-03T13:05:37.271853Z
WAF-0850,000849.npy,128x128 -> 256x256,completed,25.87,0.9849,14.1,2026-10-03T13:05:37.271853Z
WAF-0851,000850.npy,128x128 -> 256x256,completed,25.99,0.9855,14.9,2026-10-03T13:05:37.271853Z
WAF-0852,000851.npy,128x128 -> 256x256,completed,26.11,0.9861,15.7,2026-10-03T13:05:37.279116Z
WAF-0853,000852.npy,128x128 -> 256x256,completed,23.73,0.765,16.5,2026-10-03T13:05:37.279116Z
WAF-0854,000853.npy,128x128 -> 256x256,completed,26.35,0.9873,17.3,2026-10-03T13:05:37.280127Z
WAF-0855,000854.npy,128x128 -> 256x256,completed,26.47,0.9837,12.5,2026-10-03T13:05:37.280127Z
WAF-0856,000855.npy,128x128 -> 256x256,completed,26.59,0.9843,13.3,2026-10-03T13:05:37.280127Z
WAF-0857,000856.npy,128x128 -> 256x256,completed,26.71,0.9849,14.1,2026-10-03T13:05:37.280127Z
WAF-0858,000857.npy,128x128 -> 256x256,completed,26.83,0.9855,14.9,2026-10-03T13:05:37.280127Z
WAF-0859,000858.npy,128x128 -> 256x256,completed,25.63,0.9861,15.7,2026-10-03T13:05:37.280127Z
WAF-0860,000859.npy,128x128 -> 256x256,completed,25.75,0.9867,16.5,2026-10-03T13:05:37.280127Z
WAF-0861,000860.npy,128x128 -> 256x256,completed,25.87,0.9873,17.3,2026-10-03T13:05:37.282382Z
WAF-0862,000861.npy,128x128 -> 256x256,completed,25.99,0.9837,12.5,2026-10-03T13:05:37.282382Z
WAF-0863,000862.npy,128x128 -> 256x256,completed,26.11,0.9843,13.3,2026-10-03T13:05:37.282382Z
WAF-0864,000863.npy,128x128 -> 256x256,completed,26.23,0.9849,14.1,2026-10-03T13:05:37.282382Z
WAF-0865,000864.npy,128x128 -> 256x256,completed,26.35,0.9855,14.9,2026-10-03T13:05:37.282382Z
WAF-0866,000865.npy,128x128 -> 256x256,completed,26.47,0.9861,15.7,2026-10-03T13:05:37.282382Z
WAF-0867,000866.npy,128x128 -> 256x256,completed,26.59,0.9867,16.5,2026-10-03T13:05:37.282382Z
WAF-0868,000867.npy,128x128 -> 256x256,completed,26.71,0.9873,17.3,2026-10-03T13:05:37.282382Z
WAF-0869,000868.npy,128x128 -> 256x256,completed,26.83,0.9837,12.5,2026-10-03T13:05:37.282382Z
WAF-0870,000869.npy,128x128 -> 256x256,completed,25.63,0.9843,13.3,2026-10-03T13:05:37.282382Z
WAF-0871,000870.npy,128x128 -> 256x256,completed,25.75,0.9849,14.1,2026-10-03T13:05:37.282382Z
WAF-0872,000871.npy,128x128 -> 256x256,completed,25.87,0.9855,14.9,2026-10-03T13:05:37.282382Z
WAF-0873,000872.npy,128x128 -> 256x256,completed,25.99,0.9861,15.7,2026-10-03T13:05:37.282382Z
WAF-0874,000873.npy,128x128 -> 256x256,completed,26.11,0.9867,16.5,2026-10-03T13:05:37.282382Z
WAF-0875,000874.npy,128x128 -> 256x256,completed,26.23,0.9873,17.3,2026-10-03T13:05:37.282382Z
WAF-0876,000875.npy,128x128 -> 256x256,completed,26.35,0.9837,12.5,2026-10-03T13:05:37.282382Z
WAF-0877,000876.npy,128x128 -> 256x256,completed,26.47,0.9843,13.3,2026-10-03T13:05:37.282382Z
WAF-0878,000877.npy,128x128 -> 256x256,completed,26.59,0.9849,14.1,2026-10-03T13:05:37.282382Z
WAF-0879,000878.npy,128x128 -> 256x256,completed,26.71,0.9855,14.9,2026-10-03T13:05:37.282382Z
WAF-0880,000879.npy,128x128 -> 256x256,completed,26.83,0.9861,15.7,2026-10-03T13:05:37.282382Z
WAF-0881,000880.npy,128x128 -> 256x256,completed,25.63,0.9867,16.5,2026-10-03T13:05:37.282382Z
WAF-0882,000881.npy,128x128 -> 256x256,completed,25.75,0.9873,17.3,2026-10-03T13:05:37.282382Z
WAF-0883,000882.npy,128x128 -> 256x256,completed,25.87,0.9837,12.5,2026-10-03T13:05:37.282382Z
WAF-0884,000883.npy,128x128 -> 256x256,completed,33.41,0.8961,13.3,2026-10-03T13:05:37.288590Z
WAF-0885,000884.npy,128x128 -> 256x256,completed,26.11,0.9849,14.1,2026-10-03T13:05:37.289039Z
WAF-0886,000885.npy,128x128 -> 256x256,completed,26.23,0.9855,14.9,2026-10-03T13:05:37.289039Z
WAF-0887,000886.npy,128x128 -> 256x256,completed,26.35,0.9861,15.7,2026-10-03T13:05:37.289550Z
WAF-0888,000887.npy,128x128 -> 256x256,completed,26.47,0.9867,16.5,2026-10-03T13:05:37.289550Z
WAF-0889,000888.npy,128x128 -> 256x256,completed,26.59,0.9873,17.3,2026-10-03T13:05:37.289550Z
WAF-0890,000889.npy,128x128 -> 256x256,completed,37.53,0.9378,12.5,2026-10-03T13:05:37.289550Z
WAF-0891,000890.npy,128x128 -> 256x256,completed,26.83,0.9843,13.3,2026-10-03T13:05:37.289550Z
WAF-0892,000891.npy,128x128 -> 256x256,completed,25.63,0.9849,14.1,2026-10-03T13:05:37.289550Z
WAF-0893,000892.npy,128x128 -> 256x256,completed,25.75,0.9855,14.9,2026-10-03T13:05:37.289550Z
WAF-0894,000893.npy,128x128 -> 256x256,completed,25.87,0.9861,15.7,2026-10-03T13:05:37.289550Z
WAF-0895,000894.npy,128x128 -> 256x256,completed,25.99,0.9867,16.5,2026-10-03T13:05:37.289550Z
WAF-0896,000895.npy,128x128 -> 256x256,completed,26.11,0.9873,17.3,2026-10-03T13:05:37.289550Z
WAF-0897,000896.npy,128x128 -> 256x256,completed,26.23,0.9837,12.5,2026-10-03T13:05:37.289550Z
WAF-0898,000897.npy,128x128 -> 256x256,completed,26.35,0.9843,13.3,2026-10-03T13:05:37.289550Z
WAF-0899,000898.npy,128x128 -> 256x256,completed,26.47,0.9849,14.1,2026-10-03T13:05:37.289550Z
WAF-0900,000899.npy,128x128 -> 256x256,completed,26.59,0.9855,14.9,2026-10-03T13:05:37.289550Z
WAF-0901,000900.npy,128x128 -> 256x256,completed,26.71,0.9861,15.7,2026-10-03T13:05:37.289550Z
WAF-0902,000901.npy,128x128 -> 256x256,completed,26.83,0.9867,16.5,2026-10-03T13:05:37.289550Z
WAF-0903,000902.npy,128x128 -> 256x256,completed,25.63,0.9873,17.3,2026-10-03T13:05:37.289550Z
WAF-0904,000903.npy,128x128 -> 256x256,completed,25.75,0.9837,12.5,2026-10-03T13:05:37.289550Z
WAF-0905,000904.npy,128x128 -> 256x256,completed,25.87,0.9843,13.3,2026-10-03T13:05:37.289550Z
WAF-0906,000905.npy,128x128 -> 256x256,completed,25.99,0.9849,14.1,2026-10-03T13:05:37.289550Z
WAF-0907,000906.npy,128x128 -> 256x256,completed,33.73,0.7437,14.9,2026-10-03T13:05:37.289550Z
WAF-0908,000907.npy,128x128 -> 256x256,completed,26.23,0.9861,15.7,2026-10-03T13:05:37.289550Z
WAF-0909,000908.npy,128x128 -> 256x256,completed,26.35,0.9867,16.5,2026-10-03T13:05:37.289550Z
WAF-0910,000909.npy,128x128 -> 256x256,completed,26.47,0.9873,17.3,2026-10-03T13:05:37.289550Z
WAF-0911,000910.npy,128x128 -> 256x256,completed,26.59,0.9837,12.5,2026-10-03T13:05:37.296775Z
WAF-0912,000911.npy,128x128 -> 256x256,completed,26.71,0.9843,13.3,2026-10-03T13:05:37.296775Z
WAF-0913,000912.npy,128x128 -> 256x256,completed,30.76,0.8082,14.1,2026-10-03T13:05:37.297854Z
WAF-0914,000913.npy,128x128 -> 256x256,completed,25.63,0.9855,14.9,2026-10-03T13:05:37.297854Z
WAF-0915,000914.npy,128x128 -> 256x256,completed,25.75,0.9861,15.7,2026-10-03T13:05:37.297854Z
WAF-0916,000915.npy,128x128 -> 256x256,completed,25.87,0.9867,16.5,2026-10-03T13:05:37.297854Z
WAF-0917,000916.npy,128x128 -> 256x256,completed,25.99,0.9873,17.3,2026-10-03T13:05:37.297854Z
WAF-0918,000917.npy,128x128 -> 256x256,completed,28.43,0.7207,12.5,2026-10-03T13:05:37.297854Z
WAF-0919,000918.npy,128x128 -> 256x256,completed,26.23,0.9843,13.3,2026-10-03T13:05:37.297854Z
WAF-0920,000919.npy,128x128 -> 256x256,completed,26.35,0.9849,14.1,2026-10-03T13:05:37.297854Z
WAF-0921,000920.npy,128x128 -> 256x256,completed,26.47,0.9855,14.9,2026-10-03T13:05:37.297854Z
WAF-0922,000921.npy,128x128 -> 256x256,completed,26.59,0.9861,15.7,2026-10-03T13:05:37.297854Z
WAF-0923,000922.npy,128x128 -> 256x256,completed,26.71,0.9867,16.5,2026-10-03T13:05:37.297854Z
WAF-0924,000923.npy,128x128 -> 256x256,completed,26.83,0.9873,17.3,2026-10-03T13:05:37.297854Z
WAF-0925,000924.npy,128x128 -> 256x256,completed,25.63,0.9837,12.5,2026-10-03T13:05:37.297854Z
WAF-0926,000925.npy,128x128 -> 256x256,completed,25.75,0.9843,13.3,2026-10-03T13:05:37.297854Z
WAF-0927,000926.npy,128x128 -> 256x256,completed,30.56,0.6707,14.1,2026-10-03T13:05:37.297854Z
WAF-0928,000927.npy,128x128 -> 256x256,completed,25.99,0.9855,14.9,2026-10-03T13:05:37.297854Z
WAF-0929,000928.npy,128x128 -> 256x256,completed,26.11,0.9861,15.7,2026-10-03T13:05:37.297854Z
WAF-0930,000929.npy,128x128 -> 256x256,completed,26.23,0.9867,16.5,2026-10-03T13:05:37.297854Z
WAF-0931,000930.npy,128x128 -> 256x256,completed,27.42,0.794,17.3,2026-10-03T13:05:37.297854Z
WAF-0932,000931.npy,128x128 -> 256x256,completed,26.47,0.9837,12.5,2026-10-03T13:05:37.297854Z
WAF-0933,000932.npy,128x128 -> 256x256,completed,26.59,0.9843,13.3,2026-10-03T13:05:37.297854Z
WAF-0934,000933.npy,128x128 -> 256x256,completed,26.71,0.9849,14.1,2026-10-03T13:05:37.297854Z
WAF-0935,000934.npy,128x128 -> 256x256,completed,26.83,0.9855,14.9,2026-10-03T13:05:37.297854Z
WAF-0936,000935.npy,128x128 -> 256x256,completed,25.63,0.9861,15.7,2026-10-03T13:05:37.297854Z
WAF-0937,000936.npy,128x128 -> 256x256,completed,25.75,0.9867,16.5,2026-10-03T13:05:37.297854Z
WAF-0938,000937.npy,128x128 -> 256x256,completed,25.87,0.9873,17.3,2026-10-03T13:05:37.304850Z
WAF-0939,000938.npy,128x128 -> 256x256,completed,25.99,0.9837,12.5,2026-10-03T13:05:37.304850Z
WAF-0940,000939.npy,128x128 -> 256x256,completed,26.11,0.9843,13.3,2026-10-03T13:05:37.304850Z
WAF-0941,000940.npy,128x128 -> 256x256,completed,26.23,0.9849,14.1,2026-10-03T13:05:37.304850Z
WAF-0942,000941.npy,128x128 -> 256x256,completed,26.35,0.9855,14.9,2026-10-03T13:05:37.304850Z
WAF-0943,000942.npy,128x128 -> 256x256,completed,26.47,0.9861,15.7,2026-10-03T13:05:37.304850Z
WAF-0944,000943.npy,128x128 -> 256x256,completed,26.59,0.9867,16.5,2026-10-03T13:05:37.304850Z
WAF-0945,000944.npy,128x128 -> 256x256,completed,26.71,0.9873,17.3,2026-10-03T13:05:37.304850Z
WAF-0946,000945.npy,128x128 -> 256x256,completed,26.83,0.9837,12.5,2026-10-03T13:05:37.304850Z
WAF-0947,000946.npy,128x128 -> 256x256,completed,25.63,0.9843,13.3,2026-10-03T13:05:37.304850Z
WAF-0948,000947.npy,128x128 -> 256x256,completed,25.75,0.9849,14.1,2026-10-03T13:05:37.304850Z
WAF-0949,000948.npy,128x128 -> 256x256,completed,25.87,0.9855,14.9,2026-10-03T13:05:37.304850Z
WAF-0950,000949.npy,128x128 -> 256x256,completed,25.99,0.9861,15.7,2026-10-03T13:05:37.304850Z
WAF-0951,000950.npy,128x128 -> 256x256,completed,26.11,0.9867,16.5,2026-10-03T13:05:37.304850Z
WAF-0952,000951.npy,128x128 -> 256x256,completed,26.23,0.9873,17.3,2026-10-03T13:05:37.304850Z
WAF-0953,000952.npy,128x128 -> 256x256,completed,26.35,0.9837,12.5,2026-10-03T13:05:37.304850Z
WAF-0954,000953.npy,128x128 -> 256x256,completed,26.47,0.9843,13.3,2026-10-03T13:05:37.304850Z
WAF-0955,000954.npy,128x128 -> 256x256,completed,26.59,0.9849,14.1,2026-10-03T13:05:37.304850Z
WAF-0956,000955.npy,128x128 -> 256x256,completed,26.71,0.9855,14.9,2026-10-03T13:05:37.304850Z
WAF-0957,000956.npy,128x128 -> 256x256,completed,26.83,0.9861,15.7,2026-10-03T13:05:37.304850Z
WAF-0958,000957.npy,128x128 -> 256x256,completed,25.63,0.9867,16.5,2026-10-03T13:05:37.309351Z
WAF-0959,000958.npy,128x128 -> 256x256,completed,25.75,0.9873,17.3,2026-10-03T13:05:37.309351Z
WAF-0960,000959.npy,128x128 -> 256x256,completed,25.87,0.9837,12.5,2026-10-03T13:05:37.309351Z
WAF-0961,000960.npy,128x128 -> 256x256,completed,25.99,0.9843,13.3,2026-10-03T13:05:37.309351Z
WAF-0962,000961.npy,128x128 -> 256x256,completed,26.11,0.9849,14.1,2026-10-03T13:05:37.309351Z
WAF-0963,000962.npy,128x128 -> 256x256,completed,26.23,0.9855,14.9,2026-10-03T13:05:37.309351Z
WAF-0964,000963.npy,128x128 -> 256x256,completed,26.35,0.9861,15.7,2026-10-03T13:05:37.309351Z
WAF-0965,000964.npy,128x128 -> 256x256,completed,27.58,0.8324,16.5,2026-10-03T13:05:37.311100Z
WAF-0966,000965.npy,128x128 -> 256x256,completed,26.59,0.9873,17.3,2026-10-03T13:05:37.311100Z
WAF-0967,000966.npy,128x128 -> 256x256,completed,26.71,0.9837,12.5,2026-10-03T13:05:37.311100Z
WAF-0968,000967.npy,128x128 -> 256x256,completed,26.83,0.9843,13.3,2026-10-03T13:05:37.313110Z
WAF-0969,000968.npy,128x128 -> 256x256,completed,25.63,0.9849,14.1,2026-10-03T13:05:37.313110Z
WAF-0970,000969.npy,128x128 -> 256x256,completed,25.75,0.9855,14.9,2026-10-03T13:05:37.314327Z
WAF-0971,000970.npy,128x128 -> 256x256,completed,24.46,0.648,15.7,2026-10-03T13:05:37.314327Z
WAF-0972,000971.npy,128x128 -> 256x256,completed,25.99,0.9867,16.5,2026-10-03T13:05:37.314327Z
WAF-0973,000972.npy,128x128 -> 256x256,completed,33.56,0.9385,17.3,2026-10-03T13:05:37.314327Z
WAF-0974,000973.npy,128x128 -> 256x256,completed,26.23,0.9837,12.5,2026-10-03T13:05:37.314327Z
WAF-0975,000974.npy,128x128 -> 256x256,completed,26.35,0.9843,13.3,2026-10-03T13:05:37.314327Z
WAF-0976,000975.npy,128x128 -> 256x256,completed,26.47,0.9849,14.1,2026-10-03T13:05:37.316336Z
WAF-0977,000976.npy,128x128 -> 256x256,completed,26.59,0.9855,14.9,2026-10-03T13:05:37.316336Z
WAF-0978,000977.npy,128x128 -> 256x256,completed,26.71,0.9861,15.7,2026-10-03T13:05:37.316336Z
WAF-0979,000978.npy,128x128 -> 256x256,completed,26.83,0.9867,16.5,2026-10-03T13:05:37.316336Z
WAF-0980,000979.npy,128x128 -> 256x256,completed,25.63,0.9873,17.3,2026-10-03T13:05:37.316336Z
WAF-0981,000980.npy,128x128 -> 256x256,completed,25.75,0.9837,12.5,2026-10-03T13:05:37.316336Z
WAF-0982,000981.npy,128x128 -> 256x256,completed,25.87,0.9843,13.3,2026-10-03T13:05:37.316336Z
WAF-0983,000982.npy,128x128 -> 256x256,completed,25.99,0.9849,14.1,2026-10-03T13:05:37.316336Z
WAF-0984,000983.npy,128x128 -> 256x256,completed,25.67,0.7361,14.9,2026-10-03T13:05:37.316336Z
WAF-0985,000984.npy,128x128 -> 256x256,completed,26.23,0.9861,15.7,2026-10-03T13:05:37.316336Z
WAF-0986,000985.npy,128x128 -> 256x256,completed,26.35,0.9867,16.5,2026-10-03T13:05:37.316336Z
WAF-0987,000986.npy,128x128 -> 256x256,completed,26.47,0.9873,17.3,2026-10-03T13:05:37.316336Z
WAF-0988,000987.npy,128x128 -> 256x256,completed,26.59,0.9837,12.5,2026-10-03T13:05:37.316336Z
WAF-0989,000988.npy,128x128 -> 256x256,completed,26.71,0.9843,13.3,2026-10-03T13:05:37.316336Z
WAF-0990,000989.npy,128x128 -> 256x256,completed,26.83,0.9849,14.1,2026-10-03T13:05:37.316336Z
WAF-0991,000990.npy,128x128 -> 256x256,completed,25.63,0.9855,14.9,2026-10-03T13:05:37.316336Z
WAF-0992,000991.npy,128x128 -> 256x256,completed,25.75,0.9861,15.7,2026-10-03T13:05:37.321411Z
WAF-0993,000992.npy,128x128 -> 256x256,completed,25.87,0.9867,16.5,2026-10-03T13:05:37.321411Z
WAF-0994,000993.npy,128x128 -> 256x256,completed,31.92,0.6846,17.3,2026-10-03T13:05:37.321411Z
WAF-0995,000994.npy,128x128 -> 256x256,completed,26.11,0.9837,12.5,2026-10-03T13:05:37.321411Z
WAF-0996,000995.npy,128x128 -> 256x256,completed,26.23,0.9843,13.3,2026-10-03T13:05:37.321411Z
WAF-0997,000996.npy,128x128 -> 256x256,completed,26.35,0.9849,14.1,2026-10-03T13:05:37.321411Z
WAF-0998,000997.npy,128x128 -> 256x256,completed,26.47,0.9855,14.9,2026-10-03T13:05:37.321411Z
WAF-0999,000998.npy,128x128 -> 256x256,completed,26.59,0.9861,15.7,2026-10-03T13:05:37.321411Z
WAF-1000,000999.npy,128x128 -> 256x256,completed,26.71,0.9867,16.5,2026-10-03T13:05:37.321411Z
WAF-1001,001000.npy,128x128 -> 256x256,completed,26.83,0.9873,17.3,2026-10-03T13:05:37.321411Z
WAF-1002,001001.npy,128x128 -> 256x256,completed,25.63,0.9837,12.5,2026-10-03T13:05:37.321411Z
WAF-1003,001002.npy,128x128 -> 256x256,completed,25.75,0.9843,13.3,2026-10-03T13:05:37.321411Z
WAF-1004,001003.npy,128x128 -> 256x256,completed,25.87,0.9849,14.1,2026-10-03T13:05:37.321411Z
WAF-1005,001004.npy,128x128 -> 256x256,completed,25.99,0.9855,14.9,2026-10-03T13:05:37.321411Z
WAF-1006,001005.npy,128x128 -> 256x256,completed,26.11,0.9861,15.7,2026-10-03T13:05:37.321411Z
WAF-1007,001006.npy,128x128 -> 256x256,completed,26.23,0.9867,16.5,2026-10-03T13:05:37.321411Z
WAF-1008,001007.npy,128x128 -> 256x256,completed,26.35,0.9873,17.3,2026-10-03T13:05:37.321411Z
WAF-1009,001008.npy,128x128 -> 256x256,completed,26.47,0.9837,12.5,2026-10-03T13:05:37.321411Z
WAF-1010,001009.npy,128x128 -> 256x256,completed,26.59,0.9843,13.3,2026-10-03T13:05:37.321411Z
WAF-1011,001010.npy,128x128 -> 256x256,completed,26.71,0.9849,14.1,2026-10-03T13:05:37.321411Z
WAF-1012,001011.npy,128x128 -> 256x256,completed,26.83,0.9855,14.9,2026-10-03T13:05:37.321411Z
WAF-1013,001012.npy,128x128 -> 256x256,completed,25.63,0.9861,15.7,2026-10-03T13:05:37.321411Z
WAF-1014,001013.npy,128x128 -> 256x256,completed,30.45,0.9495,16.5,2026-10-03T13:05:37.321411Z
WAF-1015,001014.npy,128x128 -> 256x256,completed,25.87,0.9873,17.3,2026-10-03T13:05:37.321411Z
WAF-1016,001015.npy,128x128 -> 256x256,completed,25.99,0.9837,12.5,2026-10-03T13:05:37.321411Z
WAF-1017,001016.npy,128x128 -> 256x256,completed,26.11,0.9843,13.3,2026-10-03T13:05:37.321411Z
WAF-1018,001017.npy,128x128 -> 256x256,completed,26.23,0.9849,14.1,2026-10-03T13:05:37.328896Z
WAF-1019,001018.npy,128x128 -> 256x256,completed,26.35,0.9855,14.9,2026-10-03T13:05:37.329577Z
WAF-1020,001019.npy,128x128 -> 256x256,completed,26.47,0.9861,15.7,2026-10-03T13:05:37.329577Z
WAF-1021,001020.npy,128x128 -> 256x256,completed,26.59,0.9867,16.5,2026-10-03T13:05:37.329577Z
WAF-1022,001021.npy,128x128 -> 256x256,completed,26.71,0.9873,17.3,2026-10-03T13:05:37.329577Z
WAF-1023,001022.npy,128x128 -> 256x256,completed,26.83,0.9837,12.5,2026-10-03T13:05:37.329577Z
WAF-1024,001023.npy,128x128 -> 256x256,completed,25.63,0.9843,13.3,2026-10-03T13:05:37.329577Z
WAF-1025,001024.npy,128x128 -> 256x256,completed,25.75,0.9849,14.1,2026-10-03T13:05:37.329577Z
WAF-1026,001025.npy,128x128 -> 256x256,completed,25.87,0.9855,14.9,2026-10-03T13:05:37.329577Z
WAF-1027,001026.npy,128x128 -> 256x256,completed,25.99,0.9861,15.7,2026-10-03T13:05:37.329577Z
WAF-1028,001027.npy,128x128 -> 256x256,completed,26.11,0.9867,16.5,2026-10-03T13:05:37.329577Z
WAF-1029,001028.npy,128x128 -> 256x256,completed,26.23,0.9873,17.3,2026-10-03T13:05:37.329577Z
WAF-1030,001029.npy,128x128 -> 256x256,completed,26.35,0.9837,12.5,2026-10-03T13:05:37.329577Z
WAF-1031,001030.npy,128x128 -> 256x256,completed,33.09,0.8562,13.3,2026-10-03T13:05:37.329577Z
WAF-1032,001031.npy,128x128 -> 256x256,completed,26.59,0.9849,14.1,2026-10-03T13:05:37.329577Z
WAF-1033,001032.npy,128x128 -> 256x256,completed,26.71,0.9855,14.9,2026-10-03T13:05:37.329577Z
WAF-1034,001033.npy,128x128 -> 256x256,completed,26.83,0.9861,15.7,2026-10-03T13:05:37.329577Z
WAF-1035,001034.npy,128x128 -> 256x256,completed,25.63,0.9867,16.5,2026-10-03T13:05:37.329577Z
WAF-1036,001035.npy,128x128 -> 256x256,completed,25.75,0.9873,17.3,2026-10-03T13:05:37.329577Z
WAF-1037,001036.npy,128x128 -> 256x256,completed,25.87,0.9837,12.5,2026-10-03T13:05:37.329577Z
WAF-1038,001037.npy,128x128 -> 256x256,completed,25.99,0.9843,13.3,2026-10-03T13:05:37.329577Z
WAF-1039,001038.npy,128x128 -> 256x256,completed,26.11,0.9849,14.1,2026-10-03T13:05:37.329577Z
WAF-1040,001039.npy,128x128 -> 256x256,completed,26.23,0.9855,14.9,2026-10-03T13:05:37.329577Z
WAF-1041,001040.npy,128x128 -> 256x256,completed,26.35,0.9861,15.7,2026-10-03T13:05:37.329577Z
WAF-1042,001041.npy,128x128 -> 256x256,completed,26.47,0.9867,16.5,2026-10-03T13:05:37.329577Z
WAF-1043,001042.npy,128x128 -> 256x256,completed,26.59,0.9873,17.3,2026-10-03T13:05:37.329577Z
WAF-1044,001043.npy,128x128 -> 256x256,completed,26.71,0.9837,12.5,2026-10-03T13:05:37.329577Z
WAF-1045,001044.npy,128x128 -> 256x256,completed,26.83,0.9843,13.3,2026-10-03T13:05:37.329577Z
WAF-1046,001045.npy,128x128 -> 256x256,completed,25.63,0.9849,14.1,2026-10-03T13:05:37.329577Z
WAF-1047,001046.npy,128x128 -> 256x256,completed,25.75,0.9855,14.9,2026-10-03T13:05:37.337883Z
WAF-1048,001047.npy,128x128 -> 256x256,completed,32.27,0.8687,15.7,2026-10-03T13:05:37.337883Z
WAF-1049,001048.npy,128x128 -> 256x256,completed,26.58,0.8344,16.5,2026-10-03T13:05:37.337883Z
WAF-1050,001049.npy,128x128 -> 256x256,completed,26.11,0.9873,17.3,2026-10-03T13:05:37.337883Z
WAF-1051,001050.npy,128x128 -> 256x256,completed,26.23,0.9837,12.5,2026-10-03T13:05:37.337883Z
WAF-1052,001051.npy,128x128 -> 256x256,completed,26.35,0.9843,13.3,2026-10-03T13:05:37.337883Z
WAF-1053,001052.npy,128x128 -> 256x256,completed,26.47,0.9849,14.1,2026-10-03T13:05:37.337883Z
WAF-1054,001053.npy,128x128 -> 256x256,completed,26.59,0.9855,14.9,2026-10-03T13:05:37.337883Z
WAF-1055,001054.npy,128x128 -> 256x256,completed,36.53,0.9632,15.7,2026-10-03T13:05:37.337883Z
WAF-1056,001055.npy,128x128 -> 256x256,completed,26.83,0.9867,16.5,2026-10-03T13:05:37.337883Z
WAF-1057,001056.npy,128x128 -> 256x256,completed,25.63,0.9873,17.3,2026-10-03T13:05:37.337883Z
WAF-1058,001057.npy,128x128 -> 256x256,completed,25.75,0.9837,12.5,2026-10-03T13:05:37.337883Z
WAF-1059,001058.npy,128x128 -> 256x256,completed,25.87,0.9843,13.3,2026-10-03T13:05:37.337883Z
WAF-1060,001059.npy,128x128 -> 256x256,completed,25.99,0.9849,14.1,2026-10-03T13:05:37.337883Z
WAF-1061,001060.npy,128x128 -> 256x256,completed,26.11,0.9855,14.9,2026-10-03T13:05:37.337883Z
WAF-1062,001061.npy,128x128 -> 256x256,completed,26.23,0.9861,15.7,2026-10-03T13:05:37.337883Z
WAF-1063,001062.npy,128x128 -> 256x256,completed,26.35,0.9867,16.5,2026-10-03T13:05:37.337883Z
WAF-1064,001063.npy,128x128 -> 256x256,completed,26.47,0.9873,17.3,2026-10-03T13:05:37.337883Z
WAF-1065,001064.npy,128x128 -> 256x256,completed,34.63,0.933,12.5,2026-10-03T13:05:37.337883Z
WAF-1066,001065.npy,128x128 -> 256x256,completed,26.71,0.9843,13.3,2026-10-03T13:05:37.337883Z
WAF-1067,001066.npy,128x128 -> 256x256,completed,26.83,0.9849,14.1,2026-10-03T13:05:37.337883Z
WAF-1068,001067.npy,128x128 -> 256x256,completed,25.63,0.9855,14.9,2026-10-03T13:05:37.337883Z
WAF-1069,001068.npy,128x128 -> 256x256,completed,25.75,0.9861,15.7,2026-10-03T13:05:37.337883Z
WAF-1070,001069.npy,128x128 -> 256x256,completed,25.87,0.9867,16.5,2026-10-03T13:05:37.337883Z
WAF-1071,001070.npy,128x128 -> 256x256,completed,25.99,0.9873,17.3,2026-10-03T13:05:37.337883Z
WAF-1072,001071.npy,128x128 -> 256x256,completed,26.11,0.9837,12.5,2026-10-03T13:05:37.337883Z
WAF-1073,001072.npy,128x128 -> 256x256,completed,26.23,0.9843,13.3,2026-10-03T13:05:37.337883Z
WAF-1074,001073.npy,128x128 -> 256x256,completed,26.35,0.9849,14.1,2026-10-03T13:05:37.345832Z
WAF-1075,001074.npy,128x128 -> 256x256,completed,23.8,0.806,14.9,2026-10-03T13:05:37.345832Z
WAF-1076,001075.npy,128x128 -> 256x256,completed,23.24,0.7714,15.7,2026-10-03T13:05:37.345832Z
WAF-1077,001076.npy,128x128 -> 256x256,completed,26.71,0.9867,16.5,2026-10-03T13:05:37.345832Z
WAF-1078,001077.npy,128x128 -> 256x256,completed,26.83,0.9873,17.3,2026-10-03T13:05:37.345832Z
WAF-1079,001078.npy,128x128 -> 256x256,completed,25.63,0.9837,12.5,2026-10-03T13:05:37.345832Z
WAF-1080,001079.npy,128x128 -> 256x256,completed,25.75,0.9843,13.3,2026-10-03T13:05:37.345832Z
WAF-1081,001080.npy,128x128 -> 256x256,completed,25.87,0.9849,14.1,2026-10-03T13:05:37.345832Z
WAF-1082,001081.npy,128x128 -> 256x256,completed,25.99,0.9855,14.9,2026-10-03T13:05:37.345832Z
WAF-1083,001082.npy,128x128 -> 256x256,completed,26.11,0.9861,15.7,2026-10-03T13:05:37.345832Z
WAF-1084,001083.npy,128x128 -> 256x256,completed,26.23,0.9867,16.5,2026-10-03T13:05:37.345832Z
WAF-1085,001084.npy,128x128 -> 256x256,completed,26.35,0.9873,17.3,2026-10-03T13:05:37.345832Z
WAF-1086,001085.npy,128x128 -> 256x256,completed,26.47,0.9837,12.5,2026-10-03T13:05:37.345832Z
WAF-1087,001086.npy,128x128 -> 256x256,completed,26.59,0.9843,13.3,2026-10-03T13:05:37.345832Z
WAF-1088,001087.npy,128x128 -> 256x256,completed,26.71,0.9849,14.1,2026-10-03T13:05:37.345832Z
WAF-1089,001088.npy,128x128 -> 256x256,completed,26.83,0.9855,14.9,2026-10-03T13:05:37.345832Z
WAF-1090,001089.npy,128x128 -> 256x256,completed,25.63,0.9861,15.7,2026-10-03T13:05:37.345832Z
WAF-1091,001090.npy,128x128 -> 256x256,completed,25.75,0.9867,16.5,2026-10-03T13:05:37.345832Z
WAF-1092,001091.npy,128x128 -> 256x256,completed,29.03,0.9094,17.3,2026-10-03T13:05:37.345832Z
WAF-1093,001092.npy,128x128 -> 256x256,completed,25.99,0.9837,12.5,2026-10-03T13:05:37.345832Z
WAF-1094,001093.npy,128x128 -> 256x256,completed,26.11,0.9843,13.3,2026-10-03T13:05:37.345832Z
WAF-1095,001094.npy,128x128 -> 256x256,completed,26.23,0.9849,14.1,2026-10-03T13:05:37.345832Z
WAF-1096,001095.npy,128x128 -> 256x256,completed,39.03,0.9594,14.9,2026-10-03T13:05:37.345832Z
WAF-1097,001096.npy,128x128 -> 256x256,completed,26.47,0.9861,15.7,2026-10-03T13:05:37.345832Z
WAF-1098,001097.npy,128x128 -> 256x256,completed,26.59,0.9867,16.5,2026-10-03T13:05:37.345832Z
WAF-1099,001098.npy,128x128 -> 256x256,completed,26.71,0.9873,17.3,2026-10-03T13:05:37.345832Z
WAF-1100,001099.npy,128x128 -> 256x256,completed,26.83,0.9837,12.5,2026-10-03T13:05:37.345832Z
WAF-1101,001100.npy,128x128 -> 256x256,completed,25.63,0.9843,13.3,2026-10-03T13:05:37.345832Z
WAF-1102,001101.npy,128x128 -> 256x256,completed,25.75,0.9849,14.1,2026-10-03T13:05:37.345832Z
WAF-1103,001102.npy,128x128 -> 256x256,completed,25.87,0.9855,14.9,2026-10-03T13:05:37.345832Z
WAF-1104,001103.npy,128x128 -> 256x256,completed,25.99,0.9861,15.7,2026-10-03T13:05:37.345832Z
WAF-1105,001104.npy,128x128 -> 256x256,completed,26.11,0.9867,16.5,2026-10-03T13:05:37.345832Z
WAF-1106,001105.npy,128x128 -> 256x256,completed,26.23,0.9873,17.3,2026-10-03T13:05:37.345832Z
WAF-1107,001106.npy,128x128 -> 256x256,completed,26.35,0.9837,12.5,2026-10-03T13:05:37.345832Z
WAF-1108,001107.npy,128x128 -> 256x256,completed,25.58,0.7108,13.3,2026-10-03T13:05:37.345832Z
WAF-1109,001108.npy,128x128 -> 256x256,completed,22.23,0.7241,14.1,2026-10-03T13:05:37.345832Z
WAF-1110,001109.npy,128x128 -> 256x256,completed,26.71,0.9855,14.9,2026-10-03T13:05:37.345832Z
WAF-1111,001110.npy,128x128 -> 256x256,completed,26.83,0.9861,15.7,2026-10-03T13:05:37.353760Z
WAF-1112,001111.npy,128x128 -> 256x256,completed,23.32,0.8451,16.5,2026-10-03T13:05:37.353760Z
WAF-1113,001112.npy,128x128 -> 256x256,completed,25.75,0.9873,17.3,2026-10-03T13:05:37.353760Z
WAF-1114,001113.npy,128x128 -> 256x256,completed,25.87,0.9837,12.5,2026-10-03T13:05:37.353760Z
WAF-1115,001114.npy,128x128 -> 256x256,completed,25.99,0.9843,13.3,2026-10-03T13:05:37.353760Z
WAF-1116,001115.npy,128x128 -> 256x256,completed,26.11,0.9849,14.1,2026-10-03T13:05:37.353760Z
WAF-1117,001116.npy,128x128 -> 256x256,completed,26.23,0.9855,14.9,2026-10-03T13:05:37.353760Z
WAF-1118,001117.npy,128x128 -> 256x256,completed,26.35,0.9861,15.7,2026-10-03T13:05:37.353760Z
WAF-1119,001118.npy,128x128 -> 256x256,completed,26.47,0.9867,16.5,2026-10-03T13:05:37.353760Z
WAF-1120,001119.npy,128x128 -> 256x256,completed,26.59,0.9873,17.3,2026-10-03T13:05:37.353760Z
WAF-1121,001120.npy,128x128 -> 256x256,completed,26.71,0.9837,12.5,2026-10-03T13:05:37.353760Z
WAF-1122,001121.npy,128x128 -> 256x256,completed,25.28,0.8005,13.3,2026-10-03T13:05:37.353760Z
WAF-1123,001122.npy,128x128 -> 256x256,completed,24.61,0.8061,14.1,2026-10-03T13:05:37.353760Z
WAF-1124,001123.npy,128x128 -> 256x256,completed,25.75,0.9855,14.9,2026-10-03T13:05:37.353760Z
WAF-1125,001124.npy,128x128 -> 256x256,completed,25.87,0.9861,15.7,2026-10-03T13:05:37.353760Z
WAF-1126,001125.npy,128x128 -> 256x256,completed,28.55,0.8323,16.5,2026-10-03T13:05:37.353760Z
WAF-1127,001126.npy,128x128 -> 256x256,completed,26.11,0.9873,17.3,2026-10-03T13:05:37.353760Z
WAF-1128,001127.npy,128x128 -> 256x256,completed,26.23,0.9837,12.5,2026-10-03T13:05:37.353760Z
WAF-1129,001128.npy,128x128 -> 256x256,completed,26.35,0.9843,13.3,2026-10-03T13:05:37.353760Z
WAF-1130,001129.npy,128x128 -> 256x256,completed,26.47,0.9849,14.1,2026-10-03T13:05:37.353760Z
WAF-1131,001130.npy,128x128 -> 256x256,completed,26.59,0.9855,14.9,2026-10-03T13:05:37.353760Z
WAF-1132,001131.npy,128x128 -> 256x256,completed,26.71,0.9861,15.7,2026-10-03T13:05:37.353760Z
WAF-1133,001132.npy,128x128 -> 256x256,completed,26.83,0.9867,16.5,2026-10-03T13:05:37.353760Z
WAF-1134,001133.npy,128x128 -> 256x256,completed,25.63,0.9873,17.3,2026-10-03T13:05:37.353760Z
WAF-1135,001134.npy,128x128 -> 256x256,completed,25.75,0.9837,12.5,2026-10-03T13:05:37.353760Z
WAF-1136,001135.npy,128x128 -> 256x256,completed,25.87,0.9843,13.3,2026-10-03T13:05:37.353760Z
WAF-1137,001136.npy,128x128 -> 256x256,completed,27.51,0.894,14.1,2026-10-03T13:05:37.353760Z
WAF-1138,001137.npy,128x128 -> 256x256,completed,26.11,0.9855,14.9,2026-10-03T13:05:37.353760Z
WAF-1139,001138.npy,128x128 -> 256x256,completed,26.23,0.9861,15.7,2026-10-03T13:05:37.353760Z
WAF-1140,001139.npy,128x128 -> 256x256,completed,26.35,0.9867,16.5,2026-10-03T13:05:37.353760Z
WAF-1141,001140.npy,128x128 -> 256x256,completed,26.47,0.9873,17.3,2026-10-03T13:05:37.353760Z
WAF-1142,001141.npy,128x128 -> 256x256,completed,26.59,0.9837,12.5,2026-10-03T13:05:37.353760Z
WAF-1143,001142.npy,128x128 -> 256x256,completed,26.71,0.9843,13.3,2026-10-03T13:05:37.353760Z
WAF-1144,001143.npy,128x128 -> 256x256,completed,26.83,0.9849,14.1,2026-10-03T13:05:37.353760Z
WAF-1145,001144.npy,128x128 -> 256x256,completed,25.63,0.9855,14.9,2026-10-03T13:05:37.353760Z
WAF-1146,001145.npy,128x128 -> 256x256,completed,25.75,0.9861,15.7,2026-10-03T13:05:37.353760Z
WAF-1147,001146.npy,128x128 -> 256x256,completed,25.87,0.9867,16.5,2026-10-03T13:05:37.361873Z
WAF-1148,001147.npy,128x128 -> 256x256,completed,25.99,0.9873,17.3,2026-10-03T13:05:37.361873Z
WAF-1149,001148.npy,128x128 -> 256x256,completed,26.11,0.9837,12.5,2026-10-03T13:05:37.361873Z
WAF-1150,001149.npy,128x128 -> 256x256,completed,26.23,0.9843,13.3,2026-10-03T13:05:37.361873Z
WAF-1151,001150.npy,128x128 -> 256x256,completed,26.35,0.9849,14.1,2026-10-03T13:05:37.361873Z
WAF-1152,001151.npy,128x128 -> 256x256,completed,22.59,0.7423,14.9,2026-10-03T13:05:37.361873Z
WAF-1153,001152.npy,128x128 -> 256x256,completed,26.59,0.9861,15.7,2026-10-03T13:05:37.361873Z
WAF-1154,001153.npy,128x128 -> 256x256,completed,26.71,0.9867,16.5,2026-10-03T13:05:37.361873Z
WAF-1155,001154.npy,128x128 -> 256x256,completed,26.83,0.9873,17.3,2026-10-03T13:05:37.361873Z
WAF-1156,001155.npy,128x128 -> 256x256,completed,25.63,0.9837,12.5,2026-10-03T13:05:37.361873Z
WAF-1157,001156.npy,128x128 -> 256x256,completed,25.75,0.9843,13.3,2026-10-03T13:05:37.361873Z
WAF-1158,001157.npy,128x128 -> 256x256,completed,25.87,0.9849,14.1,2026-10-03T13:05:37.361873Z
WAF-1159,001158.npy,128x128 -> 256x256,completed,25.99,0.9855,14.9,2026-10-03T13:05:37.361873Z
WAF-1160,001159.npy,128x128 -> 256x256,completed,26.11,0.9861,15.7,2026-10-03T13:05:37.361873Z
WAF-1161,001160.npy,128x128 -> 256x256,completed,26.23,0.9867,16.5,2026-10-03T13:05:37.361873Z
WAF-1162,001161.npy,128x128 -> 256x256,completed,26.35,0.9873,17.3,2026-10-03T13:05:37.361873Z
WAF-1163,001162.npy,128x128 -> 256x256,completed,26.47,0.9837,12.5,2026-10-03T13:05:37.361873Z
WAF-1164,001163.npy,128x128 -> 256x256,completed,26.59,0.9843,13.3,2026-10-03T13:05:37.361873Z
WAF-1165,001164.npy,128x128 -> 256x256,completed,26.71,0.9849,14.1,2026-10-03T13:05:37.361873Z
WAF-1166,001165.npy,128x128 -> 256x256,completed,26.83,0.9855,14.9,2026-10-03T13:05:37.361873Z
WAF-1167,001166.npy,128x128 -> 256x256,completed,25.63,0.9861,15.7,2026-10-03T13:05:37.361873Z
WAF-1168,001167.npy,128x128 -> 256x256,completed,25.75,0.9867,16.5,2026-10-03T13:05:37.361873Z
WAF-1169,001168.npy,128x128 -> 256x256,completed,25.87,0.9873,17.3,2026-10-03T13:05:37.361873Z
WAF-1170,001169.npy,128x128 -> 256x256,completed,25.99,0.9837,12.5,2026-10-03T13:05:37.361873Z
WAF-1171,001170.npy,128x128 -> 256x256,completed,26.11,0.9843,13.3,2026-10-03T13:05:37.361873Z
WAF-1172,001171.npy,128x128 -> 256x256,completed,26.23,0.9849,14.1,2026-10-03T13:05:37.361873Z
WAF-1173,001172.npy,128x128 -> 256x256,completed,26.35,0.9855,14.9,2026-10-03T13:05:37.361873Z
WAF-1174,001173.npy,128x128 -> 256x256,completed,31.62,0.9,15.7,2026-10-03T13:05:37.361873Z
WAF-1175,001174.npy,128x128 -> 256x256,completed,26.59,0.9867,16.5,2026-10-03T13:05:37.361873Z
WAF-1176,001175.npy,128x128 -> 256x256,completed,26.71,0.9873,17.3,2026-10-03T13:05:37.361873Z
WAF-1177,001176.npy,128x128 -> 256x256,completed,26.83,0.9837,12.5,2026-10-03T13:05:37.361873Z
WAF-1178,001177.npy,128x128 -> 256x256,completed,25.63,0.9843,13.3,2026-10-03T13:05:37.361873Z
WAF-1179,001178.npy,128x128 -> 256x256,completed,25.75,0.9849,14.1,2026-10-03T13:05:37.361873Z
WAF-1180,001179.npy,128x128 -> 256x256,completed,25.87,0.9855,14.9,2026-10-03T13:05:37.370044Z
WAF-1181,001180.npy,128x128 -> 256x256,completed,25.99,0.9861,15.7,2026-10-03T13:05:37.370044Z
WAF-1182,001181.npy,128x128 -> 256x256,completed,25.13,0.6607,16.5,2026-10-03T13:05:37.370044Z
WAF-1183,001182.npy,128x128 -> 256x256,completed,26.23,0.9873,17.3,2026-10-03T13:05:37.371224Z
WAF-1184,001183.npy,128x128 -> 256x256,completed,26.35,0.9837,12.5,2026-10-03T13:05:37.371224Z
WAF-1185,001184.npy,128x128 -> 256x256,completed,26.47,0.9843,13.3,2026-10-03T13:05:37.371224Z
WAF-1186,001185.npy,128x128 -> 256x256,completed,26.59,0.9849,14.1,2026-10-03T13:05:37.371224Z
WAF-1187,001186.npy,128x128 -> 256x256,completed,26.71,0.9855,14.9,2026-10-03T13:05:37.371224Z
WAF-1188,001187.npy,128x128 -> 256x256,completed,26.83,0.9861,15.7,2026-10-03T13:05:37.371224Z
WAF-1189,001188.npy,128x128 -> 256x256,completed,25.63,0.9867,16.5,2026-10-03T13:05:37.371224Z
WAF-1190,001189.npy,128x128 -> 256x256,completed,25.75,0.9873,17.3,2026-10-03T13:05:37.371224Z
WAF-1191,001190.npy,128x128 -> 256x256,completed,25.87,0.9837,12.5,2026-10-03T13:05:37.371224Z
WAF-1192,001191.npy,128x128 -> 256x256,completed,25.99,0.9843,13.3,2026-10-03T13:05:37.371224Z
WAF-1193,001192.npy,128x128 -> 256x256,completed,26.11,0.9849,14.1,2026-10-03T13:05:37.371224Z
WAF-1194,001193.npy,128x128 -> 256x256,completed,26.23,0.9855,14.9,2026-10-03T13:05:37.371224Z
WAF-1195,001194.npy,128x128 -> 256x256,completed,26.35,0.9861,15.7,2026-10-03T13:05:37.371224Z
WAF-1196,001195.npy,128x128 -> 256x256,completed,26.47,0.9867,16.5,2026-10-03T13:05:37.371224Z
WAF-1197,001196.npy,128x128 -> 256x256,completed,26.59,0.9873,17.3,2026-10-03T13:05:37.371224Z
WAF-1198,001197.npy,128x128 -> 256x256,completed,26.71,0.9837,12.5,2026-10-03T13:05:37.371224Z
WAF-1199,001198.npy,128x128 -> 256x256,completed,26.83,0.9843,13.3,2026-10-03T13:05:37.371224Z
WAF-1200,001199.npy,128x128 -> 256x256,completed,25.63,0.9849,14.1,2026-10-03T13:05:37.371224Z
WAF-1201,001200.npy,128x128 -> 256x256,completed,25.75,0.9855,14.9,2026-10-03T13:05:37.371224Z
WAF-1202,001201.npy,128x128 -> 256x256,completed,25.87,0.9861,15.7,2026-10-03T13:05:37.371224Z
WAF-1203,001202.npy,128x128 -> 256x256,completed,25.99,0.9867,16.5,2026-10-03T13:05:37.371224Z
WAF-1204,001203.npy,128x128 -> 256x256,completed,26.11,0.9873,17.3,2026-10-03T13:05:37.371224Z
WAF-1205,001204.npy,128x128 -> 256x256,completed,26.23,0.9837,12.5,2026-10-03T13:05:37.371224Z
WAF-1206,001205.npy,128x128 -> 256x256,completed,26.35,0.9843,13.3,2026-10-03T13:05:37.371224Z
WAF-1207,001206.npy,128x128 -> 256x256,completed,26.47,0.9849,14.1,2026-10-03T13:05:37.371224Z
WAF-1208,001207.npy,128x128 -> 256x256,completed,26.59,0.9855,14.9,2026-10-03T13:05:37.371224Z
WAF-1209,001208.npy,128x128 -> 256x256,completed,20.6,0.322,15.7,2026-10-03T13:05:37.371224Z
WAF-1210,001209.npy,128x128 -> 256x256,completed,26.83,0.9867,16.5,2026-10-03T13:05:37.378500Z
WAF-1211,001210.npy,128x128 -> 256x256,completed,25.63,0.9873,17.3,2026-10-03T13:05:37.378984Z
WAF-1212,001211.npy,128x128 -> 256x256,completed,25.75,0.9837,12.5,2026-10-03T13:05:37.378984Z
WAF-1213,001212.npy,128x128 -> 256x256,completed,25.87,0.9843,13.3,2026-10-03T13:05:37.378984Z
WAF-1214,001213.npy,128x128 -> 256x256,completed,25.99,0.9849,14.1,2026-10-03T13:05:37.378984Z
WAF-1215,001214.npy,128x128 -> 256x256,completed,26.11,0.9855,14.9,2026-10-03T13:05:37.378984Z
WAF-1216,001215.npy,128x128 -> 256x256,completed,26.23,0.9861,15.7,2026-10-03T13:05:37.378984Z
WAF-1217,001216.npy,128x128 -> 256x256,completed,26.35,0.9867,16.5,2026-10-03T13:05:37.378984Z
WAF-1218,001217.npy,128x128 -> 256x256,completed,26.47,0.9873,17.3,2026-10-03T13:05:37.378984Z
WAF-1219,001218.npy,128x128 -> 256x256,completed,26.59,0.9837,12.5,2026-10-03T13:05:37.378984Z
WAF-1220,001219.npy,128x128 -> 256x256,completed,26.71,0.9843,13.3,2026-10-03T13:05:37.378984Z
WAF-1221,001220.npy,128x128 -> 256x256,completed,26.83,0.9849,14.1,2026-10-03T13:05:37.378984Z
WAF-1222,001221.npy,128x128 -> 256x256,completed,25.63,0.9855,14.9,2026-10-03T13:05:37.378984Z
WAF-1223,001222.npy,128x128 -> 256x256,completed,25.75,0.9861,15.7,2026-10-03T13:05:37.378984Z
WAF-1224,001223.npy,128x128 -> 256x256,completed,25.87,0.9867,16.5,2026-10-03T13:05:37.378984Z
WAF-1225,001224.npy,128x128 -> 256x256,completed,25.99,0.9873,17.3,2026-10-03T13:05:37.378984Z
WAF-1226,001225.npy,128x128 -> 256x256,completed,26.11,0.9837,12.5,2026-10-03T13:05:37.378984Z
WAF-1227,001226.npy,128x128 -> 256x256,completed,26.23,0.9843,13.3,2026-10-03T13:05:37.378984Z
WAF-1228,001227.npy,128x128 -> 256x256,completed,26.35,0.9849,14.1,2026-10-03T13:05:37.378984Z
WAF-1229,001228.npy,128x128 -> 256x256,completed,26.47,0.9855,14.9,2026-10-03T13:05:37.378984Z
WAF-1230,001229.npy,128x128 -> 256x256,completed,26.59,0.9861,15.7,2026-10-03T13:05:37.378984Z
WAF-1231,001230.npy,128x128 -> 256x256,completed,26.71,0.9867,16.5,2026-10-03T13:05:37.378984Z
WAF-1232,001231.npy,128x128 -> 256x256,completed,29.56,0.9595,17.3,2026-10-03T13:05:37.378984Z
WAF-1233,001232.npy,128x128 -> 256x256,completed,25.63,0.9837,12.5,2026-10-03T13:05:37.378984Z
WAF-1234,001233.npy,128x128 -> 256x256,completed,25.75,0.9843,13.3,2026-10-03T13:05:37.378984Z
WAF-1235,001234.npy,128x128 -> 256x256,completed,25.87,0.9849,14.1,2026-10-03T13:05:37.378984Z
WAF-1236,001235.npy,128x128 -> 256x256,completed,25.99,0.9855,14.9,2026-10-03T13:05:37.378984Z
WAF-1237,001236.npy,128x128 -> 256x256,completed,24.02,0.7621,15.7,2026-10-03T13:05:37.378984Z
WAF-1238,001237.npy,128x128 -> 256x256,completed,26.23,0.9867,16.5,2026-10-03T13:05:37.378984Z
WAF-1239,001238.npy,128x128 -> 256x256,completed,26.35,0.9873,17.3,2026-10-03T13:05:37.378984Z
WAF-1240,001239.npy,128x128 -> 256x256,completed,26.47,0.9837,12.5,2026-10-03T13:05:37.378984Z
WAF-1241,001240.npy,128x128 -> 256x256,completed,27.14,0.7463,13.3,2026-10-03T13:05:37.378984Z
WAF-1242,001241.npy,128x128 -> 256x256,completed,26.71,0.9849,14.1,2026-10-03T13:05:37.378984Z
WAF-1243,001242.npy,128x128 -> 256x256,completed,24.75,0.7727,14.9,2026-10-03T13:05:37.386592Z
WAF-1244,001243.npy,128x128 -> 256x256,completed,25.63,0.9861,15.7,2026-10-03T13:05:37.386929Z
WAF-1245,001244.npy,128x128 -> 256x256,completed,25.75,0.9867,16.5,2026-10-03T13:05:37.386929Z
WAF-1246,001245.npy,128x128 -> 256x256,completed,25.87,0.9873,17.3,2026-10-03T13:05:37.386929Z
WAF-1247,001246.npy,128x128 -> 256x256,completed,25.99,0.9837,12.5,2026-10-03T13:05:37.386929Z
WAF-1248,001247.npy,128x128 -> 256x256,completed,26.11,0.9843,13.3,2026-10-03T13:05:37.386929Z
WAF-1249,001248.npy,128x128 -> 256x256,completed,26.23,0.9849,14.1,2026-10-03T13:05:37.386929Z
WAF-1250,001249.npy,128x128 -> 256x256,completed,26.35,0.9855,14.9,2026-10-03T13:05:37.386929Z
WAF-1251,001250.npy,128x128 -> 256x256,completed,26.47,0.9861,15.7,2026-10-03T13:05:37.386929Z
WAF-1252,001251.npy,128x128 -> 256x256,completed,26.59,0.9867,16.5,2026-10-03T13:05:37.386929Z
WAF-1253,001252.npy,128x128 -> 256x256,completed,26.49,0.7248,17.3,2026-10-03T13:05:37.386929Z
WAF-1254,001253.npy,128x128 -> 256x256,completed,26.83,0.9837,12.5,2026-10-03T13:05:37.386929Z
WAF-1255,001254.npy,128x128 -> 256x256,completed,25.63,0.9843,13.3,2026-10-03T13:05:37.386929Z
WAF-1256,001255.npy,128x128 -> 256x256,completed,25.75,0.9849,14.1,2026-10-03T13:05:37.386929Z
WAF-1257,001256.npy,128x128 -> 256x256,completed,25.87,0.9855,14.9,2026-10-03T13:05:37.386929Z
WAF-1258,001257.npy,128x128 -> 256x256,completed,25.99,0.9861,15.7,2026-10-03T13:05:37.386929Z
WAF-1259,001258.npy,128x128 -> 256x256,completed,26.11,0.9867,16.5,2026-10-03T13:05:37.386929Z
WAF-1260,001259.npy,128x128 -> 256x256,completed,26.23,0.9873,17.3,2026-10-03T13:05:37.386929Z
WAF-1261,001260.npy,128x128 -> 256x256,completed,26.35,0.9837,12.5,2026-10-03T13:05:37.386929Z
WAF-1262,001261.npy,128x128 -> 256x256,completed,26.47,0.9843,13.3,2026-10-03T13:05:37.386929Z
WAF-1263,001262.npy,128x128 -> 256x256,completed,26.59,0.9849,14.1,2026-10-03T13:05:37.386929Z
WAF-1264,001263.npy,128x128 -> 256x256,completed,26.71,0.9855,14.9,2026-10-03T13:05:37.386929Z
WAF-1265,001264.npy,128x128 -> 256x256,completed,26.83,0.9861,15.7,2026-10-03T13:05:37.386929Z
WAF-1266,001265.npy,128x128 -> 256x256,completed,25.63,0.9867,16.5,2026-10-03T13:05:37.386929Z
WAF-1267,001266.npy,128x128 -> 256x256,completed,25.75,0.9873,17.3,2026-10-03T13:05:37.386929Z
WAF-1268,001267.npy,128x128 -> 256x256,completed,25.87,0.9837,12.5,2026-10-03T13:05:37.386929Z
WAF-1269,001268.npy,128x128 -> 256x256,completed,25.99,0.9843,13.3,2026-10-03T13:05:37.386929Z
WAF-1270,001269.npy,128x128 -> 256x256,completed,26.11,0.9849,14.1,2026-10-03T13:05:37.386929Z
WAF-1271,001270.npy,128x128 -> 256x256,completed,26.23,0.9855,14.9,2026-10-03T13:05:37.386929Z
WAF-1272,001271.npy,128x128 -> 256x256,completed,26.35,0.9861,15.7,2026-10-03T13:05:37.386929Z
WAF-1273,001272.npy,128x128 -> 256x256,completed,26.47,0.9867,16.5,2026-10-03T13:05:37.386929Z
WAF-1274,001273.npy,128x128 -> 256x256,completed,26.59,0.9873,17.3,2026-10-03T13:05:37.386929Z
WAF-1275,001274.npy,128x128 -> 256x256,completed,26.71,0.9837,12.5,2026-10-03T13:05:37.386929Z
WAF-1276,001275.npy,128x128 -> 256x256,completed,26.83,0.9843,13.3,2026-10-03T13:05:37.386929Z
WAF-1277,001276.npy,128x128 -> 256x256,completed,25.63,0.9849,14.1,2026-10-03T13:05:37.395403Z
WAF-1278,001277.npy,128x128 -> 256x256,completed,25.75,0.9855,14.9,2026-10-03T13:05:37.395403Z
WAF-1279,001278.npy,128x128 -> 256x256,completed,25.87,0.9861,15.7,2026-10-03T13:05:37.395403Z
WAF-1280,001279.npy,128x128 -> 256x256,completed,25.99,0.9867,16.5,2026-10-03T13:05:37.395403Z
WAF-1281,001280.npy,128x128 -> 256x256,completed,26.11,0.9873,17.3,2026-10-03T13:05:37.395403Z
WAF-1282,001281.npy,128x128 -> 256x256,completed,22.42,0.5126,12.5,2026-10-03T13:05:37.395403Z
WAF-1283,001282.npy,128x128 -> 256x256,completed,26.35,0.9843,13.3,2026-10-03T13:05:37.395403Z
WAF-1284,001283.npy,128x128 -> 256x256,completed,26.47,0.9849,14.1,2026-10-03T13:05:37.395403Z
WAF-1285,001284.npy,128x128 -> 256x256,completed,26.59,0.9855,14.9,2026-10-03T13:05:37.395403Z
WAF-1286,001285.npy,128x128 -> 256x256,completed,26.71,0.9861,15.7,2026-10-03T13:05:37.395403Z
WAF-1287,001286.npy,128x128 -> 256x256,completed,26.83,0.9867,16.5,2026-10-03T13:05:37.395403Z
WAF-1288,001287.npy,128x128 -> 256x256,completed,25.63,0.9873,17.3,2026-10-03T13:05:37.395403Z
WAF-1289,001288.npy,128x128 -> 256x256,completed,25.75,0.9837,12.5,2026-10-03T13:05:37.395403Z
WAF-1290,001289.npy,128x128 -> 256x256,completed,23.41,0.7685,13.3,2026-10-03T13:05:37.395403Z
WAF-1291,001290.npy,128x128 -> 256x256,completed,25.99,0.9849,14.1,2026-10-03T13:05:37.395403Z
WAF-1292,001291.npy,128x128 -> 256x256,completed,26.11,0.9855,14.9,2026-10-03T13:05:37.395403Z
WAF-1293,001292.npy,128x128 -> 256x256,completed,26.23,0.9861,15.7,2026-10-03T13:05:37.395403Z
WAF-1294,001293.npy,128x128 -> 256x256,completed,26.35,0.9867,16.5,2026-10-03T13:05:37.395403Z
WAF-1295,001294.npy,128x128 -> 256x256,completed,31.26,0.7838,17.3,2026-10-03T13:05:37.395403Z
WAF-1296,001295.npy,128x128 -> 256x256,completed,26.59,0.9837,12.5,2026-10-03T13:05:37.395403Z
WAF-1297,001296.npy,128x128 -> 256x256,completed,26.71,0.9843,13.3,2026-10-03T13:05:37.395403Z
WAF-1298,001297.npy,128x128 -> 256x256,completed,26.83,0.9849,14.1,2026-10-03T13:05:37.395403Z
WAF-1299,001298.npy,128x128 -> 256x256,completed,32.36,0.8698,14.9,2026-10-03T13:05:37.395403Z
WAF-1300,001299.npy,128x128 -> 256x256,completed,25.75,0.9861,15.7,2026-10-03T13:05:37.395403Z
WAF-1301,001300.npy,128x128 -> 256x256,completed,25.87,0.9867,16.5,2026-10-03T13:05:37.395403Z
WAF-1302,001301.npy,128x128 -> 256x256,completed,25.99,0.9873,17.3,2026-10-03T13:05:37.395403Z
WAF-1303,001302.npy,128x128 -> 256x256,completed,26.11,0.9837,12.5,2026-10-03T13:05:37.395403Z
WAF-1304,001303.npy,128x128 -> 256x256,completed,26.23,0.9843,13.3,2026-10-03T13:05:37.395403Z
WAF-1305,001304.npy,128x128 -> 256x256,completed,26.35,0.9849,14.1,2026-10-03T13:05:37.395403Z
WAF-1306,001305.npy,128x128 -> 256x256,completed,26.47,0.9855,14.9,2026-10-03T13:05:37.395403Z
WAF-1307,001306.npy,128x128 -> 256x256,completed,22.39,0.5547,15.7,2026-10-03T13:05:37.395403Z
WAF-1308,001307.npy,128x128 -> 256x256,completed,26.71,0.9867,16.5,2026-10-03T13:05:37.395403Z
WAF-1309,001308.npy,128x128 -> 256x256,completed,24.93,0.8876,17.3,2026-10-03T13:05:37.395403Z
WAF-1310,001309.npy,128x128 -> 256x256,completed,25.63,0.9837,12.5,2026-10-03T13:05:37.395403Z
WAF-1311,001310.npy,128x128 -> 256x256,completed,25.7,0.8745,13.3,2026-10-03T13:05:37.403377Z
WAF-1312,001311.npy,128x128 -> 256x256,completed,25.87,0.9849,14.1,2026-10-03T13:05:37.403377Z
WAF-1313,001312.npy,128x128 -> 256x256,completed,25.99,0.9855,14.9,2026-10-03T13:05:37.403377Z
WAF-1314,001313.npy,128x128 -> 256x256,completed,26.11,0.9861,15.7,2026-10-03T13:05:37.403377Z
WAF-1315,001314.npy,128x128 -> 256x256,completed,26.23,0.9867,16.5,2026-10-03T13:05:37.403377Z
WAF-1316,001315.npy,128x128 -> 256x256,completed,26.35,0.9873,17.3,2026-10-03T13:05:37.403377Z
WAF-1317,001316.npy,128x128 -> 256x256,completed,26.47,0.9837,12.5,2026-10-03T13:05:37.403377Z
WAF-1318,001317.npy,128x128 -> 256x256,completed,26.59,0.9843,13.3,2026-10-03T13:05:37.403377Z
WAF-1319,001318.npy,128x128 -> 256x256,completed,26.71,0.9849,14.1,2026-10-03T13:05:37.403377Z
WAF-1320,001319.npy,128x128 -> 256x256,completed,26.83,0.9855,14.9,2026-10-03T13:05:37.403377Z
WAF-1321,001320.npy,128x128 -> 256x256,completed,25.63,0.9861,15.7,2026-10-03T13:05:37.403377Z
WAF-1322,001321.npy,128x128 -> 256x256,completed,25.75,0.9867,16.5,2026-10-03T13:05:37.403377Z
WAF-1323,001322.npy,128x128 -> 256x256,completed,25.87,0.9873,17.3,2026-10-03T13:05:37.403377Z
WAF-1324,001323.npy,128x128 -> 256x256,completed,25.99,0.9837,12.5,2026-10-03T13:05:37.403377Z
WAF-1325,001324.npy,128x128 -> 256x256,completed,26.11,0.9843,13.3,2026-10-03T13:05:37.403377Z
WAF-1326,001325.npy,128x128 -> 256x256,completed,26.23,0.9849,14.1,2026-10-03T13:05:37.403377Z
WAF-1327,001326.npy,128x128 -> 256x256,completed,26.35,0.9855,14.9,2026-10-03T13:05:37.403377Z
WAF-1328,001327.npy,128x128 -> 256x256,completed,26.47,0.9861,15.7,2026-10-03T13:05:37.403377Z
WAF-1329,001328.npy,128x128 -> 256x256,completed,26.59,0.9867,16.5,2026-10-03T13:05:37.403377Z
WAF-1330,001329.npy,128x128 -> 256x256,completed,26.71,0.9873,17.3,2026-10-03T13:05:37.403377Z
WAF-1331,001330.npy,128x128 -> 256x256,completed,35.02,0.876,12.5,2026-10-03T13:05:37.403377Z
WAF-1332,001331.npy,128x128 -> 256x256,completed,25.63,0.9843,13.3,2026-10-03T13:05:37.403377Z
WAF-1333,001332.npy,128x128 -> 256x256,completed,25.75,0.9849,14.1,2026-10-03T13:05:37.403377Z
WAF-1334,001333.npy,128x128 -> 256x256,completed,25.87,0.9855,14.9,2026-10-03T13:05:37.403377Z
WAF-1335,001334.npy,128x128 -> 256x256,completed,25.99,0.9861,15.7,2026-10-03T13:05:37.403377Z
WAF-1336,001335.npy,128x128 -> 256x256,completed,21.56,0.4507,16.5,2026-10-03T13:05:37.403377Z
WAF-1337,001336.npy,128x128 -> 256x256,completed,26.23,0.9873,17.3,2026-10-03T13:05:37.403377Z
WAF-1338,001337.npy,128x128 -> 256x256,completed,26.35,0.9837,12.5,2026-10-03T13:05:37.403377Z
WAF-1339,001338.npy,128x128 -> 256x256,completed,26.47,0.9843,13.3,2026-10-03T13:05:37.403377Z
WAF-1340,001339.npy,128x128 -> 256x256,completed,26.59,0.9849,14.1,2026-10-03T13:05:37.403377Z
WAF-1341,001340.npy,128x128 -> 256x256,completed,26.71,0.9855,14.9,2026-10-03T13:05:37.403377Z
WAF-1342,001341.npy,128x128 -> 256x256,completed,26.83,0.9861,15.7,2026-10-03T13:05:37.403377Z
WAF-1343,001342.npy,128x128 -> 256x256,completed,25.63,0.9867,16.5,2026-10-03T13:05:37.403377Z
WAF-1344,001343.npy,128x128 -> 256x256,completed,25.75,0.9873,17.3,2026-10-03T13:05:37.403377Z
WAF-1345,001344.npy,128x128 -> 256x256,completed,25.87,0.9837,12.5,2026-10-03T13:05:37.403377Z
WAF-1346,001345.npy,128x128 -> 256x256,completed,25.99,0.9843,13.3,2026-10-03T13:05:37.411486Z
WAF-1347,001346.npy,128x128 -> 256x256,completed,26.11,0.9849,14.1,2026-10-03T13:05:37.411486Z
WAF-1348,001347.npy,128x128 -> 256x256,completed,26.23,0.9855,14.9,2026-10-03T13:05:37.412633Z
WAF-1349,001348.npy,128x128 -> 256x256,completed,26.35,0.9861,15.7,2026-10-03T13:05:37.412633Z
WAF-1350,001349.npy,128x128 -> 256x256,completed,26.47,0.9867,16.5,2026-10-03T13:05:37.413539Z
WAF-1351,001350.npy,128x128 -> 256x256,completed,26.59,0.9873,17.3,2026-10-03T13:05:37.413539Z
WAF-1352,001351.npy,128x128 -> 256x256,completed,26.71,0.9837,12.5,2026-10-03T13:05:37.413539Z
WAF-1353,001352.npy,128x128 -> 256x256,completed,26.83,0.9843,13.3,2026-10-03T13:05:37.413539Z
WAF-1354,001353.npy,128x128 -> 256x256,completed,25.63,0.9849,14.1,2026-10-03T13:05:37.413539Z
WAF-1355,001354.npy,128x128 -> 256x256,completed,25.75,0.9855,14.9,2026-10-03T13:05:37.413539Z
WAF-1356,001355.npy,128x128 -> 256x256,completed,25.87,0.9861,15.7,2026-10-03T13:05:37.415550Z
WAF-1357,001356.npy,128x128 -> 256x256,completed,25.99,0.9867,16.5,2026-10-03T13:05:37.415550Z
WAF-1358,001357.npy,128x128 -> 256x256,completed,26.11,0.9873,17.3,2026-10-03T13:05:37.415550Z
WAF-1359,001358.npy,128x128 -> 256x256,completed,25.22,0.617,12.5,2026-10-03T13:05:37.415550Z
WAF-1360,001359.npy,128x128 -> 256x256,completed,26.35,0.9843,13.3,2026-10-03T13:05:37.415550Z
WAF-1361,001360.npy,128x128 -> 256x256,completed,26.47,0.9849,14.1,2026-10-03T13:05:37.415550Z
WAF-1362,001361.npy,128x128 -> 256x256,completed,26.59,0.9855,14.9,2026-10-03T13:05:37.415550Z
WAF-1363,001362.npy,128x128 -> 256x256,completed,26.71,0.9861,15.7,2026-10-03T13:05:37.415550Z
WAF-1364,001363.npy,128x128 -> 256x256,completed,26.83,0.9867,16.5,2026-10-03T13:05:37.415550Z
WAF-1365,001364.npy,128x128 -> 256x256,completed,25.63,0.9873,17.3,2026-10-03T13:05:37.418229Z
WAF-1366,001365.npy,128x128 -> 256x256,completed,25.75,0.9837,12.5,2026-10-03T13:05:37.418229Z
WAF-1367,001366.npy,128x128 -> 256x256,completed,25.87,0.9843,13.3,2026-10-03T13:05:37.418229Z
WAF-1368,001367.npy,128x128 -> 256x256,completed,25.99,0.9849,14.1,2026-10-03T13:05:37.418229Z
WAF-1369,001368.npy,128x128 -> 256x256,completed,26.11,0.9855,14.9,2026-10-03T13:05:37.418229Z
WAF-1370,001369.npy,128x128 -> 256x256,completed,26.23,0.9861,15.7,2026-10-03T13:05:37.418229Z
WAF-1371,001370.npy,128x128 -> 256x256,completed,26.35,0.9867,16.5,2026-10-03T13:05:37.418229Z
WAF-1372,001371.npy,128x128 -> 256x256,completed,26.47,0.9873,17.3,2026-10-03T13:05:37.419982Z
WAF-1373,001372.npy,128x128 -> 256x256,completed,26.59,0.9837,12.5,2026-10-03T13:05:37.419982Z
WAF-1374,001373.npy,128x128 -> 256x256,completed,26.71,0.9843,13.3,2026-10-03T13:05:37.420693Z
WAF-1375,001374.npy,128x128 -> 256x256,completed,26.83,0.9849,14.1,2026-10-03T13:05:37.420693Z
WAF-1376,001375.npy,128x128 -> 256x256,completed,25.63,0.9855,14.9,2026-10-03T13:05:37.420693Z
WAF-1377,001376.npy,128x128 -> 256x256,completed,25.75,0.9861,15.7,2026-10-03T13:05:37.420693Z
WAF-1378,001377.npy,128x128 -> 256x256,completed,25.87,0.9867,16.5,2026-10-03T13:05:37.420693Z
WAF-1379,001378.npy,128x128 -> 256x256,completed,25.99,0.9873,17.3,2026-10-03T13:05:37.420693Z
WAF-1380,001379.npy,128x128 -> 256x256,completed,26.11,0.9837,12.5,2026-10-03T13:05:37.420693Z
WAF-1381,001380.npy,128x128 -> 256x256,completed,26.23,0.9843,13.3,2026-10-03T13:05:37.420693Z
WAF-1382,001381.npy,128x128 -> 256x256,completed,26.35,0.9849,14.1,2026-10-03T13:05:37.420693Z
WAF-1383,001382.npy,128x128 -> 256x256,completed,26.47,0.9855,14.9,2026-10-03T13:05:37.420693Z
WAF-1384,001383.npy,128x128 -> 256x256,completed,26.59,0.9861,15.7,2026-10-03T13:05:37.420693Z
WAF-1385,001384.npy,128x128 -> 256x256,completed,26.71,0.9867,16.5,2026-10-03T13:05:37.420693Z
WAF-1386,001385.npy,128x128 -> 256x256,completed,26.83,0.9873,17.3,2026-10-03T13:05:37.420693Z
WAF-1387,001386.npy,128x128 -> 256x256,completed,25.63,0.9837,12.5,2026-10-03T13:05:37.420693Z
WAF-1388,001387.npy,128x128 -> 256x256,completed,19.19,0.8176,13.3,2026-10-03T13:05:37.420693Z
WAF-1389,001388.npy,128x128 -> 256x256,completed,25.87,0.9849,14.1,2026-10-03T13:05:37.420693Z
WAF-1390,001389.npy,128x128 -> 256x256,completed,25.99,0.9855,14.9,2026-10-03T13:05:37.420693Z
WAF-1391,001390.npy,128x128 -> 256x256,completed,26.11,0.9861,15.7,2026-10-03T13:05:37.420693Z
WAF-1392,001391.npy,128x128 -> 256x256,completed,32.7,0.7273,16.5,2026-10-03T13:05:37.420693Z
WAF-1393,001392.npy,128x128 -> 256x256,completed,26.35,0.9873,17.3,2026-10-03T13:05:37.428100Z
WAF-1394,001393.npy,128x128 -> 256x256,completed,26.47,0.9837,12.5,2026-10-03T13:05:37.428626Z
WAF-1395,001394.npy,128x128 -> 256x256,completed,26.59,0.9843,13.3,2026-10-03T13:05:37.428626Z
WAF-1396,001395.npy,128x128 -> 256x256,completed,26.71,0.9849,14.1,2026-10-03T13:05:37.428626Z
WAF-1397,001396.npy,128x128 -> 256x256,completed,26.83,0.9855,14.9,2026-10-03T13:05:37.428626Z
WAF-1398,001397.npy,128x128 -> 256x256,completed,25.63,0.9861,15.7,2026-10-03T13:05:37.428626Z
WAF-1399,001398.npy,128x128 -> 256x256,completed,25.75,0.9867,16.5,2026-10-03T13:05:37.428626Z
WAF-1400,001399.npy,128x128 -> 256x256,completed,25.87,0.9873,17.3,2026-10-03T13:05:37.428626Z
WAF-1401,001400.npy,128x128 -> 256x256,completed,25.99,0.9837,12.5,2026-10-03T13:05:37.428626Z
WAF-1402,001401.npy,128x128 -> 256x256,completed,26.11,0.9843,13.3,2026-10-03T13:05:37.428626Z
WAF-1403,001402.npy,128x128 -> 256x256,completed,34.87,0.9065,14.1,2026-10-03T13:05:37.428626Z
WAF-1404,001403.npy,128x128 -> 256x256,completed,26.35,0.9855,14.9,2026-10-03T13:05:37.428626Z
WAF-1405,001404.npy,128x128 -> 256x256,completed,26.47,0.9861,15.7,2026-10-03T13:05:37.428626Z
WAF-1406,001405.npy,128x128 -> 256x256,completed,26.59,0.9867,16.5,2026-10-03T13:05:37.428626Z
WAF-1407,001406.npy,128x128 -> 256x256,completed,26.71,0.9873,17.3,2026-10-03T13:05:37.428626Z
WAF-1408,001407.npy,128x128 -> 256x256,completed,37.27,0.8967,12.5,2026-10-03T13:05:37.428626Z
WAF-1409,001408.npy,128x128 -> 256x256,completed,25.63,0.9843,13.3,2026-10-03T13:05:37.428626Z
WAF-1410,001409.npy,128x128 -> 256x256,completed,25.75,0.9849,14.1,2026-10-03T13:05:37.428626Z
WAF-1411,001410.npy,128x128 -> 256x256,completed,25.87,0.9855,14.9,2026-10-03T13:05:37.428626Z
WAF-1412,001411.npy,128x128 -> 256x256,completed,25.99,0.9861,15.7,2026-10-03T13:05:37.428626Z
WAF-1413,001412.npy,128x128 -> 256x256,completed,26.11,0.9867,16.5,2026-10-03T13:05:37.428626Z
WAF-1414,001413.npy,128x128 -> 256x256,completed,26.23,0.9873,17.3,2026-10-03T13:05:37.428626Z
WAF-1415,001414.npy,128x128 -> 256x256,completed,26.35,0.9837,12.5,2026-10-03T13:05:37.428626Z
WAF-1416,001415.npy,128x128 -> 256x256,completed,26.47,0.9843,13.3,2026-10-03T13:05:37.428626Z
WAF-1417,001416.npy,128x128 -> 256x256,completed,26.59,0.9849,14.1,2026-10-03T13:05:37.428626Z
WAF-1418,001417.npy,128x128 -> 256x256,completed,26.71,0.9855,14.9,2026-10-03T13:05:37.428626Z
WAF-1419,001418.npy,128x128 -> 256x256,completed,26.83,0.9861,15.7,2026-10-03T13:05:37.428626Z
WAF-1420,001419.npy,128x128 -> 256x256,completed,25.63,0.9867,16.5,2026-10-03T13:05:37.428626Z
WAF-1421,001420.npy,128x128 -> 256x256,completed,25.75,0.9873,17.3,2026-10-03T13:05:37.436126Z
WAF-1422,001421.npy,128x128 -> 256x256,completed,29.7,0.8385,12.5,2026-10-03T13:05:37.436126Z
WAF-1423,001422.npy,128x128 -> 256x256,completed,25.99,0.9843,13.3,2026-10-03T13:05:37.436126Z
WAF-1424,001423.npy,128x128 -> 256x256,completed,26.11,0.9849,14.1,2026-10-03T13:05:37.436126Z
WAF-1425,001424.npy,128x128 -> 256x256,completed,26.23,0.9855,14.9,2026-10-03T13:05:37.436126Z
WAF-1426,001425.npy,128x128 -> 256x256,completed,26.35,0.9861,15.7,2026-10-03T13:05:37.436126Z
WAF-1427,001426.npy,128x128 -> 256x256,completed,26.47,0.9867,16.5,2026-10-03T13:05:37.436126Z
WAF-1428,001427.npy,128x128 -> 256x256,completed,27.58,0.7261,17.3,2026-10-03T13:05:37.436126Z
WAF-1429,001428.npy,128x128 -> 256x256,completed,26.71,0.9837,12.5,2026-10-03T13:05:37.438489Z
WAF-1430,001429.npy,128x128 -> 256x256,completed,26.83,0.9843,13.3,2026-10-03T13:05:37.438489Z
WAF-1431,001430.npy,128x128 -> 256x256,completed,25.63,0.9849,14.1,2026-10-03T13:05:37.438489Z
WAF-1432,001431.npy,128x128 -> 256x256,completed,25.75,0.9855,14.9,2026-10-03T13:05:37.438489Z
WAF-1433,001432.npy,128x128 -> 256x256,completed,25.87,0.9861,15.7,2026-10-03T13:05:37.438489Z
WAF-1434,001433.npy,128x128 -> 256x256,completed,25.99,0.9867,16.5,2026-10-03T13:05:37.438489Z
WAF-1435,001434.npy,128x128 -> 256x256,completed,26.11,0.9873,17.3,2026-10-03T13:05:37.438489Z
WAF-1436,001435.npy,128x128 -> 256x256,completed,26.23,0.9837,12.5,2026-10-03T13:05:37.438489Z
WAF-1437,001436.npy,128x128 -> 256x256,completed,26.35,0.9843,13.3,2026-10-03T13:05:37.438489Z
WAF-1438,001437.npy,128x128 -> 256x256,completed,26.47,0.9849,14.1,2026-10-03T13:05:37.438489Z
WAF-1439,001438.npy,128x128 -> 256x256,completed,26.59,0.9855,14.9,2026-10-03T13:05:37.438489Z
WAF-1440,001439.npy,128x128 -> 256x256,completed,26.71,0.9861,15.7,2026-10-03T13:05:37.441258Z
WAF-1441,001440.npy,128x128 -> 256x256,completed,26.83,0.9867,16.5,2026-10-03T13:05:37.441258Z
WAF-1442,001441.npy,128x128 -> 256x256,completed,25.63,0.9873,17.3,2026-10-03T13:05:37.441258Z
WAF-1443,001442.npy,128x128 -> 256x256,completed,25.75,0.9837,12.5,2026-10-03T13:05:37.441258Z
WAF-1444,001443.npy,128x128 -> 256x256,completed,25.87,0.9843,13.3,2026-10-03T13:05:37.441258Z
WAF-1445,001444.npy,128x128 -> 256x256,completed,25.99,0.9849,14.1,2026-10-03T13:05:37.441258Z
WAF-1446,001445.npy,128x128 -> 256x256,completed,26.11,0.9855,14.9,2026-10-03T13:05:37.441258Z
WAF-1447,001446.npy,128x128 -> 256x256,completed,31.39,0.9547,15.7,2026-10-03T13:05:37.441258Z
WAF-1448,001447.npy,128x128 -> 256x256,completed,26.35,0.9867,16.5,2026-10-03T13:05:37.441258Z
WAF-1449,001448.npy,128x128 -> 256x256,completed,26.47,0.9873,17.3,2026-10-03T13:05:37.441258Z
WAF-1450,001449.npy,128x128 -> 256x256,completed,26.59,0.9837,12.5,2026-10-03T13:05:37.444997Z
WAF-1451,001450.npy,128x128 -> 256x256,completed,34.84,0.8726,13.3,2026-10-03T13:05:37.444997Z
WAF-1452,001451.npy,128x128 -> 256x256,completed,26.83,0.9849,14.1,2026-10-03T13:05:37.444997Z
WAF-1453,001452.npy,128x128 -> 256x256,completed,25.63,0.9855,14.9,2026-10-03T13:05:37.444997Z
WAF-1454,001453.npy,128x128 -> 256x256,completed,25.75,0.9861,15.7,2026-10-03T13:05:37.444997Z
WAF-1455,001454.npy,128x128 -> 256x256,completed,25.87,0.9867,16.5,2026-10-03T13:05:37.444997Z
WAF-1456,001455.npy,128x128 -> 256x256,completed,25.99,0.9873,17.3,2026-10-03T13:05:37.444997Z
WAF-1457,001456.npy,128x128 -> 256x256,completed,26.11,0.9837,12.5,2026-10-03T13:05:37.444997Z
WAF-1458,001457.npy,128x128 -> 256x256,completed,26.23,0.9843,13.3,2026-10-03T13:05:37.444997Z
WAF-1459,001458.npy,128x128 -> 256x256,completed,26.35,0.9849,14.1,2026-10-03T13:05:37.444997Z
WAF-1460,001459.npy,128x128 -> 256x256,completed,26.47,0.9855,14.9,2026-10-03T13:05:37.444997Z
WAF-1461,001460.npy,128x128 -> 256x256,completed,26.59,0.9861,15.7,2026-10-03T13:05:37.444997Z
WAF-1462,001461.npy,128x128 -> 256x256,completed,26.71,0.9867,16.5,2026-10-03T13:05:37.444997Z
WAF-1463,001462.npy,128x128 -> 256x256,completed,24.91,0.811,17.3,2026-10-03T13:05:37.444997Z
WAF-1464,001463.npy,128x128 -> 256x256,completed,25.63,0.9837,12.5,2026-10-03T13:05:37.444997Z
WAF-1465,001464.npy,128x128 -> 256x256,completed,24.15,0.7651,13.3,2026-10-03T13:05:37.444997Z
WAF-1466,001465.npy,128x128 -> 256x256,completed,25.87,0.9849,14.1,2026-10-03T13:05:37.444997Z
WAF-1467,001466.npy,128x128 -> 256x256,completed,25.99,0.9855,14.9,2026-10-03T13:05:37.444997Z
WAF-1468,001467.npy,128x128 -> 256x256,completed,36.52,0.9375,15.7,2026-10-03T13:05:37.444997Z
WAF-1469,001468.npy,128x128 -> 256x256,completed,26.23,0.9867,16.5,2026-10-03T13:05:37.444997Z
WAF-1470,001469.npy,128x128 -> 256x256,completed,26.35,0.9873,17.3,2026-10-03T13:05:37.444997Z
WAF-1471,001470.npy,128x128 -> 256x256,completed,26.47,0.9837,12.5,2026-10-03T13:05:37.444997Z
WAF-1472,001471.npy,128x128 -> 256x256,completed,26.59,0.9843,13.3,2026-10-03T13:05:37.444997Z
WAF-1473,001472.npy,128x128 -> 256x256,completed,26.71,0.9849,14.1,2026-10-03T13:05:37.444997Z
WAF-1474,001473.npy,128x128 -> 256x256,completed,26.83,0.9855,14.9,2026-10-03T13:05:37.444997Z
WAF-1475,001474.npy,128x128 -> 256x256,completed,25.63,0.9861,15.7,2026-10-03T13:05:37.444997Z
WAF-1476,001475.npy,128x128 -> 256x256,completed,25.75,0.9867,16.5,2026-10-03T13:05:37.452645Z
WAF-1477,001476.npy,128x128 -> 256x256,completed,25.87,0.9873,17.3,2026-10-03T13:05:37.452645Z
WAF-1478,001477.npy,128x128 -> 256x256,completed,25.99,0.9837,12.5,2026-10-03T13:05:37.452645Z
WAF-1479,001478.npy,128x128 -> 256x256,completed,26.11,0.9843,13.3,2026-10-03T13:05:37.452645Z
WAF-1480,001479.npy,128x128 -> 256x256,completed,26.23,0.9849,14.1,2026-10-03T13:05:37.452645Z
WAF-1481,001480.npy,128x128 -> 256x256,completed,24.87,0.6586,14.9,2026-10-03T13:05:37.454197Z
WAF-1482,001481.npy,128x128 -> 256x256,completed,26.47,0.9861,15.7,2026-10-03T13:05:37.454197Z
WAF-1483,001482.npy,128x128 -> 256x256,completed,26.59,0.9867,16.5,2026-10-03T13:05:37.454197Z
WAF-1484,001483.npy,128x128 -> 256x256,completed,26.71,0.9873,17.3,2026-10-03T13:05:37.454197Z
WAF-1485,001484.npy,128x128 -> 256x256,completed,33.15,0.946,12.5,2026-10-03T13:05:37.454197Z
WAF-1486,001485.npy,128x128 -> 256x256,completed,25.63,0.9843,13.3,2026-10-03T13:05:37.454197Z
WAF-1487,001486.npy,128x128 -> 256x256,completed,25.75,0.9849,14.1,2026-10-03T13:05:37.454197Z
WAF-1488,001487.npy,128x128 -> 256x256,completed,25.87,0.9855,14.9,2026-10-03T13:05:37.454197Z
WAF-1489,001488.npy,128x128 -> 256x256,completed,25.99,0.9861,15.7,2026-10-03T13:05:37.454197Z
WAF-1490,001489.npy,128x128 -> 256x256,completed,26.11,0.9867,16.5,2026-10-03T13:05:37.454197Z
WAF-1491,001490.npy,128x128 -> 256x256,completed,26.23,0.9873,17.3,2026-10-03T13:05:37.454197Z
WAF-1492,001491.npy,128x128 -> 256x256,completed,26.35,0.9837,12.5,2026-10-03T13:05:37.454197Z
WAF-1493,001492.npy,128x128 -> 256x256,completed,26.47,0.9843,13.3,2026-10-03T13:05:37.454197Z
WAF-1494,001493.npy,128x128 -> 256x256,completed,26.59,0.9849,14.1,2026-10-03T13:05:37.454197Z
WAF-1495,001494.npy,128x128 -> 256x256,completed,26.71,0.9855,14.9,2026-10-03T13:05:37.454197Z
WAF-1496,001495.npy,128x128 -> 256x256,completed,34.14,0.8789,15.7,2026-10-03T13:05:37.454197Z
WAF-1497,001496.npy,128x128 -> 256x256,completed,25.63,0.9867,16.5,2026-10-03T13:05:37.454197Z
WAF-1498,001497.npy,128x128 -> 256x256,completed,25.75,0.9873,17.3,2026-10-03T13:05:37.454197Z
WAF-1499,001498.npy,128x128 -> 256x256,completed,25.87,0.9837,12.5,2026-10-03T13:05:37.454197Z
WAF-1500,001499.npy,128x128 -> 256x256,completed,25.99,0.9843,13.3,2026-10-03T13:05:37.454197Z
WAF-1501,001500.npy,128x128 -> 256x256,completed,26.11,0.9849,14.1,2026-10-03T13:05:37.454197Z
WAF-1502,001501.npy,128x128 -> 256x256,completed,29.59,0.7655,14.9,2026-10-03T13:05:37.454197Z
WAF-1503,001502.npy,128x128 -> 256x256,completed,26.35,0.9861,15.7,2026-10-03T13:05:37.454197Z
WAF-1504,001503.npy,128x128 -> 256x256,completed,29.64,0.7669,16.5,2026-10-03T13:05:37.454197Z
WAF-1505,001504.npy,128x128 -> 256x256,completed,26.59,0.9873,17.3,2026-10-03T13:05:37.454197Z
WAF-1506,001505.npy,128x128 -> 256x256,completed,26.71,0.9837,12.5,2026-10-03T13:05:37.454197Z
WAF-1507,001506.npy,128x128 -> 256x256,completed,26.67,0.6833,13.3,2026-10-03T13:05:37.454197Z
WAF-1508,001507.npy,128x128 -> 256x256,completed,25.63,0.9849,14.1,2026-10-03T13:05:37.454197Z
WAF-1509,001508.npy,128x128 -> 256x256,completed,25.75,0.9855,14.9,2026-10-03T13:05:37.454197Z
WAF-1510,001509.npy,128x128 -> 256x256,completed,25.87,0.9861,15.7,2026-10-03T13:05:37.460881Z
WAF-1511,001510.npy,128x128 -> 256x256,completed,25.99,0.9867,16.5,2026-10-03T13:05:37.461623Z
WAF-1512,001511.npy,128x128 -> 256x256,completed,26.11,0.9873,17.3,2026-10-03T13:05:37.461623Z
WAF-1513,001512.npy,128x128 -> 256x256,completed,26.23,0.9837,12.5,2026-10-03T13:05:37.461623Z
WAF-1514,001513.npy,128x128 -> 256x256,completed,26.35,0.9843,13.3,2026-10-03T13:05:37.461623Z
WAF-1515,001514.npy,128x128 -> 256x256,completed,26.47,0.9849,14.1,2026-10-03T13:05:37.461623Z
WAF-1516,001515.npy,128x128 -> 256x256,completed,26.27,0.786,14.9,2026-10-03T13:05:37.461623Z
WAF-1517,001516.npy,128x128 -> 256x256,completed,26.71,0.9861,15.7,2026-10-03T13:05:37.461623Z
WAF-1518,001517.npy,128x128 -> 256x256,completed,26.83,0.9867,16.5,2026-10-03T13:05:37.461623Z
WAF-1519,001518.npy,128x128 -> 256x256,completed,25.63,0.9873,17.3,2026-10-03T13:05:37.461623Z
WAF-1520,001519.npy,128x128 -> 256x256,completed,25.75,0.9837,12.5,2026-10-03T13:05:37.461623Z
WAF-1521,001520.npy,128x128 -> 256x256,completed,25.87,0.9843,13.3,2026-10-03T13:05:37.461623Z
WAF-1522,001521.npy,128x128 -> 256x256,completed,25.99,0.9849,14.1,2026-10-03T13:05:37.461623Z
WAF-1523,001522.npy,128x128 -> 256x256,completed,26.11,0.9855,14.9,2026-10-03T13:05:37.461623Z
WAF-1524,001523.npy,128x128 -> 256x256,completed,26.23,0.9861,15.7,2026-10-03T13:05:37.461623Z
WAF-1525,001524.npy,128x128 -> 256x256,completed,26.35,0.9867,16.5,2026-10-03T13:05:37.461623Z
WAF-1526,001525.npy,128x128 -> 256x256,completed,40.87,0.959,17.3,2026-10-03T13:05:37.461623Z
WAF-1527,001526.npy,128x128 -> 256x256,completed,26.59,0.9837,12.5,2026-10-03T13:05:37.461623Z
WAF-1528,001527.npy,128x128 -> 256x256,completed,26.71,0.9843,13.3,2026-10-03T13:05:37.461623Z
WAF-1529,001528.npy,128x128 -> 256x256,completed,26.83,0.9849,14.1,2026-10-03T13:05:37.461623Z
WAF-1530,001529.npy,128x128 -> 256x256,completed,25.63,0.9855,14.9,2026-10-03T13:05:37.461623Z
WAF-1531,001530.npy,128x128 -> 256x256,completed,25.75,0.9861,15.7,2026-10-03T13:05:37.461623Z
WAF-1532,001531.npy,128x128 -> 256x256,completed,25.87,0.9867,16.5,2026-10-03T13:05:37.461623Z
WAF-1533,001532.npy,128x128 -> 256x256,completed,25.99,0.9873,17.3,2026-10-03T13:05:37.461623Z
WAF-1534,001533.npy,128x128 -> 256x256,completed,26.11,0.9837,12.5,2026-10-03T13:05:37.461623Z
WAF-1535,001534.npy,128x128 -> 256x256,completed,26.23,0.9843,13.3,2026-10-03T13:05:37.461623Z
WAF-1536,001535.npy,128x128 -> 256x256,completed,26.35,0.9849,14.1,2026-10-03T13:05:37.461623Z
WAF-1537,001536.npy,128x128 -> 256x256,completed,26.47,0.9855,14.9,2026-10-03T13:05:37.461623Z
WAF-1538,001537.npy,128x128 -> 256x256,completed,26.59,0.9861,15.7,2026-10-03T13:05:37.461623Z
WAF-1539,001538.npy,128x128 -> 256x256,completed,32.95,0.9007,16.5,2026-10-03T13:05:37.461623Z
WAF-1540,001539.npy,128x128 -> 256x256,completed,26.83,0.9873,17.3,2026-10-03T13:05:37.461623Z
WAF-1541,001540.npy,128x128 -> 256x256,completed,25.63,0.9837,12.5,2026-10-03T13:05:37.461623Z
WAF-1542,001541.npy,128x128 -> 256x256,completed,25.75,0.9843,13.3,2026-10-03T13:05:37.461623Z
WAF-1543,001542.npy,128x128 -> 256x256,completed,25.87,0.9849,14.1,2026-10-03T13:05:37.461623Z
WAF-1544,001543.npy,128x128 -> 256x256,completed,25.99,0.9855,14.9,2026-10-03T13:05:37.461623Z
WAF-1545,001544.npy,128x128 -> 256x256,completed,26.11,0.9861,15.7,2026-10-03T13:05:37.461623Z
WAF-1546,001545.npy,128x128 -> 256x256,completed,26.23,0.9867,16.5,2026-10-03T13:05:37.469240Z
WAF-1547,001546.npy,128x128 -> 256x256,completed,26.35,0.9873,17.3,2026-10-03T13:05:37.469240Z
WAF-1548,001547.npy,128x128 -> 256x256,completed,26.47,0.9837,12.5,2026-10-03T13:05:37.469240Z
WAF-1549,001548.npy,128x128 -> 256x256,completed,26.59,0.9843,13.3,2026-10-03T13:05:37.470020Z
WAF-1550,001549.npy,128x128 -> 256x256,completed,27.26,0.8406,14.1,2026-10-03T13:05:37.470020Z
WAF-1551,001550.npy,128x128 -> 256x256,completed,26.83,0.9855,14.9,2026-10-03T13:05:37.470020Z
WAF-1552,001551.npy,128x128 -> 256x256,completed,25.63,0.9861,15.7,2026-10-03T13:05:37.470020Z
WAF-1553,001552.npy,128x128 -> 256x256,completed,25.75,0.9867,16.5,2026-10-03T13:05:37.470020Z
WAF-1554,001553.npy,128x128 -> 256x256,completed,25.87,0.9873,17.3,2026-10-03T13:05:37.470020Z
WAF-1555,001554.npy,128x128 -> 256x256,completed,25.99,0.9837,12.5,2026-10-03T13:05:37.470020Z
WAF-1556,001555.npy,128x128 -> 256x256,completed,26.07,0.7426,13.3,2026-10-03T13:05:37.470020Z
WAF-1557,001556.npy,128x128 -> 256x256,completed,26.23,0.9849,14.1,2026-10-03T13:05:37.470020Z
WAF-1558,001557.npy,128x128 -> 256x256,completed,26.35,0.9855,14.9,2026-10-03T13:05:37.470020Z
WAF-1559,001558.npy,128x128 -> 256x256,completed,26.47,0.9861,15.7,2026-10-03T13:05:37.470020Z
WAF-1560,001559.npy,128x128 -> 256x256,completed,26.59,0.9867,16.5,2026-10-03T13:05:37.470020Z
WAF-1561,001560.npy,128x128 -> 256x256,completed,26.71,0.9873,17.3,2026-10-03T13:05:37.470020Z
WAF-1562,001561.npy,128x128 -> 256x256,completed,26.83,0.9837,12.5,2026-10-03T13:05:37.470020Z
WAF-1563,001562.npy,128x128 -> 256x256,completed,25.63,0.9843,13.3,2026-10-03T13:05:37.470020Z
WAF-1564,001563.npy,128x128 -> 256x256,completed,25.75,0.9849,14.1,2026-10-03T13:05:37.470020Z
WAF-1565,001564.npy,128x128 -> 256x256,completed,34.04,0.9377,14.9,2026-10-03T13:05:37.470020Z
WAF-1566,001565.npy,128x128 -> 256x256,completed,25.99,0.9861,15.7,2026-10-03T13:05:37.470020Z
WAF-1567,001566.npy,128x128 -> 256x256,completed,26.11,0.9867,16.5,2026-10-03T13:05:37.470020Z
WAF-1568,001567.npy,128x128 -> 256x256,completed,26.23,0.9873,17.3,2026-10-03T13:05:37.470020Z
WAF-1569,001568.npy,128x128 -> 256x256,completed,26.35,0.9837,12.5,2026-10-03T13:05:37.470020Z
WAF-1570,001569.npy,128x128 -> 256x256,completed,28.24,0.5276,13.3,2026-10-03T13:05:37.470020Z
WAF-1571,001570.npy,128x128 -> 256x256,completed,28.3,0.53,14.1,2026-10-03T13:05:37.470020Z
WAF-1572,001571.npy,128x128 -> 256x256,completed,26.71,0.9855,14.9,2026-10-03T13:05:37.470020Z
WAF-1573,001572.npy,128x128 -> 256x256,completed,26.83,0.9861,15.7,2026-10-03T13:05:37.477390Z
WAF-1574,001573.npy,128x128 -> 256x256,completed,25.63,0.9867,16.5,2026-10-03T13:05:37.478199Z
WAF-1575,001574.npy,128x128 -> 256x256,completed,25.75,0.9873,17.3,2026-10-03T13:05:37.478199Z
WAF-1576,001575.npy,128x128 -> 256x256,completed,25.87,0.9837,12.5,2026-10-03T13:05:37.478199Z
WAF-1577,001576.npy,128x128 -> 256x256,completed,25.99,0.9843,13.3,2026-10-03T13:05:37.478199Z
WAF-1578,001577.npy,128x128 -> 256x256,completed,26.11,0.9849,14.1,2026-10-03T13:05:37.478199Z
WAF-1579,001578.npy,128x128 -> 256x256,completed,26.23,0.9855,14.9,2026-10-03T13:05:37.478199Z
WAF-1580,001579.npy,128x128 -> 256x256,completed,26.35,0.9861,15.7,2026-10-03T13:05:37.478199Z
WAF-1581,001580.npy,128x128 -> 256x256,completed,36.6,0.9319,16.5,2026-10-03T13:05:37.478199Z
WAF-1582,001581.npy,128x128 -> 256x256,completed,26.59,0.9873,17.3,2026-10-03T13:05:37.478199Z
WAF-1583,001582.npy,128x128 -> 256x256,completed,36.44,0.9342,12.5,2026-10-03T13:05:37.478199Z
WAF-1584,001583.npy,128x128 -> 256x256,completed,26.83,0.9843,13.3,2026-10-03T13:05:37.478199Z
WAF-1585,001584.npy,128x128 -> 256x256,completed,25.63,0.9849,14.1,2026-10-03T13:05:37.478199Z
WAF-1586,001585.npy,128x128 -> 256x256,completed,25.75,0.9855,14.9,2026-10-03T13:05:37.478199Z
WAF-1587,001586.npy,128x128 -> 256x256,completed,25.87,0.9861,15.7,2026-10-03T13:05:37.478199Z
WAF-1588,001587.npy,128x128 -> 256x256,completed,25.99,0.9867,16.5,2026-10-03T13:05:37.478199Z
WAF-1589,001588.npy,128x128 -> 256x256,completed,26.11,0.9873,17.3,2026-10-03T13:05:37.478199Z
WAF-1590,001589.npy,128x128 -> 256x256,completed,26.23,0.9837,12.5,2026-10-03T13:05:37.478199Z
WAF-1591,001590.npy,128x128 -> 256x256,completed,26.35,0.9843,13.3,2026-10-03T13:05:37.478199Z
WAF-1592,001591.npy,128x128 -> 256x256,completed,22.94,0.7885,14.1,2026-10-03T13:05:37.478199Z
WAF-1593,001592.npy,128x128 -> 256x256,completed,26.59,0.9855,14.9,2026-10-03T13:05:37.478199Z
WAF-1594,001593.npy,128x128 -> 256x256,completed,26.71,0.9861,15.7,2026-10-03T13:05:37.478199Z
WAF-1595,001594.npy,128x128 -> 256x256,completed,29.23,0.6183,16.5,2026-10-03T13:05:37.478199Z
WAF-1596,001595.npy,128x128 -> 256x256,completed,25.63,0.9873,17.3,2026-10-03T13:05:37.478199Z
WAF-1597,001596.npy,128x128 -> 256x256,completed,25.75,0.9837,12.5,2026-10-03T13:05:37.478199Z
WAF-1598,001597.npy,128x128 -> 256x256,completed,25.87,0.9843,13.3,2026-10-03T13:05:37.478199Z
WAF-1599,001598.npy,128x128 -> 256x256,completed,27.59,0.7789,14.1,2026-10-03T13:05:37.478199Z
WAF-1600,001599.npy,128x128 -> 256x256,completed,26.11,0.9855,14.9,2026-10-03T13:05:37.478199Z
WAF-1601,001600.npy,128x128 -> 256x256,completed,26.23,0.9861,15.7,2026-10-03T13:05:37.485526Z
WAF-1602,001601.npy,128x128 -> 256x256,completed,26.35,0.9867,16.5,2026-10-03T13:05:37.485864Z
WAF-1603,001602.npy,128x128 -> 256x256,completed,26.47,0.9873,17.3,2026-10-03T13:05:37.485864Z
WAF-1604,001603.npy,128x128 -> 256x256,completed,26.24,0.7991,12.5,2026-10-03T13:05:37.485864Z
WAF-1605,001604.npy,128x128 -> 256x256,completed,26.71,0.9843,13.3,2026-10-03T13:05:37.485864Z
WAF-1606,001605.npy,128x128 -> 256x256,completed,20.28,0.9175,14.1,2026-10-03T13:05:37.485864Z
WAF-1607,001606.npy,128x128 -> 256x256,completed,21.2,0.9292,14.9,2026-10-03T13:05:37.485864Z
WAF-1608,001607.npy,128x128 -> 256x256,completed,25.75,0.9861,15.7,2026-10-03T13:05:37.485864Z
WAF-1609,001608.npy,128x128 -> 256x256,completed,25.87,0.9867,16.5,2026-10-03T13:05:37.485864Z
WAF-1610,001609.npy,128x128 -> 256x256,completed,25.99,0.9873,17.3,2026-10-03T13:05:37.485864Z
WAF-1611,001610.npy,128x128 -> 256x256,completed,26.11,0.9837,12.5,2026-10-03T13:05:37.485864Z
WAF-1612,001611.npy,128x128 -> 256x256,completed,26.23,0.9843,13.3,2026-10-03T13:05:37.485864Z
WAF-1613,001612.npy,128x128 -> 256x256,completed,35.34,0.8412,14.1,2026-10-03T13:05:37.485864Z
WAF-1614,001613.npy,128x128 -> 256x256,completed,26.47,0.9855,14.9,2026-10-03T13:05:37.485864Z
WAF-1615,001614.npy,128x128 -> 256x256,completed,26.59,0.9861,15.7,2026-10-03T13:05:37.485864Z
WAF-1616,001615.npy,128x128 -> 256x256,completed,26.71,0.9867,16.5,2026-10-03T13:05:37.485864Z
WAF-1617,001616.npy,128x128 -> 256x256,completed,26.83,0.9873,17.3,2026-10-03T13:05:37.485864Z
WAF-1618,001617.npy,128x128 -> 256x256,completed,25.63,0.9837,12.5,2026-10-03T13:05:37.485864Z
WAF-1619,001618.npy,128x128 -> 256x256,completed,25.75,0.9843,13.3,2026-10-03T13:05:37.485864Z
WAF-1620,001619.npy,128x128 -> 256x256,completed,25.87,0.9849,14.1,2026-10-03T13:05:37.485864Z
WAF-1621,001620.npy,128x128 -> 256x256,completed,25.99,0.9855,14.9,2026-10-03T13:05:37.485864Z
WAF-1622,001621.npy,128x128 -> 256x256,completed,26.11,0.9861,15.7,2026-10-03T13:05:37.485864Z
WAF-1623,001622.npy,128x128 -> 256x256,completed,32.03,0.8684,16.5,2026-10-03T13:05:37.493564Z
WAF-1624,001623.npy,128x128 -> 256x256,completed,26.35,0.9873,17.3,2026-10-03T13:05:37.494520Z
WAF-1625,001624.npy,128x128 -> 256x256,completed,26.47,0.9837,12.5,2026-10-03T13:05:37.494520Z
WAF-1626,001625.npy,128x128 -> 256x256,completed,26.59,0.9843,13.3,2026-10-03T13:05:37.494520Z
WAF-1627,001626.npy,128x128 -> 256x256,completed,26.71,0.9849,14.1,2026-10-03T13:05:37.494520Z
WAF-1628,001627.npy,128x128 -> 256x256,completed,26.83,0.9855,14.9,2026-10-03T13:05:37.494520Z
WAF-1629,001628.npy,128x128 -> 256x256,completed,25.63,0.9861,15.7,2026-10-03T13:05:37.494520Z
WAF-1630,001629.npy,128x128 -> 256x256,completed,25.75,0.9867,16.5,2026-10-03T13:05:37.494520Z
WAF-1631,001630.npy,128x128 -> 256x256,completed,25.87,0.9873,17.3,2026-10-03T13:05:37.494520Z
WAF-1632,001631.npy,128x128 -> 256x256,completed,25.99,0.9837,12.5,2026-10-03T13:05:37.494520Z
WAF-1633,001632.npy,128x128 -> 256x256,completed,26.11,0.9843,13.3,2026-10-03T13:05:37.494520Z
WAF-1634,001633.npy,128x128 -> 256x256,completed,26.23,0.9849,14.1,2026-10-03T13:05:37.494520Z
WAF-1635,001634.npy,128x128 -> 256x256,completed,26.35,0.9855,14.9,2026-10-03T13:05:37.494520Z
WAF-1636,001635.npy,128x128 -> 256x256,completed,26.47,0.9861,15.7,2026-10-03T13:05:37.494520Z
WAF-1637,001636.npy,128x128 -> 256x256,completed,26.59,0.9867,16.5,2026-10-03T13:05:37.501631Z
WAF-1638,001637.npy,128x128 -> 256x256,completed,26.71,0.9873,17.3,2026-10-03T13:05:37.501631Z
WAF-1639,001638.npy,128x128 -> 256x256,completed,26.83,0.9837,12.5,2026-10-03T13:05:37.501631Z
WAF-1640,001639.npy,128x128 -> 256x256,completed,25.63,0.9843,13.3,2026-10-03T13:05:37.501631Z
WAF-1641,001640.npy,128x128 -> 256x256,completed,25.75,0.9849,14.1,2026-10-03T13:05:37.501631Z
WAF-1642,001641.npy,128x128 -> 256x256,completed,25.87,0.9855,14.9,2026-10-03T13:05:37.501631Z
WAF-1643,001642.npy,128x128 -> 256x256,completed,25.99,0.9861,15.7,2026-10-03T13:05:37.501631Z
WAF-1644,001643.npy,128x128 -> 256x256,completed,26.11,0.9867,16.5,2026-10-03T13:05:37.501631Z
WAF-1645,001644.npy,128x128 -> 256x256,completed,26.23,0.9873,17.3,2026-10-03T13:05:37.501631Z
WAF-1646,001645.npy,128x128 -> 256x256,completed,26.35,0.9837,12.5,2026-10-03T13:05:37.501631Z
WAF-1647,001646.npy,128x128 -> 256x256,completed,26.47,0.9843,13.3,2026-10-03T13:05:37.501631Z
WAF-1648,001647.npy,128x128 -> 256x256,completed,26.59,0.9849,14.1,2026-10-03T13:05:37.501631Z
WAF-1649,001648.npy,128x128 -> 256x256,completed,26.71,0.9855,14.9,2026-10-03T13:05:37.501631Z
WAF-1650,001649.npy,128x128 -> 256x256,completed,26.83,0.9861,15.7,2026-10-03T13:05:37.501631Z
WAF-1651,001650.npy,128x128 -> 256x256,completed,31.73,0.8491,16.5,2026-10-03T13:05:37.501631Z
WAF-1652,001651.npy,128x128 -> 256x256,completed,25.75,0.9873,17.3,2026-10-03T13:05:37.501631Z
WAF-1653,001652.npy,128x128 -> 256x256,completed,34.17,0.8767,12.5,2026-10-03T13:05:37.501631Z
WAF-1654,001653.npy,128x128 -> 256x256,completed,25.99,0.9843,13.3,2026-10-03T13:05:37.501631Z
WAF-1655,001654.npy,128x128 -> 256x256,completed,26.11,0.9849,14.1,2026-10-03T13:05:37.501631Z
WAF-1656,001655.npy,128x128 -> 256x256,completed,26.23,0.9855,14.9,2026-10-03T13:05:37.501631Z
WAF-1657,001656.npy,128x128 -> 256x256,completed,26.35,0.9861,15.7,2026-10-03T13:05:37.501631Z
WAF-1658,001657.npy,128x128 -> 256x256,completed,27.63,0.8208,16.5,2026-10-03T13:05:37.509687Z
WAF-1659,001658.npy,128x128 -> 256x256,completed,26.59,0.9873,17.3,2026-10-03T13:05:37.509999Z
WAF-1660,001659.npy,128x128 -> 256x256,completed,26.71,0.9837,12.5,2026-10-03T13:05:37.509999Z
WAF-1661,001660.npy,128x128 -> 256x256,completed,31.22,0.8696,13.3,2026-10-03T13:05:37.509999Z
WAF-1662,001661.npy,128x128 -> 256x256,completed,25.63,0.9849,14.1,2026-10-03T13:05:37.509999Z
WAF-1663,001662.npy,128x128 -> 256x256,completed,25.75,0.9855,14.9,2026-10-03T13:05:37.509999Z
WAF-1664,001663.npy,128x128 -> 256x256,completed,25.87,0.9861,15.7,2026-10-03T13:05:37.509999Z
WAF-1665,001664.npy,128x128 -> 256x256,completed,25.99,0.9867,16.5,2026-10-03T13:05:37.509999Z
WAF-1666,001665.npy,128x128 -> 256x256,completed,26.11,0.9873,17.3,2026-10-03T13:05:37.509999Z
WAF-1667,001666.npy,128x128 -> 256x256,completed,26.23,0.9837,12.5,2026-10-03T13:05:37.509999Z
WAF-1668,001667.npy,128x128 -> 256x256,completed,26.35,0.9843,13.3,2026-10-03T13:05:37.509999Z
WAF-1669,001668.npy,128x128 -> 256x256,completed,21.88,0.7425,14.1,2026-10-03T13:05:37.509999Z
WAF-1670,001669.npy,128x128 -> 256x256,completed,26.59,0.9855,14.9,2026-10-03T13:05:37.509999Z
WAF-1671,001670.npy,128x128 -> 256x256,completed,26.71,0.9861,15.7,2026-10-03T13:05:37.509999Z
WAF-1672,001671.npy,128x128 -> 256x256,completed,26.83,0.9867,16.5,2026-10-03T13:05:37.509999Z
WAF-1673,001672.npy,128x128 -> 256x256,completed,25.63,0.9873,17.3,2026-10-03T13:05:37.509999Z
WAF-1674,001673.npy,128x128 -> 256x256,completed,25.75,0.9837,12.5,2026-10-03T13:05:37.518192Z
WAF-1675,001674.npy,128x128 -> 256x256,completed,32.71,0.8962,13.3,2026-10-03T13:05:37.518592Z
WAF-1676,001675.npy,128x128 -> 256x256,completed,25.99,0.9849,14.1,2026-10-03T13:05:37.518592Z
WAF-1677,001676.npy,128x128 -> 256x256,completed,26.11,0.9855,14.9,2026-10-03T13:05:37.518592Z
WAF-1678,001677.npy,128x128 -> 256x256,completed,26.23,0.9861,15.7,2026-10-03T13:05:37.518592Z
WAF-1679,001678.npy,128x128 -> 256x256,completed,26.35,0.9867,16.5,2026-10-03T13:05:37.518592Z
WAF-1680,001679.npy,128x128 -> 256x256,completed,26.47,0.9873,17.3,2026-10-03T13:05:37.518592Z
WAF-1681,001680.npy,128x128 -> 256x256,completed,26.59,0.9837,12.5,2026-10-03T13:05:37.518592Z
WAF-1682,001681.npy,128x128 -> 256x256,completed,26.71,0.9843,13.3,2026-10-03T13:05:37.518592Z
WAF-1683,001682.npy,128x128 -> 256x256,completed,26.83,0.9849,14.1,2026-10-03T13:05:37.518592Z
WAF-1684,001683.npy,128x128 -> 256x256,completed,25.63,0.9855,14.9,2026-10-03T13:05:37.518592Z
WAF-1685,001684.npy,128x128 -> 256x256,completed,25.75,0.9861,15.7,2026-10-03T13:05:37.518592Z
WAF-1686,001685.npy,128x128 -> 256x256,completed,25.87,0.9867,16.5,2026-10-03T13:05:37.518592Z
WAF-1687,001686.npy,128x128 -> 256x256,completed,25.99,0.9873,17.3,2026-10-03T13:05:37.518592Z
WAF-1688,001687.npy,128x128 -> 256x256,completed,26.11,0.9837,12.5,2026-10-03T13:05:37.518592Z
WAF-1689,001688.npy,128x128 -> 256x256,completed,26.23,0.9843,13.3,2026-10-03T13:05:37.518592Z
WAF-1690,001689.npy,128x128 -> 256x256,completed,26.35,0.9849,14.1,2026-10-03T13:05:37.518592Z
WAF-1691,001690.npy,128x128 -> 256x256,completed,28.73,0.652,14.9,2026-10-03T13:05:37.518592Z
WAF-1692,001691.npy,128x128 -> 256x256,completed,28.8,0.6534,15.7,2026-10-03T13:05:37.518592Z
WAF-1693,001692.npy,128x128 -> 256x256,completed,26.71,0.9867,16.5,2026-10-03T13:05:37.518592Z
WAF-1694,001693.npy,128x128 -> 256x256,completed,26.83,0.9873,17.3,2026-10-03T13:05:37.518592Z
WAF-1695,001694.npy,128x128 -> 256x256,completed,25.63,0.9837,12.5,2026-10-03T13:05:37.518592Z
WAF-1696,001695.npy,128x128 -> 256x256,completed,27.63,0.8939,13.3,2026-10-03T13:05:37.518592Z
WAF-1697,001696.npy,128x128 -> 256x256,completed,25.87,0.9849,14.1,2026-10-03T13:05:37.518592Z
WAF-1698,001697.npy,128x128 -> 256x256,completed,25.99,0.9855,14.9,2026-10-03T13:05:37.518592Z
WAF-1699,001698.npy,128x128 -> 256x256,completed,26.11,0.9861,15.7,2026-10-03T13:05:37.518592Z
WAF-1700,001699.npy,128x128 -> 256x256,completed,26.23,0.9867,16.5,2026-10-03T13:05:37.518592Z
WAF-1701,001700.npy,128x128 -> 256x256,completed,26.35,0.9873,17.3,2026-10-03T13:05:37.526095Z
WAF-1702,001701.npy,128x128 -> 256x256,completed,26.47,0.9837,12.5,2026-10-03T13:05:37.526095Z
WAF-1703,001702.npy,128x128 -> 256x256,completed,26.59,0.9843,13.3,2026-10-03T13:05:37.526861Z
WAF-1704,001703.npy,128x128 -> 256x256,completed,26.71,0.9849,14.1,2026-10-03T13:05:37.526861Z
WAF-1705,001704.npy,128x128 -> 256x256,completed,26.83,0.9855,14.9,2026-10-03T13:05:37.528870Z
WAF-1706,001705.npy,128x128 -> 256x256,completed,25.63,0.9861,15.7,2026-10-03T13:05:37.528870Z
WAF-1707,001706.npy,128x128 -> 256x256,completed,36.65,0.9412,16.5,2026-10-03T13:05:37.528870Z
WAF-1708,001707.npy,128x128 -> 256x256,completed,25.87,0.9873,17.3,2026-10-03T13:05:37.528870Z
WAF-1709,001708.npy,128x128 -> 256x256,completed,24.94,0.6771,12.5,2026-10-03T13:05:37.528870Z
WAF-1710,001709.npy,128x128 -> 256x256,completed,26.11,0.9843,13.3,2026-10-03T13:05:37.528870Z
WAF-1711,001710.npy,128x128 -> 256x256,completed,29.97,0.9168,14.1,2026-10-03T13:05:37.528870Z
WAF-1712,001711.npy,128x128 -> 256x256,completed,29.18,0.897,14.9,2026-10-03T13:05:37.528870Z
WAF-1713,001712.npy,128x128 -> 256x256,completed,26.47,0.9861,15.7,2026-10-03T13:05:37.528870Z
WAF-1714,001713.npy,128x128 -> 256x256,completed,26.59,0.9867,16.5,2026-10-03T13:05:37.528870Z
WAF-1715,001714.npy,128x128 -> 256x256,completed,26.71,0.9873,17.3,2026-10-03T13:05:37.530879Z
WAF-1716,001715.npy,128x128 -> 256x256,completed,26.83,0.9837,12.5,2026-10-03T13:05:37.530879Z
WAF-1717,001716.npy,128x128 -> 256x256,completed,25.63,0.9843,13.3,2026-10-03T13:05:37.530879Z
WAF-1718,001717.npy,128x128 -> 256x256,completed,25.75,0.9849,14.1,2026-10-03T13:05:37.530879Z
WAF-1719,001718.npy,128x128 -> 256x256,completed,25.87,0.9855,14.9,2026-10-03T13:05:37.530879Z
WAF-1720,001719.npy,128x128 -> 256x256,completed,30.59,0.7385,15.7,2026-10-03T13:05:37.530879Z
WAF-1721,001720.npy,128x128 -> 256x256,completed,26.11,0.9867,16.5,2026-10-03T13:05:37.530879Z
WAF-1722,001721.npy,128x128 -> 256x256,completed,26.23,0.9873,17.3,2026-10-03T13:05:37.530879Z
WAF-1723,001722.npy,128x128 -> 256x256,completed,26.35,0.9837,12.5,2026-10-03T13:05:37.530879Z
WAF-1724,001723.npy,128x128 -> 256x256,completed,26.47,0.9843,13.3,2026-10-03T13:05:37.530879Z
WAF-1725,001724.npy,128x128 -> 256x256,completed,26.59,0.9849,14.1,2026-10-03T13:05:37.530879Z
WAF-1726,001725.npy,128x128 -> 256x256,completed,26.71,0.9855,14.9,2026-10-03T13:05:37.530879Z
WAF-1727,001726.npy,128x128 -> 256x256,completed,26.83,0.9861,15.7,2026-10-03T13:05:37.530879Z
WAF-1728,001727.npy,128x128 -> 256x256,completed,25.63,0.9867,16.5,2026-10-03T13:05:37.530879Z
WAF-1729,001728.npy,128x128 -> 256x256,completed,25.75,0.9873,17.3,2026-10-03T13:05:37.530879Z
WAF-1730,001729.npy,128x128 -> 256x256,completed,25.87,0.9837,12.5,2026-10-03T13:05:37.530879Z
WAF-1731,001730.npy,128x128 -> 256x256,completed,25.99,0.9843,13.3,2026-10-03T13:05:37.530879Z
WAF-1732,001731.npy,128x128 -> 256x256,completed,26.11,0.9849,14.1,2026-10-03T13:05:37.534240Z
WAF-1733,001732.npy,128x128 -> 256x256,completed,26.23,0.9855,14.9,2026-10-03T13:05:37.534240Z
WAF-1734,001733.npy,128x128 -> 256x256,completed,26.35,0.9861,15.7,2026-10-03T13:05:37.534774Z
WAF-1735,001734.npy,128x128 -> 256x256,completed,26.47,0.9867,16.5,2026-10-03T13:05:37.534774Z
WAF-1736,001735.npy,128x128 -> 256x256,completed,26.59,0.9873,17.3,2026-10-03T13:05:37.534774Z
WAF-1737,001736.npy,128x128 -> 256x256,completed,26.71,0.9837,12.5,2026-10-03T13:05:37.534774Z
WAF-1738,001737.npy,128x128 -> 256x256,completed,26.83,0.9843,13.3,2026-10-03T13:05:37.534774Z
WAF-1739,001738.npy,128x128 -> 256x256,completed,25.63,0.9849,14.1,2026-10-03T13:05:37.534774Z
WAF-1740,001739.npy,128x128 -> 256x256,completed,25.75,0.9855,14.9,2026-10-03T13:05:37.534774Z
WAF-1741,001740.npy,128x128 -> 256x256,completed,25.87,0.9861,15.7,2026-10-03T13:05:37.534774Z
WAF-1742,001741.npy,128x128 -> 256x256,completed,25.99,0.9867,16.5,2026-10-03T13:05:37.534774Z
WAF-1743,001742.npy,128x128 -> 256x256,completed,26.11,0.9873,17.3,2026-10-03T13:05:37.534774Z
WAF-1744,001743.npy,128x128 -> 256x256,completed,26.23,0.9837,12.5,2026-10-03T13:05:37.534774Z
WAF-1745,001744.npy,128x128 -> 256x256,completed,20.69,0.6021,13.3,2026-10-03T13:05:37.534774Z
WAF-1746,001745.npy,128x128 -> 256x256,completed,26.47,0.9849,14.1,2026-10-03T13:05:37.534774Z
WAF-1747,001746.npy,128x128 -> 256x256,completed,26.59,0.9855,14.9,2026-10-03T13:05:37.534774Z
WAF-1748,001747.npy,128x128 -> 256x256,completed,26.71,0.9861,15.7,2026-10-03T13:05:37.534774Z
WAF-1749,001748.npy,128x128 -> 256x256,completed,22.81,0.665,16.5,2026-10-03T13:05:37.534774Z
WAF-1750,001749.npy,128x128 -> 256x256,completed,25.63,0.9873,17.3,2026-10-03T13:05:37.534774Z
WAF-1751,001750.npy,128x128 -> 256x256,completed,25.75,0.9837,12.5,2026-10-03T13:05:37.534774Z
WAF-1752,001751.npy,128x128 -> 256x256,completed,25.87,0.9843,13.3,2026-10-03T13:05:37.534774Z
WAF-1753,001752.npy,128x128 -> 256x256,completed,25.99,0.9849,14.1,2026-10-03T13:05:37.534774Z
WAF-1754,001753.npy,128x128 -> 256x256,completed,26.11,0.9855,14.9,2026-10-03T13:05:37.534774Z
WAF-1755,001754.npy,128x128 -> 256x256,completed,26.23,0.9861,15.7,2026-10-03T13:05:37.534774Z
WAF-1756,001755.npy,128x128 -> 256x256,completed,26.35,0.9867,16.5,2026-10-03T13:05:37.534774Z
WAF-1757,001756.npy,128x128 -> 256x256,completed,26.47,0.9873,17.3,2026-10-03T13:05:37.534774Z
WAF-1758,001757.npy,128x128 -> 256x256,completed,26.59,0.9837,12.5,2026-10-03T13:05:37.534774Z
WAF-1759,001758.npy,128x128 -> 256x256,completed,26.71,0.9843,13.3,2026-10-03T13:05:37.534774Z
WAF-1760,001759.npy,128x128 -> 256x256,completed,26.83,0.9849,14.1,2026-10-03T13:05:37.534774Z
WAF-1761,001760.npy,128x128 -> 256x256,completed,25.63,0.9855,14.9,2026-10-03T13:05:37.534774Z
WAF-1762,001761.npy,128x128 -> 256x256,completed,25.75,0.9861,15.7,2026-10-03T13:05:37.534774Z
WAF-1763,001762.npy,128x128 -> 256x256,completed,22.71,0.7086,16.5,2026-10-03T13:05:37.534774Z
WAF-1764,001763.npy,128x128 -> 256x256,completed,25.99,0.9873,17.3,2026-10-03T13:05:37.534774Z
WAF-1765,001764.npy,128x128 -> 256x256,completed,26.11,0.9837,12.5,2026-10-03T13:05:37.534774Z
WAF-1766,001765.npy,128x128 -> 256x256,completed,26.23,0.9843,13.3,2026-10-03T13:05:37.534774Z
WAF-1767,001766.npy,128x128 -> 256x256,completed,26.35,0.9849,14.1,2026-10-03T13:05:37.534774Z
WAF-1768,001767.npy,128x128 -> 256x256,completed,26.47,0.9855,14.9,2026-10-03T13:05:37.534774Z
WAF-1769,001768.npy,128x128 -> 256x256,completed,26.59,0.9861,15.7,2026-10-03T13:05:37.534774Z
WAF-1770,001769.npy,128x128 -> 256x256,completed,26.71,0.9867,16.5,2026-10-03T13:05:37.534774Z
WAF-1771,001770.npy,128x128 -> 256x256,completed,28.01,0.7706,17.3,2026-10-03T13:05:37.534774Z
WAF-1772,001771.npy,128x128 -> 256x256,completed,25.63,0.9837,12.5,2026-10-03T13:05:37.534774Z
WAF-1773,001772.npy,128x128 -> 256x256,completed,25.75,0.9843,13.3,2026-10-03T13:05:37.534774Z
WAF-1774,001773.npy,128x128 -> 256x256,completed,27.34,0.7169,14.1,2026-10-03T13:05:37.534774Z
WAF-1775,001774.npy,128x128 -> 256x256,completed,25.99,0.9855,14.9,2026-10-03T13:05:37.534774Z
WAF-1776,001775.npy,128x128 -> 256x256,completed,26.11,0.9861,15.7,2026-10-03T13:05:37.534774Z
WAF-1777,001776.npy,128x128 -> 256x256,completed,26.23,0.9867,16.5,2026-10-03T13:05:37.534774Z
WAF-1778,001777.npy,128x128 -> 256x256,completed,26.35,0.9873,17.3,2026-10-03T13:05:37.534774Z
WAF-1779,001778.npy,128x128 -> 256x256,completed,26.47,0.9837,12.5,2026-10-03T13:05:37.534774Z
WAF-1780,001779.npy,128x128 -> 256x256,completed,26.59,0.9843,13.3,2026-10-03T13:05:37.534774Z
WAF-1781,001780.npy,128x128 -> 256x256,completed,26.71,0.9849,14.1,2026-10-03T13:05:37.542403Z
WAF-1782,001781.npy,128x128 -> 256x256,completed,26.83,0.9855,14.9,2026-10-03T13:05:37.542403Z
WAF-1783,001782.npy,128x128 -> 256x256,completed,25.63,0.9861,15.7,2026-10-03T13:05:37.542403Z
WAF-1784,001783.npy,128x128 -> 256x256,completed,25.75,0.9867,16.5,2026-10-03T13:05:37.542403Z
WAF-1785,001784.npy,128x128 -> 256x256,completed,25.87,0.9873,17.3,2026-10-03T13:05:37.542403Z
WAF-1786,001785.npy,128x128 -> 256x256,completed,25.99,0.9837,12.5,2026-10-03T13:05:37.544914Z
WAF-1787,001786.npy,128x128 -> 256x256,completed,26.11,0.9843,13.3,2026-10-03T13:05:37.544914Z
WAF-1788,001787.npy,128x128 -> 256x256,completed,26.23,0.9849,14.1,2026-10-03T13:05:37.544914Z
WAF-1789,001788.npy,128x128 -> 256x256,completed,29.13,0.8942,14.9,2026-10-03T13:05:37.544914Z
WAF-1790,001789.npy,128x128 -> 256x256,completed,26.47,0.9861,15.7,2026-10-03T13:05:37.544914Z
WAF-1791,001790.npy,128x128 -> 256x256,completed,24.28,0.7359,16.5,2026-10-03T13:05:37.544914Z
WAF-1792,001791.npy,128x128 -> 256x256,completed,26.71,0.9873,17.3,2026-10-03T13:05:37.544914Z
WAF-1793,001792.npy,128x128 -> 256x256,completed,26.83,0.9837,12.5,2026-10-03T13:05:37.544914Z
WAF-1794,001793.npy,128x128 -> 256x256,completed,25.63,0.9843,13.3,2026-10-03T13:05:37.544914Z
WAF-1795,001794.npy,128x128 -> 256x256,completed,25.75,0.9849,14.1,2026-10-03T13:05:37.544914Z
WAF-1796,001795.npy,128x128 -> 256x256,completed,22.74,0.6373,14.9,2026-10-03T13:05:37.546923Z
WAF-1797,001796.npy,128x128 -> 256x256,completed,31.91,0.8675,15.7,2026-10-03T13:05:37.546923Z
WAF-1798,001797.npy,128x128 -> 256x256,completed,28.47,0.8471,16.5,2026-10-03T13:05:37.546923Z
WAF-1799,001798.npy,128x128 -> 256x256,completed,26.23,0.9873,17.3,2026-10-03T13:05:37.546923Z
WAF-1800,001799.npy,128x128 -> 256x256,completed,26.35,0.9837,12.5,2026-10-03T13:05:37.546923Z
WAF-1801,001800.npy,128x128 -> 256x256,completed,26.47,0.9843,13.3,2026-10-03T13:05:37.546923Z
WAF-1802,001801.npy,128x128 -> 256x256,completed,26.59,0.9849,14.1,2026-10-03T13:05:37.546923Z
WAF-1803,001802.npy,128x128 -> 256x256,completed,26.71,0.9855,14.9,2026-10-03T13:05:37.546923Z
WAF-1804,001803.npy,128x128 -> 256x256,completed,26.83,0.9861,15.7,2026-10-03T13:05:37.546923Z
WAF-1805,001804.npy,128x128 -> 256x256,completed,25.63,0.9867,16.5,2026-10-03T13:05:37.546923Z
WAF-1806,001805.npy,128x128 -> 256x256,completed,25.75,0.9873,17.3,2026-10-03T13:05:37.546923Z
WAF-1807,001806.npy,128x128 -> 256x256,completed,25.87,0.9837,12.5,2026-10-03T13:05:37.546923Z
WAF-1808,001807.npy,128x128 -> 256x256,completed,25.99,0.9843,13.3,2026-10-03T13:05:37.546923Z
WAF-1809,001808.npy,128x128 -> 256x256,completed,26.11,0.9849,14.1,2026-10-03T13:05:37.546923Z
WAF-1810,001809.npy,128x128 -> 256x256,completed,26.23,0.9855,14.9,2026-10-03T13:05:37.546923Z
WAF-1811,001810.npy,128x128 -> 256x256,completed,26.35,0.9861,15.7,2026-10-03T13:05:37.546923Z
WAF-1812,001811.npy,128x128 -> 256x256,completed,26.47,0.9867,16.5,2026-10-03T13:05:37.546923Z
WAF-1813,001812.npy,128x128 -> 256x256,completed,26.59,0.9873,17.3,2026-10-03T13:05:37.546923Z
WAF-1814,001813.npy,128x128 -> 256x256,completed,26.71,0.9837,12.5,2026-10-03T13:05:37.546923Z
WAF-1815,001814.npy,128x128 -> 256x256,completed,26.83,0.9843,13.3,2026-10-03T13:05:37.546923Z
WAF-1816,001815.npy,128x128 -> 256x256,completed,25.63,0.9849,14.1,2026-10-03T13:05:37.546923Z
WAF-1817,001816.npy,128x128 -> 256x256,completed,25.75,0.9855,14.9,2026-10-03T13:05:37.550841Z
WAF-1818,001817.npy,128x128 -> 256x256,completed,25.87,0.9861,15.7,2026-10-03T13:05:37.550841Z
WAF-1819,001818.npy,128x128 -> 256x256,completed,25.99,0.9867,16.5,2026-10-03T13:05:37.550841Z
WAF-1820,001819.npy,128x128 -> 256x256,completed,26.11,0.9873,17.3,2026-10-03T13:05:37.550841Z
WAF-1821,001820.npy,128x128 -> 256x256,completed,26.23,0.9837,12.5,2026-10-03T13:05:37.550841Z
WAF-1822,001821.npy,128x128 -> 256x256,completed,26.35,0.9843,13.3,2026-10-03T13:05:37.550841Z
WAF-1823,001822.npy,128x128 -> 256x256,completed,26.47,0.9849,14.1,2026-10-03T13:05:37.550841Z
WAF-1824,001823.npy,128x128 -> 256x256,completed,26.59,0.9855,14.9,2026-10-03T13:05:37.550841Z
WAF-1825,001824.npy,128x128 -> 256x256,completed,27.96,0.8462,15.7,2026-10-03T13:05:37.550841Z
WAF-1826,001825.npy,128x128 -> 256x256,completed,26.83,0.9867,16.5,2026-10-03T13:05:37.550841Z
WAF-1827,001826.npy,128x128 -> 256x256,completed,25.63,0.9873,17.3,2026-10-03T13:05:37.550841Z
WAF-1828,001827.npy,128x128 -> 256x256,completed,25.75,0.9837,12.5,2026-10-03T13:05:37.550841Z
WAF-1829,001828.npy,128x128 -> 256x256,completed,25.87,0.9843,13.3,2026-10-03T13:05:37.550841Z
WAF-1830,001829.npy,128x128 -> 256x256,completed,25.99,0.9849,14.1,2026-10-03T13:05:37.550841Z
WAF-1831,001830.npy,128x128 -> 256x256,completed,26.11,0.9855,14.9,2026-10-03T13:05:37.550841Z
WAF-1832,001831.npy,128x128 -> 256x256,completed,26.23,0.9861,15.7,2026-10-03T13:05:37.554332Z
WAF-1833,001832.npy,128x128 -> 256x256,completed,26.35,0.9867,16.5,2026-10-03T13:05:37.554332Z
WAF-1834,001833.npy,128x128 -> 256x256,completed,26.47,0.9873,17.3,2026-10-03T13:05:37.554332Z
WAF-1835,001834.npy,128x128 -> 256x256,completed,26.59,0.9837,12.5,2026-10-03T13:05:37.554332Z
WAF-1836,001835.npy,128x128 -> 256x256,completed,26.71,0.9843,13.3,2026-10-03T13:05:37.554332Z
WAF-1837,001836.npy,128x128 -> 256x256,completed,23.05,0.7369,14.1,2026-10-03T13:05:37.554332Z
WAF-1838,001837.npy,128x128 -> 256x256,completed,25.63,0.9855,14.9,2026-10-03T13:05:37.554332Z
WAF-1839,001838.npy,128x128 -> 256x256,completed,25.75,0.9861,15.7,2026-10-03T13:05:37.554332Z
WAF-1840,001839.npy,128x128 -> 256x256,completed,25.87,0.9867,16.5,2026-10-03T13:05:37.554332Z
WAF-1841,001840.npy,128x128 -> 256x256,completed,25.99,0.9873,17.3,2026-10-03T13:05:37.554332Z
WAF-1842,001841.npy,128x128 -> 256x256,completed,26.11,0.9837,12.5,2026-10-03T13:05:37.554332Z
WAF-1843,001842.npy,128x128 -> 256x256,completed,29.71,0.8087,13.3,2026-10-03T13:05:37.554332Z
WAF-1844,001843.npy,128x128 -> 256x256,completed,26.35,0.9849,14.1,2026-10-03T13:05:37.554332Z
WAF-1845,001844.npy,128x128 -> 256x256,completed,26.47,0.9855,14.9,2026-10-03T13:05:37.554332Z
WAF-1846,001845.npy,128x128 -> 256x256,completed,26.59,0.9861,15.7,2026-10-03T13:05:37.554332Z
WAF-1847,001846.npy,128x128 -> 256x256,completed,26.71,0.9867,16.5,2026-10-03T13:05:37.554332Z
WAF-1848,001847.npy,128x128 -> 256x256,completed,26.83,0.9873,17.3,2026-10-03T13:05:37.554332Z
WAF-1849,001848.npy,128x128 -> 256x256,completed,19.54,0.7994,12.5,2026-10-03T13:05:37.554332Z
WAF-1850,001849.npy,128x128 -> 256x256,completed,25.75,0.9843,13.3,2026-10-03T13:05:37.554332Z
WAF-1851,001850.npy,128x128 -> 256x256,completed,25.87,0.9849,14.1,2026-10-03T13:05:37.558886Z
WAF-1852,001851.npy,128x128 -> 256x256,completed,25.99,0.9855,14.9,2026-10-03T13:05:37.559359Z
WAF-1853,001852.npy,128x128 -> 256x256,completed,29.39,0.7128,15.7,2026-10-03T13:05:37.560026Z
WAF-1854,001853.npy,128x128 -> 256x256,completed,26.23,0.9867,16.5,2026-10-03T13:05:37.560534Z
WAF-1855,001854.npy,128x128 -> 256x256,completed,31.08,0.8204,17.3,2026-10-03T13:05:37.560534Z
WAF-1856,001855.npy,128x128 -> 256x256,completed,26.47,0.9837,12.5,2026-10-03T13:05:37.560534Z
WAF-1857,001856.npy,128x128 -> 256x256,completed,26.59,0.9843,13.3,2026-10-03T13:05:37.560534Z
WAF-1858,001857.npy,128x128 -> 256x256,completed,26.71,0.9849,14.1,2026-10-03T13:05:37.560534Z
WAF-1859,001858.npy,128x128 -> 256x256,completed,26.83,0.9855,14.9,2026-10-03T13:05:37.560534Z
WAF-1860,001859.npy,128x128 -> 256x256,completed,25.63,0.9861,15.7,2026-10-03T13:05:37.560534Z
WAF-1861,001860.npy,128x128 -> 256x256,completed,35.43,0.8368,16.5,2026-10-03T13:05:37.560534Z
WAF-1862,001861.npy,128x128 -> 256x256,completed,25.87,0.9873,17.3,2026-10-03T13:05:37.560534Z
WAF-1863,001862.npy,128x128 -> 256x256,completed,25.99,0.9837,12.5,2026-10-03T13:05:37.560534Z
WAF-1864,001863.npy,128x128 -> 256x256,completed,26.11,0.9843,13.3,2026-10-03T13:05:37.560534Z
WAF-1865,001864.npy,128x128 -> 256x256,completed,26.23,0.9849,14.1,2026-10-03T13:05:37.560534Z
WAF-1866,001865.npy,128x128 -> 256x256,completed,26.35,0.9855,14.9,2026-10-03T13:05:37.560534Z
WAF-1867,001866.npy,128x128 -> 256x256,completed,26.47,0.9861,15.7,2026-10-03T13:05:37.560534Z
WAF-1868,001867.npy,128x128 -> 256x256,completed,26.59,0.9867,16.5,2026-10-03T13:05:37.560534Z
WAF-1869,001868.npy,128x128 -> 256x256,completed,26.71,0.9873,17.3,2026-10-03T13:05:37.560534Z
WAF-1870,001869.npy,128x128 -> 256x256,completed,26.83,0.9837,12.5,2026-10-03T13:05:37.560534Z
WAF-1871,001870.npy,128x128 -> 256x256,completed,25.63,0.9843,13.3,2026-10-03T13:05:37.560534Z
WAF-1872,001871.npy,128x128 -> 256x256,completed,25.75,0.9849,14.1,2026-10-03T13:05:37.560534Z
WAF-1873,001872.npy,128x128 -> 256x256,completed,25.87,0.9855,14.9,2026-10-03T13:05:37.560534Z
WAF-1874,001873.npy,128x128 -> 256x256,completed,25.99,0.9861,15.7,2026-10-03T13:05:37.567338Z
WAF-1875,001874.npy,128x128 -> 256x256,completed,26.11,0.9867,16.5,2026-10-03T13:05:37.567338Z
WAF-1876,001875.npy,128x128 -> 256x256,completed,26.23,0.9873,17.3,2026-10-03T13:05:37.567338Z
WAF-1877,001876.npy,128x128 -> 256x256,completed,26.35,0.9837,12.5,2026-10-03T13:05:37.567338Z
WAF-1878,001877.npy,128x128 -> 256x256,completed,26.47,0.9843,13.3,2026-10-03T13:05:37.567338Z
WAF-1879,001878.npy,128x128 -> 256x256,completed,26.59,0.9849,14.1,2026-10-03T13:05:37.567338Z
WAF-1880,001879.npy,128x128 -> 256x256,completed,26.71,0.9855,14.9,2026-10-03T13:05:37.567338Z
WAF-1881,001880.npy,128x128 -> 256x256,completed,26.09,0.7428,15.7,2026-10-03T13:05:37.567338Z
WAF-1882,001881.npy,128x128 -> 256x256,completed,25.63,0.9867,16.5,2026-10-03T13:05:37.567338Z
WAF-1883,001882.npy,128x128 -> 256x256,completed,25.75,0.9873,17.3,2026-10-03T13:05:37.567338Z
WAF-1884,001883.npy,128x128 -> 256x256,completed,25.87,0.9837,12.5,2026-10-03T13:05:37.567338Z
WAF-1885,001884.npy,128x128 -> 256x256,completed,25.99,0.9843,13.3,2026-10-03T13:05:37.567338Z
WAF-1886,001885.npy,128x128 -> 256x256,completed,26.11,0.9849,14.1,2026-10-03T13:05:37.567338Z
WAF-1887,001886.npy,128x128 -> 256x256,completed,26.23,0.9855,14.9,2026-10-03T13:05:37.567338Z
WAF-1888,001887.npy,128x128 -> 256x256,completed,26.35,0.9861,15.7,2026-10-03T13:05:37.567338Z
WAF-1889,001888.npy,128x128 -> 256x256,completed,26.47,0.9867,16.5,2026-10-03T13:05:37.567338Z
WAF-1890,001889.npy,128x128 -> 256x256,completed,34.12,0.8944,17.3,2026-10-03T13:05:37.567338Z
WAF-1891,001890.npy,128x128 -> 256x256,completed,26.71,0.9837,12.5,2026-10-03T13:05:37.567338Z
WAF-1892,001891.npy,128x128 -> 256x256,completed,26.83,0.9843,13.3,2026-10-03T13:05:37.567338Z
WAF-1893,001892.npy,128x128 -> 256x256,completed,25.63,0.9849,14.1,2026-10-03T13:05:37.567338Z
WAF-1894,001893.npy,128x128 -> 256x256,completed,25.75,0.9855,14.9,2026-10-03T13:05:37.567338Z
WAF-1895,001894.npy,128x128 -> 256x256,completed,25.87,0.9861,15.7,2026-10-03T13:05:37.567338Z
WAF-1896,001895.npy,128x128 -> 256x256,completed,25.99,0.9867,16.5,2026-10-03T13:05:37.567338Z
WAF-1897,001896.npy,128x128 -> 256x256,completed,26.11,0.9873,17.3,2026-10-03T13:05:37.567338Z
WAF-1898,001897.npy,128x128 -> 256x256,completed,26.23,0.9837,12.5,2026-10-03T13:05:37.567338Z
WAF-1899,001898.npy,128x128 -> 256x256,completed,27.46,0.4087,13.3,2026-10-03T13:05:37.567338Z
WAF-1900,001899.npy,128x128 -> 256x256,completed,26.47,0.9849,14.1,2026-10-03T13:05:37.567338Z
WAF-1901,001900.npy,128x128 -> 256x256,completed,26.59,0.9855,14.9,2026-10-03T13:05:37.567338Z
WAF-1902,001901.npy,128x128 -> 256x256,completed,34.64,0.961,15.7,2026-10-03T13:05:37.567338Z
WAF-1903,001902.npy,128x128 -> 256x256,completed,26.83,0.9867,16.5,2026-10-03T13:05:37.567338Z
WAF-1904,001903.npy,128x128 -> 256x256,completed,25.63,0.9873,17.3,2026-10-03T13:05:37.575847Z
WAF-1905,001904.npy,128x128 -> 256x256,completed,25.75,0.9837,12.5,2026-10-03T13:05:37.575847Z
WAF-1906,001905.npy,128x128 -> 256x256,completed,25.87,0.9843,13.3,2026-10-03T13:05:37.578098Z
WAF-1907,001906.npy,128x128 -> 256x256,completed,25.99,0.9849,14.1,2026-10-03T13:05:37.578098Z
WAF-1908,001907.npy,128x128 -> 256x256,completed,26.11,0.9855,14.9,2026-10-03T13:05:37.578098Z
WAF-1909,001908.npy,128x128 -> 256x256,completed,26.23,0.9861,15.7,2026-10-03T13:05:37.578098Z
WAF-1910,001909.npy,128x128 -> 256x256,completed,26.35,0.9867,16.5,2026-10-03T13:05:37.578098Z
WAF-1911,001910.npy,128x128 -> 256x256,completed,26.47,0.9873,17.3,2026-10-03T13:05:37.578098Z
WAF-1912,001911.npy,128x128 -> 256x256,completed,31.27,0.8757,12.5,2026-10-03T13:05:37.578098Z
WAF-1913,001912.npy,128x128 -> 256x256,completed,26.71,0.9843,13.3,2026-10-03T13:05:37.578098Z
WAF-1914,001913.npy,128x128 -> 256x256,completed,24.39,0.7116,14.1,2026-10-03T13:05:37.580109Z
WAF-1915,001914.npy,128x128 -> 256x256,completed,25.63,0.9855,14.9,2026-10-03T13:05:37.580109Z
WAF-1916,001915.npy,128x128 -> 256x256,completed,24.75,0.696,15.7,2026-10-03T13:05:37.580109Z
WAF-1917,001916.npy,128x128 -> 256x256,completed,21.52,0.6186,16.5,2026-10-03T13:05:37.580109Z
WAF-1918,001917.npy,128x128 -> 256x256,completed,25.99,0.9873,17.3,2026-10-03T13:05:37.580109Z
WAF-1919,001918.npy,128x128 -> 256x256,completed,26.11,0.9837,12.5,2026-10-03T13:05:37.580109Z
WAF-1920,001919.npy,128x128 -> 256x256,completed,26.23,0.9843,13.3,2026-10-03T13:05:37.580109Z
WAF-1921,001920.npy,128x128 -> 256x256,completed,26.35,0.9849,14.1,2026-10-03T13:05:37.580109Z
WAF-1922,001921.npy,128x128 -> 256x256,completed,26.47,0.9855,14.9,2026-10-03T13:05:37.582118Z
WAF-1923,001922.npy,128x128 -> 256x256,completed,26.59,0.9861,15.7,2026-10-03T13:05:37.582118Z
WAF-1924,001923.npy,128x128 -> 256x256,completed,26.71,0.9867,16.5,2026-10-03T13:05:37.582118Z
WAF-1925,001924.npy,128x128 -> 256x256,completed,26.83,0.9873,17.3,2026-10-03T13:05:37.582118Z
WAF-1926,001925.npy,128x128 -> 256x256,completed,25.63,0.9837,12.5,2026-10-03T13:05:37.582118Z
WAF-1927,001926.npy,128x128 -> 256x256,completed,25.75,0.9843,13.3,2026-10-03T13:05:37.583974Z
WAF-1928,001927.npy,128x128 -> 256x256,completed,25.87,0.9849,14.1,2026-10-03T13:05:37.583974Z
WAF-1929,001928.npy,128x128 -> 256x256,completed,25.99,0.9855,14.9,2026-10-03T13:05:37.583974Z
WAF-1930,001929.npy,128x128 -> 256x256,completed,23.96,0.6989,15.7,2026-10-03T13:05:37.583974Z
WAF-1931,001930.npy,128x128 -> 256x256,completed,26.23,0.9867,16.5,2026-10-03T13:05:37.583974Z
WAF-1932,001931.npy,128x128 -> 256x256,completed,26.35,0.9873,17.3,2026-10-03T13:05:37.583974Z
WAF-1933,001932.npy,128x128 -> 256x256,completed,29.41,0.8452,12.5,2026-10-03T13:05:37.583974Z
WAF-1934,001933.npy,128x128 -> 256x256,completed,26.59,0.9843,13.3,2026-10-03T13:05:37.583974Z
WAF-1935,001934.npy,128x128 -> 256x256,completed,26.71,0.9849,14.1,2026-10-03T13:05:37.583974Z
WAF-1936,001935.npy,128x128 -> 256x256,completed,26.83,0.9855,14.9,2026-10-03T13:05:37.583974Z
WAF-1937,001936.npy,128x128 -> 256x256,completed,25.63,0.9861,15.7,2026-10-03T13:05:37.583974Z
WAF-1938,001937.npy,128x128 -> 256x256,completed,25.75,0.9867,16.5,2026-10-03T13:05:37.587645Z
WAF-1939,001938.npy,128x128 -> 256x256,completed,25.87,0.9873,17.3,2026-10-03T13:05:37.587645Z
WAF-1940,001939.npy,128x128 -> 256x256,completed,25.99,0.9837,12.5,2026-10-03T13:05:37.587645Z
WAF-1941,001940.npy,128x128 -> 256x256,completed,26.11,0.9843,13.3,2026-10-03T13:05:37.587645Z
WAF-1942,001941.npy,128x128 -> 256x256,completed,26.23,0.9849,14.1,2026-10-03T13:05:37.587645Z
WAF-1943,001942.npy,128x128 -> 256x256,completed,26.35,0.9855,14.9,2026-10-03T13:05:37.587645Z
WAF-1944,001943.npy,128x128 -> 256x256,completed,26.47,0.9861,15.7,2026-10-03T13:05:37.587645Z
WAF-1945,001944.npy,128x128 -> 256x256,completed,26.59,0.9867,16.5,2026-10-03T13:05:37.587645Z
WAF-1946,001945.npy,128x128 -> 256x256,completed,25.43,0.7875,17.3,2026-10-03T13:05:37.587645Z
WAF-1947,001946.npy,128x128 -> 256x256,completed,26.83,0.9837,12.5,2026-10-03T13:05:37.587645Z
WAF-1948,001947.npy,128x128 -> 256x256,completed,24.97,0.7984,13.3,2026-10-03T13:05:37.587645Z
WAF-1949,001948.npy,128x128 -> 256x256,completed,25.75,0.9849,14.1,2026-10-03T13:05:37.587645Z
WAF-1950,001949.npy,128x128 -> 256x256,completed,25.87,0.9855,14.9,2026-10-03T13:05:37.587645Z
WAF-1951,001950.npy,128x128 -> 256x256,completed,25.99,0.9861,15.7,2026-10-03T13:05:37.587645Z
WAF-1952,001951.npy,128x128 -> 256x256,completed,27.74,0.8907,16.5,2026-10-03T13:05:37.587645Z
WAF-1953,001952.npy,128x128 -> 256x256,completed,26.23,0.9873,17.3,2026-10-03T13:05:37.587645Z
WAF-1954,001953.npy,128x128 -> 256x256,completed,26.35,0.9837,12.5,2026-10-03T13:05:37.587645Z
WAF-1955,001954.npy,128x128 -> 256x256,completed,26.47,0.9843,13.3,2026-10-03T13:05:37.587645Z
WAF-1956,001955.npy,128x128 -> 256x256,completed,26.59,0.9849,14.1,2026-10-03T13:05:37.587645Z
WAF-1957,001956.npy,128x128 -> 256x256,completed,26.71,0.9855,14.9,2026-10-03T13:05:37.587645Z
WAF-1958,001957.npy,128x128 -> 256x256,completed,26.83,0.9861,15.7,2026-10-03T13:05:37.587645Z
WAF-1959,001958.npy,128x128 -> 256x256,completed,25.63,0.9867,16.5,2026-10-03T13:05:37.587645Z
WAF-1960,001959.npy,128x128 -> 256x256,completed,25.75,0.9873,17.3,2026-10-03T13:05:37.587645Z
WAF-1961,001960.npy,128x128 -> 256x256,completed,25.87,0.9837,12.5,2026-10-03T13:05:37.592116Z
WAF-1962,001961.npy,128x128 -> 256x256,completed,25.99,0.9843,13.3,2026-10-03T13:05:37.592116Z
WAF-1963,001962.npy,128x128 -> 256x256,completed,26.11,0.9849,14.1,2026-10-03T13:05:37.592116Z
WAF-1964,001963.npy,128x128 -> 256x256,completed,26.23,0.9855,14.9,2026-10-03T13:05:37.593653Z
WAF-1965,001964.npy,128x128 -> 256x256,completed,26.35,0.9861,15.7,2026-10-03T13:05:37.593653Z
WAF-1966,001965.npy,128x128 -> 256x256,completed,26.47,0.9867,16.5,2026-10-03T13:05:37.593653Z
WAF-1967,001966.npy,128x128 -> 256x256,completed,26.59,0.9873,17.3,2026-10-03T13:05:37.593653Z
WAF-1968,001967.npy,128x128 -> 256x256,completed,26.71,0.9837,12.5,2026-10-03T13:05:37.595662Z
WAF-1969,001968.npy,128x128 -> 256x256,completed,26.83,0.9843,13.3,2026-10-03T13:05:37.595662Z
WAF-1970,001969.npy,128x128 -> 256x256,completed,25.63,0.9849,14.1,2026-10-03T13:05:37.596390Z
WAF-1971,001970.npy,128x128 -> 256x256,completed,25.75,0.9855,14.9,2026-10-03T13:05:37.596390Z
WAF-1972,001971.npy,128x128 -> 256x256,completed,25.87,0.9861,15.7,2026-10-03T13:05:37.596390Z
WAF-1973,001972.npy,128x128 -> 256x256,completed,25.99,0.9867,16.5,2026-10-03T13:05:37.596390Z
WAF-1974,001973.npy,128x128 -> 256x256,completed,26.11,0.9873,17.3,2026-10-03T13:05:37.596390Z
WAF-1975,001974.npy,128x128 -> 256x256,completed,26.23,0.9837,12.5,2026-10-03T13:05:37.596390Z
WAF-1976,001975.npy,128x128 -> 256x256,completed,23.91,0.906,13.3,2026-10-03T13:05:37.598399Z
WAF-1977,001976.npy,128x128 -> 256x256,completed,26.47,0.9849,14.1,2026-10-03T13:05:37.598399Z
WAF-1978,001977.npy,128x128 -> 256x256,completed,21.74,0.1843,14.9,2026-10-03T13:05:37.598399Z
WAF-1979,001978.npy,128x128 -> 256x256,completed,26.71,0.9861,15.7,2026-10-03T13:05:37.598399Z
WAF-1980,001979.npy,128x128 -> 256x256,completed,26.83,0.9867,16.5,2026-10-03T13:05:37.598399Z
WAF-1981,001980.npy,128x128 -> 256x256,completed,25.63,0.9873,17.3,2026-10-03T13:05:37.598399Z
WAF-1982,001981.npy,128x128 -> 256x256,completed,25.75,0.9837,12.5,2026-10-03T13:05:37.600157Z
WAF-1983,001982.npy,128x128 -> 256x256,completed,25.87,0.9843,13.3,2026-10-03T13:05:37.600157Z
WAF-1984,001983.npy,128x128 -> 256x256,completed,25.99,0.9849,14.1,2026-10-03T13:05:37.600157Z
WAF-1985,001984.npy,128x128 -> 256x256,completed,26.11,0.9855,14.9,2026-10-03T13:05:37.600157Z
WAF-1986,001985.npy,128x128 -> 256x256,completed,26.23,0.9861,15.7,2026-10-03T13:05:37.600157Z
WAF-1987,001986.npy,128x128 -> 256x256,completed,26.35,0.9867,16.5,2026-10-03T13:05:37.600157Z
WAF-1988,001987.npy,128x128 -> 256x256,completed,26.47,0.9873,17.3,2026-10-03T13:05:37.600157Z
WAF-1989,001988.npy,128x128 -> 256x256,completed,26.59,0.9837,12.5,2026-10-03T13:05:37.602171Z
WAF-1990,001989.npy,128x128 -> 256x256,completed,26.71,0.9843,13.3,2026-10-03T13:05:37.602488Z
WAF-1991,001990.npy,128x128 -> 256x256,completed,26.83,0.9849,14.1,2026-10-03T13:05:37.602488Z
WAF-1992,001991.npy,128x128 -> 256x256,completed,25.63,0.9855,14.9,2026-10-03T13:05:37.603089Z
WAF-1993,001992.npy,128x128 -> 256x256,completed,25.75,0.9861,15.7,2026-10-03T13:05:37.603089Z
WAF-1994,001993.npy,128x128 -> 256x256,completed,25.87,0.9867,16.5,2026-10-03T13:05:37.603089Z
WAF-1995,001994.npy,128x128 -> 256x256,completed,25.99,0.9873,17.3,2026-10-03T13:05:37.603089Z
WAF-1996,001995.npy,128x128 -> 256x256,completed,26.11,0.9837,12.5,2026-10-03T13:05:37.603089Z
WAF-1997,001996.npy,128x128 -> 256x256,completed,26.23,0.9843,13.3,2026-10-03T13:05:37.605101Z
WAF-1998,001997.npy,128x128 -> 256x256,completed,26.35,0.9849,14.1,2026-10-03T13:05:37.605101Z
WAF-1999,001998.npy,128x128 -> 256x256,completed,26.47,0.9855,14.9,2026-10-03T13:05:37.605101Z
WAF-2000,001999.npy,128x128 -> 256x256,completed,26.59,0.9861,15.7,2026-10-03T13:05:37.605101Z
WAF-2001,002000.npy,128x128 -> 256x256,completed,26.71,0.9867,16.5,2026-10-03T13:05:37.605101Z
WAF-2002,002001.npy,128x128 -> 256x256,completed,26.83,0.9873,17.3,2026-10-03T13:05:37.607116Z
WAF-2003,002002.npy,128x128 -> 256x256,completed,25.63,0.9837,12.5,2026-10-03T13:05:37.607116Z
WAF-2004,002003.npy,128x128 -> 256x256,completed,29.36,0.5353,13.3,2026-10-03T13:05:37.607116Z
WAF-2005,002004.npy,128x128 -> 256x256,completed,25.87,0.9849,14.1,2026-10-03T13:05:37.608633Z
WAF-2006,002005.npy,128x128 -> 256x256,completed,25.99,0.9855,14.9,2026-10-03T13:05:37.609322Z
WAF-2007,002006.npy,128x128 -> 256x256,completed,26.11,0.9861,15.7,2026-10-03T13:05:37.609851Z
WAF-2008,002007.npy,128x128 -> 256x256,completed,26.23,0.9867,16.5,2026-10-03T13:05:37.609851Z
WAF-2009,002008.npy,128x128 -> 256x256,completed,26.35,0.9873,17.3,2026-10-03T13:05:37.609851Z
WAF-2010,002009.npy,128x128 -> 256x256,completed,26.47,0.9837,12.5,2026-10-03T13:05:37.609851Z
WAF-2011,002010.npy,128x128 -> 256x256,completed,26.59,0.9843,13.3,2026-10-03T13:05:37.609851Z
WAF-2012,002011.npy,128x128 -> 256x256,completed,26.71,0.9849,14.1,2026-10-03T13:05:37.611863Z
WAF-2013,002012.npy,128x128 -> 256x256,completed,26.83,0.9855,14.9,2026-10-03T13:05:37.611863Z
WAF-2014,002013.npy,128x128 -> 256x256,completed,25.63,0.9861,15.7,2026-10-03T13:05:37.611863Z
WAF-2015,002014.npy,128x128 -> 256x256,completed,25.75,0.9867,16.5,2026-10-03T13:05:37.611863Z
WAF-2016,002015.npy,128x128 -> 256x256,completed,25.87,0.9873,17.3,2026-10-03T13:05:37.611863Z
WAF-2017,002016.npy,128x128 -> 256x256,completed,31.17,0.8305,12.5,2026-10-03T13:05:37.611863Z
WAF-2018,002017.npy,128x128 -> 256x256,completed,26.11,0.9843,13.3,2026-10-03T13:05:37.611863Z
WAF-2019,002018.npy,128x128 -> 256x256,completed,26.23,0.9849,14.1,2026-10-03T13:05:37.611863Z
WAF-2020,002019.npy,128x128 -> 256x256,completed,26.35,0.9855,14.9,2026-10-03T13:05:37.611863Z
WAF-2021,002020.npy,128x128 -> 256x256,completed,26.47,0.9861,15.7,2026-10-03T13:05:37.613872Z
WAF-2022,002021.npy,128x128 -> 256x256,completed,26.59,0.9867,16.5,2026-10-03T13:05:37.613872Z
WAF-2023,002022.npy,128x128 -> 256x256,completed,26.71,0.9873,17.3,2026-10-03T13:05:37.613872Z
WAF-2024,002023.npy,128x128 -> 256x256,completed,26.83,0.9837,12.5,2026-10-03T13:05:37.615011Z
WAF-2025,002024.npy,128x128 -> 256x256,completed,25.63,0.9843,13.3,2026-10-03T13:05:37.615011Z
WAF-2026,002025.npy,128x128 -> 256x256,completed,25.75,0.9849,14.1,2026-10-03T13:05:37.615011Z
WAF-2027,002026.npy,128x128 -> 256x256,completed,25.87,0.9855,14.9,2026-10-03T13:05:37.615011Z
WAF-2028,002027.npy,128x128 -> 256x256,completed,25.99,0.9861,15.7,2026-10-03T13:05:37.615011Z
WAF-2029,002028.npy,128x128 -> 256x256,completed,26.11,0.9867,16.5,2026-10-03T13:05:37.615011Z
WAF-2030,002029.npy,128x128 -> 256x256,completed,26.23,0.9873,17.3,2026-10-03T13:05:37.616765Z
WAF-2031,002030.npy,128x128 -> 256x256,completed,26.35,0.9837,12.5,2026-10-03T13:05:37.617518Z
WAF-2032,002031.npy,128x128 -> 256x256,completed,30.3,0.78,13.3,2026-10-03T13:05:37.617518Z
WAF-2033,002032.npy,128x128 -> 256x256,completed,23.45,0.6398,14.1,2026-10-03T13:05:37.617518Z
WAF-2034,002033.npy,128x128 -> 256x256,completed,26.71,0.9855,14.9,2026-10-03T13:05:37.617518Z
WAF-2035,002034.npy,128x128 -> 256x256,completed,26.83,0.9861,15.7,2026-10-03T13:05:37.619527Z
WAF-2036,002035.npy,128x128 -> 256x256,completed,25.63,0.9867,16.5,2026-10-03T13:05:37.619527Z
WAF-2037,002036.npy,128x128 -> 256x256,completed,25.75,0.9873,17.3,2026-10-03T13:05:37.619527Z
WAF-2038,002037.npy,128x128 -> 256x256,completed,25.87,0.9837,12.5,2026-10-03T13:05:37.619527Z
WAF-2039,002038.npy,128x128 -> 256x256,completed,25.99,0.9843,13.3,2026-10-03T13:05:37.619527Z
WAF-2040,002039.npy,128x128 -> 256x256,completed,26.11,0.9849,14.1,2026-10-03T13:05:37.619527Z
WAF-2041,002040.npy,128x128 -> 256x256,completed,26.23,0.9855,14.9,2026-10-03T13:05:37.621538Z
WAF-2042,002041.npy,128x128 -> 256x256,completed,26.35,0.9861,15.7,2026-10-03T13:05:37.621538Z
WAF-2043,002042.npy,128x128 -> 256x256,completed,26.47,0.9867,16.5,2026-10-03T13:05:37.621538Z
WAF-2044,002043.npy,128x128 -> 256x256,completed,26.59,0.9873,17.3,2026-10-03T13:05:37.621538Z
WAF-2045,002044.npy,128x128 -> 256x256,completed,26.71,0.9837,12.5,2026-10-03T13:05:37.623546Z
WAF-2046,002045.npy,128x128 -> 256x256,completed,26.83,0.9843,13.3,2026-10-03T13:05:37.624061Z
WAF-2047,002046.npy,128x128 -> 256x256,completed,25.63,0.9849,14.1,2026-10-03T13:05:37.624061Z
WAF-2048,002047.npy,128x128 -> 256x256,completed,25.75,0.9855,14.9,2026-10-03T13:05:37.624061Z
WAF-2049,002048.npy,128x128 -> 256x256,completed,25.87,0.9861,15.7,2026-10-03T13:05:37.625071Z
WAF-2050,002049.npy,128x128 -> 256x256,completed,25.99,0.9867,16.5,2026-10-03T13:05:37.625071Z
WAF-2051,002050.npy,128x128 -> 256x256,completed,26.11,0.9873,17.3,2026-10-03T13:05:37.625071Z
WAF-2052,002051.npy,128x128 -> 256x256,completed,26.23,0.9837,12.5,2026-10-03T13:05:37.625071Z
WAF-2053,002052.npy,128x128 -> 256x256,completed,26.35,0.9843,13.3,2026-10-03T13:05:37.631268Z
WAF-2054,002053.npy,128x128 -> 256x256,completed,26.47,0.9849,14.1,2026-10-03T13:05:37.631268Z
WAF-2055,002054.npy,128x128 -> 256x256,completed,26.59,0.9855,14.9,2026-10-03T13:05:37.633685Z
WAF-2056,002055.npy,128x128 -> 256x256,completed,26.71,0.9861,15.7,2026-10-03T13:05:37.633685Z
WAF-2057,002056.npy,128x128 -> 256x256,completed,26.83,0.9867,16.5,2026-10-03T13:05:37.634431Z
WAF-2058,002057.npy,128x128 -> 256x256,completed,25.63,0.9873,17.3,2026-10-03T13:05:37.634431Z
WAF-2059,002058.npy,128x128 -> 256x256,completed,25.75,0.9837,12.5,2026-10-03T13:05:37.634431Z
WAF-2060,002059.npy,128x128 -> 256x256,completed,25.87,0.9843,13.3,2026-10-03T13:05:37.634431Z
WAF-2061,002060.npy,128x128 -> 256x256,completed,23.76,0.84,14.1,2026-10-03T13:05:37.634431Z
WAF-2062,002061.npy,128x128 -> 256x256,completed,26.11,0.9855,14.9,2026-10-03T13:05:37.634431Z
WAF-2063,002062.npy,128x128 -> 256x256,completed,26.23,0.9861,15.7,2026-10-03T13:05:37.634431Z
WAF-2064,002063.npy,128x128 -> 256x256,completed,26.35,0.9867,16.5,2026-10-03T13:05:37.636443Z
WAF-2065,002064.npy,128x128 -> 256x256,completed,26.47,0.9873,17.3,2026-10-03T13:05:37.636443Z
WAF-2066,002065.npy,128x128 -> 256x256,completed,26.59,0.9837,12.5,2026-10-03T13:05:37.636443Z
WAF-2067,002066.npy,128x128 -> 256x256,completed,26.71,0.9843,13.3,2026-10-03T13:05:37.636443Z
WAF-2068,002067.npy,128x128 -> 256x256,completed,26.83,0.9849,14.1,2026-10-03T13:05:37.636443Z
WAF-2069,002068.npy,128x128 -> 256x256,completed,25.63,0.9855,14.9,2026-10-03T13:05:37.636443Z
WAF-2070,002069.npy,128x128 -> 256x256,completed,25.75,0.9861,15.7,2026-10-03T13:05:37.636443Z
WAF-2071,002070.npy,128x128 -> 256x256,completed,25.87,0.9867,16.5,2026-10-03T13:05:37.638452Z
WAF-2072,002071.npy,128x128 -> 256x256,completed,25.99,0.9873,17.3,2026-10-03T13:05:37.638452Z
WAF-2073,002072.npy,128x128 -> 256x256,completed,26.11,0.9837,12.5,2026-10-03T13:05:37.638452Z
WAF-2074,002073.npy,128x128 -> 256x256,completed,26.23,0.9843,13.3,2026-10-03T13:05:37.638452Z
WAF-2075,002074.npy,128x128 -> 256x256,completed,26.35,0.9849,14.1,2026-10-03T13:05:37.638452Z
WAF-2076,002075.npy,128x128 -> 256x256,completed,26.47,0.9855,14.9,2026-10-03T13:05:37.638452Z
WAF-2077,002076.npy,128x128 -> 256x256,completed,26.59,0.9861,15.7,2026-10-03T13:05:37.638452Z
WAF-2078,002077.npy,128x128 -> 256x256,completed,26.71,0.9867,16.5,2026-10-03T13:05:37.638452Z
WAF-2079,002078.npy,128x128 -> 256x256,completed,26.83,0.9873,17.3,2026-10-03T13:05:37.638452Z
WAF-2080,002079.npy,128x128 -> 256x256,completed,25.63,0.9837,12.5,2026-10-03T13:05:37.638452Z
WAF-2081,002080.npy,128x128 -> 256x256,completed,25.75,0.9843,13.3,2026-10-03T13:05:37.638452Z
WAF-2082,002081.npy,128x128 -> 256x256,completed,25.87,0.9849,14.1,2026-10-03T13:05:37.640460Z
WAF-2083,002082.npy,128x128 -> 256x256,completed,25.99,0.9855,14.9,2026-10-03T13:05:37.640460Z
WAF-2084,002083.npy,128x128 -> 256x256,completed,26.11,0.9861,15.7,2026-10-03T13:05:37.640460Z
WAF-2085,002084.npy,128x128 -> 256x256,completed,26.23,0.9867,16.5,2026-10-03T13:05:37.640460Z
WAF-2086,002085.npy,128x128 -> 256x256,completed,26.35,0.9873,17.3,2026-10-03T13:05:37.640460Z
WAF-2087,002086.npy,128x128 -> 256x256,completed,26.47,0.9837,12.5,2026-10-03T13:05:37.640460Z
WAF-2088,002087.npy,128x128 -> 256x256,completed,26.59,0.9843,13.3,2026-10-03T13:05:37.640460Z
WAF-2089,002088.npy,128x128 -> 256x256,completed,26.71,0.9849,14.1,2026-10-03T13:05:37.641967Z
WAF-2090,002089.npy,128x128 -> 256x256,completed,26.83,0.9855,14.9,2026-10-03T13:05:37.641967Z
WAF-2091,002090.npy,128x128 -> 256x256,completed,25.63,0.9861,15.7,2026-10-03T13:05:37.641967Z
WAF-2092,002091.npy,128x128 -> 256x256,completed,25.75,0.9867,16.5,2026-10-03T13:05:37.641967Z
WAF-2093,002092.npy,128x128 -> 256x256,completed,25.87,0.9873,17.3,2026-10-03T13:05:37.641967Z
WAF-2094,002093.npy,128x128 -> 256x256,completed,25.99,0.9837,12.5,2026-10-03T13:05:37.641967Z
WAF-2095,002094.npy,128x128 -> 256x256,completed,26.11,0.9843,13.3,2026-10-03T13:05:37.641967Z
WAF-2096,002095.npy,128x128 -> 256x256,completed,26.23,0.9849,14.1,2026-10-03T13:05:37.644149Z
WAF-2097,002096.npy,128x128 -> 256x256,completed,26.35,0.9855,14.9,2026-10-03T13:05:37.644978Z
WAF-2098,002097.npy,128x128 -> 256x256,completed,26.47,0.9861,15.7,2026-10-03T13:05:37.644978Z
WAF-2099,002098.npy,128x128 -> 256x256,completed,26.59,0.9867,16.5,2026-10-03T13:05:37.644978Z
WAF-2100,002099.npy,128x128 -> 256x256,completed,26.71,0.9873,17.3,2026-10-03T13:05:37.644978Z
WAF-2101,002100.npy,128x128 -> 256x256,completed,26.83,0.9837,12.5,2026-10-03T13:05:37.644978Z
WAF-2102,002101.npy,128x128 -> 256x256,completed,25.63,0.9843,13.3,2026-10-03T13:05:37.644978Z
WAF-2103,002102.npy,128x128 -> 256x256,completed,25.75,0.9849,14.1,2026-10-03T13:05:37.644978Z
WAF-2104,002103.npy,128x128 -> 256x256,completed,25.87,0.9855,14.9,2026-10-03T13:05:37.644978Z
WAF-2105,002104.npy,128x128 -> 256x256,completed,32.82,0.9065,15.7,2026-10-03T13:05:37.646990Z
WAF-2106,002105.npy,128x128 -> 256x256,completed,26.11,0.9867,16.5,2026-10-03T13:05:37.646990Z
WAF-2107,002106.npy,128x128 -> 256x256,completed,31.14,0.6388,17.3,2026-10-03T13:05:37.646990Z
WAF-2108,002107.npy,128x128 -> 256x256,completed,26.35,0.9837,12.5,2026-10-03T13:05:37.646990Z
WAF-2109,002108.npy,128x128 -> 256x256,completed,27.71,0.4327,13.3,2026-10-03T13:05:37.646990Z
WAF-2110,002109.npy,128x128 -> 256x256,completed,26.68,0.8415,14.1,2026-10-03T13:05:37.646990Z
WAF-2111,002110.npy,128x128 -> 256x256,completed,26.71,0.9855,14.9,2026-10-03T13:05:37.646990Z
WAF-2112,002111.npy,128x128 -> 256x256,completed,26.83,0.9861,15.7,2026-10-03T13:05:37.646990Z
WAF-2113,002112.npy,128x128 -> 256x256,completed,25.63,0.9867,16.5,2026-10-03T13:05:37.646990Z
WAF-2114,002113.npy,128x128 -> 256x256,completed,25.75,0.9873,17.3,2026-10-03T13:05:37.646990Z
WAF-2115,002114.npy,128x128 -> 256x256,completed,25.87,0.9837,12.5,2026-10-03T13:05:37.646990Z
WAF-2116,002115.npy,128x128 -> 256x256,completed,25.99,0.9843,13.3,2026-10-03T13:05:37.646990Z
WAF-2117,002116.npy,128x128 -> 256x256,completed,26.11,0.9849,14.1,2026-10-03T13:05:37.646990Z
WAF-2118,002117.npy,128x128 -> 256x256,completed,26.23,0.9855,14.9,2026-10-03T13:05:37.646990Z
WAF-2119,002118.npy,128x128 -> 256x256,completed,26.35,0.9861,15.7,2026-10-03T13:05:37.650129Z
WAF-2120,002119.npy,128x128 -> 256x256,completed,26.47,0.9867,16.5,2026-10-03T13:05:37.650129Z
WAF-2121,002120.npy,128x128 -> 256x256,completed,26.59,0.9873,17.3,2026-10-03T13:05:37.650129Z
WAF-2122,002121.npy,128x128 -> 256x256,completed,26.71,0.9837,12.5,2026-10-03T13:05:37.650129Z
WAF-2123,002122.npy,128x128 -> 256x256,completed,26.83,0.9843,13.3,2026-10-03T13:05:37.650129Z
WAF-2124,002123.npy,128x128 -> 256x256,completed,25.63,0.9849,14.1,2026-10-03T13:05:37.650129Z
WAF-2125,002124.npy,128x128 -> 256x256,completed,20.02,0.7583,14.9,2026-10-03T13:05:37.650129Z
WAF-2126,002125.npy,128x128 -> 256x256,completed,25.87,0.9861,15.7,2026-10-03T13:05:37.650129Z
WAF-2127,002126.npy,128x128 -> 256x256,completed,25.99,0.9867,16.5,2026-10-03T13:05:37.650129Z
WAF-2128,002127.npy,128x128 -> 256x256,completed,26.11,0.9873,17.3,2026-10-03T13:05:37.650129Z
WAF-2129,002128.npy,128x128 -> 256x256,completed,26.23,0.9837,12.5,2026-10-03T13:05:37.652142Z
WAF-2130,002129.npy,128x128 -> 256x256,completed,26.35,0.9843,13.3,2026-10-03T13:05:37.652142Z
WAF-2131,002130.npy,128x128 -> 256x256,completed,26.47,0.9849,14.1,2026-10-03T13:05:37.652142Z
WAF-2132,002131.npy,128x128 -> 256x256,completed,26.59,0.9855,14.9,2026-10-03T13:05:37.652142Z
WAF-2133,002132.npy,128x128 -> 256x256,completed,26.71,0.9861,15.7,2026-10-03T13:05:37.652142Z
WAF-2134,002133.npy,128x128 -> 256x256,completed,21.51,0.6521,16.5,2026-10-03T13:05:37.652142Z
WAF-2135,002134.npy,128x128 -> 256x256,completed,25.63,0.9873,17.3,2026-10-03T13:05:37.652142Z
WAF-2136,002135.npy,128x128 -> 256x256,completed,25.75,0.9837,12.5,2026-10-03T13:05:37.652142Z
WAF-2137,002136.npy,128x128 -> 256x256,completed,25.87,0.9843,13.3,2026-10-03T13:05:37.652142Z
WAF-2138,002137.npy,128x128 -> 256x256,completed,25.99,0.9849,14.1,2026-10-03T13:05:37.652142Z
WAF-2139,002138.npy,128x128 -> 256x256,completed,26.11,0.9855,14.9,2026-10-03T13:05:37.652142Z
WAF-2140,002139.npy,128x128 -> 256x256,completed,26.23,0.9861,15.7,2026-10-03T13:05:37.652142Z
WAF-2141,002140.npy,128x128 -> 256x256,completed,26.35,0.9867,16.5,2026-10-03T13:05:37.652142Z
WAF-2142,002141.npy,128x128 -> 256x256,completed,26.47,0.9873,17.3,2026-10-03T13:05:37.652142Z
WAF-2143,002142.npy,128x128 -> 256x256,completed,26.59,0.9837,12.5,2026-10-03T13:05:37.652142Z
WAF-2144,002143.npy,128x128 -> 256x256,completed,26.71,0.9843,13.3,2026-10-03T13:05:37.654650Z
WAF-2145,002144.npy,128x128 -> 256x256,completed,26.83,0.9849,14.1,2026-10-03T13:05:37.654650Z
WAF-2146,002145.npy,128x128 -> 256x256,completed,25.63,0.9855,14.9,2026-10-03T13:05:37.654650Z
WAF-2147,002146.npy,128x128 -> 256x256,completed,25.75,0.9861,15.7,2026-10-03T13:05:37.654650Z
WAF-2148,002147.npy,128x128 -> 256x256,completed,25.87,0.9867,16.5,2026-10-03T13:05:37.654650Z
WAF-2149,002148.npy,128x128 -> 256x256,completed,25.99,0.9873,17.3,2026-10-03T13:05:37.654650Z
WAF-2150,002149.npy,128x128 -> 256x256,completed,26.11,0.9837,12.5,2026-10-03T13:05:37.654650Z
WAF-2151,002150.npy,128x128 -> 256x256,completed,35.5,0.921,13.3,2026-10-03T13:05:37.654650Z
WAF-2152,002151.npy,128x128 -> 256x256,completed,26.35,0.9849,14.1,2026-10-03T13:05:37.654650Z
WAF-2153,002152.npy,128x128 -> 256x256,completed,26.47,0.9855,14.9,2026-10-03T13:05:37.654650Z
WAF-2154,002153.npy,128x128 -> 256x256,completed,26.59,0.9861,15.7,2026-10-03T13:05:37.654650Z
WAF-2155,002154.npy,128x128 -> 256x256,completed,25.17,0.2964,16.5,2026-10-03T13:05:37.654650Z
WAF-2156,002155.npy,128x128 -> 256x256,completed,25.78,0.3173,17.3,2026-10-03T13:05:37.656656Z
WAF-2157,002156.npy,128x128 -> 256x256,completed,25.63,0.9837,12.5,2026-10-03T13:05:37.656656Z
WAF-2158,002157.npy,128x128 -> 256x256,completed,25.75,0.9843,13.3,2026-10-03T13:05:37.656656Z
WAF-2159,002158.npy,128x128 -> 256x256,completed,25.87,0.9849,14.1,2026-10-03T13:05:37.656656Z
WAF-2160,002159.npy,128x128 -> 256x256,completed,25.99,0.9855,14.9,2026-10-03T13:05:37.656656Z
WAF-2161,002160.npy,128x128 -> 256x256,completed,26.11,0.9861,15.7,2026-10-03T13:05:37.656656Z
WAF-2162,002161.npy,128x128 -> 256x256,completed,26.23,0.9867,16.5,2026-10-03T13:05:37.656656Z
WAF-2163,002162.npy,128x128 -> 256x256,completed,26.35,0.9873,17.3,2026-10-03T13:05:37.656656Z
WAF-2164,002163.npy,128x128 -> 256x256,completed,26.47,0.9837,12.5,2026-10-03T13:05:37.656656Z
WAF-2165,002164.npy,128x128 -> 256x256,completed,26.59,0.9843,13.3,2026-10-03T13:05:37.656656Z
WAF-2166,002165.npy,128x128 -> 256x256,completed,26.71,0.9849,14.1,2026-10-03T13:05:37.658747Z
WAF-2167,002166.npy,128x128 -> 256x256,completed,26.83,0.9855,14.9,2026-10-03T13:05:37.658747Z
WAF-2168,002167.npy,128x128 -> 256x256,completed,25.63,0.9861,15.7,2026-10-03T13:05:37.658747Z
WAF-2169,002168.npy,128x128 -> 256x256,completed,25.75,0.9867,16.5,2026-10-03T13:05:37.660124Z
WAF-2170,002169.npy,128x128 -> 256x256,completed,25.87,0.9873,17.3,2026-10-03T13:05:37.660124Z
WAF-2171,002170.npy,128x128 -> 256x256,completed,32.01,0.9352,12.5,2026-10-03T13:05:37.660124Z
WAF-2172,002171.npy,128x128 -> 256x256,completed,26.11,0.9843,13.3,2026-10-03T13:05:37.660124Z
WAF-2173,002172.npy,128x128 -> 256x256,completed,26.23,0.9849,14.1,2026-10-03T13:05:37.660124Z
WAF-2174,002173.npy,128x128 -> 256x256,completed,26.35,0.9855,14.9,2026-10-03T13:05:37.660124Z
WAF-2175,002174.npy,128x128 -> 256x256,completed,26.47,0.9861,15.7,2026-10-03T13:05:37.660124Z
WAF-2176,002175.npy,128x128 -> 256x256,completed,26.59,0.9867,16.5,2026-10-03T13:05:37.660124Z
WAF-2177,002176.npy,128x128 -> 256x256,completed,26.71,0.9873,17.3,2026-10-03T13:05:37.660124Z
WAF-2178,002177.npy,128x128 -> 256x256,completed,26.83,0.9837,12.5,2026-10-03T13:05:37.660124Z
WAF-2179,002178.npy,128x128 -> 256x256,completed,25.63,0.9843,13.3,2026-10-03T13:05:37.662135Z
WAF-2180,002179.npy,128x128 -> 256x256,completed,25.75,0.9849,14.1,2026-10-03T13:05:37.662135Z
WAF-2181,002180.npy,128x128 -> 256x256,completed,25.87,0.9855,14.9,2026-10-03T13:05:37.662135Z
WAF-2182,002181.npy,128x128 -> 256x256,completed,25.99,0.9861,15.7,2026-10-03T13:05:37.662135Z
WAF-2183,002182.npy,128x128 -> 256x256,completed,26.11,0.9867,16.5,2026-10-03T13:05:37.662135Z
WAF-2184,002183.npy,128x128 -> 256x256,completed,26.23,0.9873,17.3,2026-10-03T13:05:37.662135Z
WAF-2185,002184.npy,128x128 -> 256x256,completed,26.35,0.9837,12.5,2026-10-03T13:05:37.662135Z
WAF-2186,002185.npy,128x128 -> 256x256,completed,26.47,0.9843,13.3,2026-10-03T13:05:37.662135Z
WAF-2187,002186.npy,128x128 -> 256x256,completed,26.59,0.9849,14.1,2026-10-03T13:05:37.662135Z
WAF-2188,002187.npy,128x128 -> 256x256,completed,26.71,0.9855,14.9,2026-10-03T13:05:37.662135Z
WAF-2189,002188.npy,128x128 -> 256x256,completed,26.83,0.9861,15.7,2026-10-03T13:05:37.662135Z
WAF-2190,002189.npy,128x128 -> 256x256,completed,25.63,0.9867,16.5,2026-10-03T13:05:37.662135Z
WAF-2191,002190.npy,128x128 -> 256x256,completed,25.75,0.9873,17.3,2026-10-03T13:05:37.662135Z
WAF-2192,002191.npy,128x128 -> 256x256,completed,25.87,0.9837,12.5,2026-10-03T13:05:37.662135Z
WAF-2193,002192.npy,128x128 -> 256x256,completed,25.99,0.9843,13.3,2026-10-03T13:05:37.662135Z
WAF-2194,002193.npy,128x128 -> 256x256,completed,26.11,0.9849,14.1,2026-10-03T13:05:37.662135Z
WAF-2195,002194.npy,128x128 -> 256x256,completed,26.23,0.9855,14.9,2026-10-03T13:05:37.662135Z
WAF-2196,002195.npy,128x128 -> 256x256,completed,26.35,0.9861,15.7,2026-10-03T13:05:37.662135Z
WAF-2197,002196.npy,128x128 -> 256x256,completed,26.47,0.9867,16.5,2026-10-03T13:05:37.662135Z
WAF-2198,002197.npy,128x128 -> 256x256,completed,33.07,0.8931,17.3,2026-10-03T13:05:37.662135Z
WAF-2199,002198.npy,128x128 -> 256x256,completed,26.71,0.9837,12.5,2026-10-03T13:05:37.662135Z
WAF-2200,002199.npy,128x128 -> 256x256,completed,26.83,0.9843,13.3,2026-10-03T13:05:37.662135Z
WAF-2201,002200.npy,128x128 -> 256x256,completed,24.9,0.6879,14.1,2026-10-03T13:05:37.662135Z
WAF-2202,002201.npy,128x128 -> 256x256,completed,25.75,0.9855,14.9,2026-10-03T13:05:37.666750Z
WAF-2203,002202.npy,128x128 -> 256x256,completed,25.87,0.9861,15.7,2026-10-03T13:05:37.667125Z
WAF-2204,002203.npy,128x128 -> 256x256,completed,25.99,0.9867,16.5,2026-10-03T13:05:37.667125Z
WAF-2205,002204.npy,128x128 -> 256x256,completed,26.11,0.9873,17.3,2026-10-03T13:05:37.667125Z
WAF-2206,002205.npy,128x128 -> 256x256,completed,26.23,0.9837,12.5,2026-10-03T13:05:37.667125Z
WAF-2207,002206.npy,128x128 -> 256x256,completed,26.35,0.9843,13.3,2026-10-03T13:05:37.667125Z
WAF-2208,002207.npy,128x128 -> 256x256,completed,26.47,0.9849,14.1,2026-10-03T13:05:37.667125Z
WAF-2209,002208.npy,128x128 -> 256x256,completed,26.59,0.9855,14.9,2026-10-03T13:05:37.667125Z
WAF-2210,002209.npy,128x128 -> 256x256,completed,26.71,0.9861,15.7,2026-10-03T13:05:37.667125Z
WAF-2211,002210.npy,128x128 -> 256x256,completed,26.83,0.9867,16.5,2026-10-03T13:05:37.667125Z
WAF-2212,002211.npy,128x128 -> 256x256,completed,25.63,0.9873,17.3,2026-10-03T13:05:37.667125Z
WAF-2213,002212.npy,128x128 -> 256x256,completed,25.75,0.9837,12.5,2026-10-03T13:05:37.667125Z
WAF-2214,002213.npy,128x128 -> 256x256,completed,34.59,0.8683,13.3,2026-10-03T13:05:37.667125Z
WAF-2215,002214.npy,128x128 -> 256x256,completed,25.99,0.9849,14.1,2026-10-03T13:05:37.667125Z
WAF-2216,002215.npy,128x128 -> 256x256,completed,26.11,0.9855,14.9,2026-10-03T13:05:37.667125Z
WAF-2217,002216.npy,128x128 -> 256x256,completed,30.27,0.907,15.7,2026-10-03T13:05:37.667125Z
WAF-2218,002217.npy,128x128 -> 256x256,completed,38.94,0.9514,16.5,2026-10-03T13:05:37.667125Z
WAF-2219,002218.npy,128x128 -> 256x256,completed,26.47,0.9873,17.3,2026-10-03T13:05:37.667125Z
WAF-2220,002219.npy,128x128 -> 256x256,completed,26.59,0.9837,12.5,2026-10-03T13:05:37.667125Z
WAF-2221,002220.npy,128x128 -> 256x256,completed,26.71,0.9843,13.3,2026-10-03T13:05:37.667125Z
WAF-2222,002221.npy,128x128 -> 256x256,completed,26.83,0.9849,14.1,2026-10-03T13:05:37.667125Z
WAF-2223,002222.npy,128x128 -> 256x256,completed,25.63,0.9855,14.9,2026-10-03T13:05:37.667125Z
WAF-2224,002223.npy,128x128 -> 256x256,completed,25.75,0.9861,15.7,2026-10-03T13:05:37.667125Z
WAF-2225,002224.npy,128x128 -> 256x256,completed,25.87,0.9867,16.5,2026-10-03T13:05:37.667125Z
WAF-2226,002225.npy,128x128 -> 256x256,completed,25.99,0.9873,17.3,2026-10-03T13:05:37.667125Z
WAF-2227,002226.npy,128x128 -> 256x256,completed,41.7,0.9666,12.5,2026-10-03T13:05:37.667125Z
WAF-2228,002227.npy,128x128 -> 256x256,completed,26.23,0.9843,13.3,2026-10-03T13:05:37.671769Z
WAF-2229,002228.npy,128x128 -> 256x256,completed,26.35,0.9849,14.1,2026-10-03T13:05:37.672330Z
WAF-2230,002229.npy,128x128 -> 256x256,completed,26.47,0.9855,14.9,2026-10-03T13:05:37.672330Z
WAF-2231,002230.npy,128x128 -> 256x256,completed,26.59,0.9861,15.7,2026-10-03T13:05:37.672857Z
WAF-2232,002231.npy,128x128 -> 256x256,completed,26.71,0.9867,16.5,2026-10-03T13:05:37.673421Z
WAF-2233,002232.npy,128x128 -> 256x256,completed,26.83,0.9873,17.3,2026-10-03T13:05:37.673421Z
WAF-2234,002233.npy,128x128 -> 256x256,completed,25.63,0.9837,12.5,2026-10-03T13:05:37.674064Z
WAF-2235,002234.npy,128x128 -> 256x256,completed,25.75,0.9843,13.3,2026-10-03T13:05:37.674064Z
WAF-2236,002235.npy,128x128 -> 256x256,completed,25.87,0.9849,14.1,2026-10-03T13:05:37.674064Z
WAF-2237,002236.npy,128x128 -> 256x256,completed,25.99,0.9855,14.9,2026-10-03T13:05:37.674064Z
WAF-2238,002237.npy,128x128 -> 256x256,completed,26.11,0.9861,15.7,2026-10-03T13:05:37.674064Z
WAF-2239,002238.npy,128x128 -> 256x256,completed,26.23,0.9867,16.5,2026-10-03T13:05:37.674064Z
WAF-2240,002239.npy,128x128 -> 256x256,completed,26.35,0.9873,17.3,2026-10-03T13:05:37.674064Z
WAF-2241,002240.npy,128x128 -> 256x256,completed,26.47,0.9837,12.5,2026-10-03T13:05:37.675170Z
WAF-2242,002241.npy,128x128 -> 256x256,completed,26.64,0.3744,13.3,2026-10-03T13:05:37.675631Z
WAF-2243,002242.npy,128x128 -> 256x256,completed,26.71,0.9849,14.1,2026-10-03T13:05:37.675631Z
WAF-2244,002243.npy,128x128 -> 256x256,completed,26.83,0.9855,14.9,2026-10-03T13:05:37.676141Z
WAF-2245,002244.npy,128x128 -> 256x256,completed,25.63,0.9861,15.7,2026-10-03T13:05:37.676141Z
WAF-2246,002245.npy,128x128 -> 256x256,completed,34.05,0.8455,16.5,2026-10-03T13:05:37.676141Z
WAF-2247,002246.npy,128x128 -> 256x256,completed,25.87,0.9873,17.3,2026-10-03T13:05:37.676141Z
WAF-2248,002247.npy,128x128 -> 256x256,completed,25.99,0.9837,12.5,2026-10-03T13:05:37.676141Z
WAF-2249,002248.npy,128x128 -> 256x256,completed,26.11,0.9843,13.3,2026-10-03T13:05:37.678479Z
WAF-2250,002249.npy,128x128 -> 256x256,completed,26.23,0.9849,14.1,2026-10-03T13:05:37.678479Z
WAF-2251,002250.npy,128x128 -> 256x256,completed,26.35,0.9855,14.9,2026-10-03T13:05:37.678479Z
WAF-2252,002251.npy,128x128 -> 256x256,completed,26.47,0.9861,15.7,2026-10-03T13:05:37.678479Z
WAF-2253,002252.npy,128x128 -> 256x256,completed,26.59,0.9867,16.5,2026-10-03T13:05:37.678479Z
WAF-2254,002253.npy,128x128 -> 256x256,completed,26.71,0.9873,17.3,2026-10-03T13:05:37.678479Z
WAF-2255,002254.npy,128x128 -> 256x256,completed,26.83,0.9837,12.5,2026-10-03T13:05:37.680491Z
WAF-2256,002255.npy,128x128 -> 256x256,completed,25.63,0.9843,13.3,2026-10-03T13:05:37.680491Z
WAF-2257,002256.npy,128x128 -> 256x256,completed,25.75,0.9849,14.1,2026-10-03T13:05:37.680491Z
WAF-2258,002257.npy,128x128 -> 256x256,completed,25.87,0.9855,14.9,2026-10-03T13:05:37.680491Z
WAF-2259,002258.npy,128x128 -> 256x256,completed,25.99,0.9861,15.7,2026-10-03T13:05:37.680491Z
WAF-2260,002259.npy,128x128 -> 256x256,completed,26.11,0.9867,16.5,2026-10-03T13:05:37.680491Z
WAF-2261,002260.npy,128x128 -> 256x256,completed,26.23,0.9873,17.3,2026-10-03T13:05:37.680491Z
WAF-2262,002261.npy,128x128 -> 256x256,completed,26.35,0.9837,12.5,2026-10-03T13:05:37.683388Z
WAF-2263,002262.npy,128x128 -> 256x256,completed,26.47,0.9843,13.3,2026-10-03T13:05:37.683388Z
WAF-2264,002263.npy,128x128 -> 256x256,completed,26.59,0.9849,14.1,2026-10-03T13:05:37.683991Z
WAF-2265,002264.npy,128x128 -> 256x256,completed,26.71,0.9855,14.9,2026-10-03T13:05:37.684609Z
WAF-2266,002265.npy,128x128 -> 256x256,completed,26.83,0.9861,15.7,2026-10-03T13:05:37.684609Z
WAF-2267,002266.npy,128x128 -> 256x256,completed,25.63,0.9867,16.5,2026-10-03T13:05:37.684609Z
WAF-2268,002267.npy,128x128 -> 256x256,completed,25.75,0.9873,17.3,2026-10-03T13:05:37.684609Z
WAF-2269,002268.npy,128x128 -> 256x256,completed,25.87,0.9837,12.5,2026-10-03T13:05:37.684609Z
WAF-2270,002269.npy,128x128 -> 256x256,completed,25.99,0.9843,13.3,2026-10-03T13:05:37.684609Z
WAF-2271,002270.npy,128x128 -> 256x256,completed,26.11,0.9849,14.1,2026-10-03T13:05:37.684609Z
WAF-2272,002271.npy,128x128 -> 256x256,completed,26.23,0.9855,14.9,2026-10-03T13:05:37.684609Z
WAF-2273,002272.npy,128x128 -> 256x256,completed,26.35,0.9861,15.7,2026-10-03T13:05:37.684609Z
WAF-2274,002273.npy,128x128 -> 256x256,completed,37.26,0.9458,16.5,2026-10-03T13:05:37.684609Z
WAF-2275,002274.npy,128x128 -> 256x256,completed,26.59,0.9873,17.3,2026-10-03T13:05:37.684609Z
WAF-2276,002275.npy,128x128 -> 256x256,completed,26.71,0.9837,12.5,2026-10-03T13:05:37.686620Z
WAF-2277,002276.npy,128x128 -> 256x256,completed,26.83,0.9843,13.3,2026-10-03T13:05:37.686620Z
WAF-2278,002277.npy,128x128 -> 256x256,completed,28.02,0.4651,14.1,2026-10-03T13:05:37.686620Z
WAF-2279,002278.npy,128x128 -> 256x256,completed,25.75,0.9855,14.9,2026-10-03T13:05:37.686620Z
WAF-2280,002279.npy,128x128 -> 256x256,completed,25.87,0.9861,15.7,2026-10-03T13:05:37.686620Z
WAF-2281,002280.npy,128x128 -> 256x256,completed,25.99,0.9867,16.5,2026-10-03T13:05:37.686620Z
WAF-2282,002281.npy,128x128 -> 256x256,completed,26.11,0.9873,17.3,2026-10-03T13:05:37.686620Z
WAF-2283,002282.npy,128x128 -> 256x256,completed,26.23,0.9837,12.5,2026-10-03T13:05:37.686620Z
WAF-2284,002283.npy,128x128 -> 256x256,completed,26.35,0.9843,13.3,2026-10-03T13:05:37.686620Z
WAF-2285,002284.npy,128x128 -> 256x256,completed,25.99,0.7225,14.1,2026-10-03T13:05:37.686620Z
WAF-2286,002285.npy,128x128 -> 256x256,completed,26.59,0.9855,14.9,2026-10-03T13:05:37.686620Z
WAF-2287,002286.npy,128x128 -> 256x256,completed,26.71,0.9861,15.7,2026-10-03T13:05:37.686620Z
WAF-2288,002287.npy,128x128 -> 256x256,completed,26.83,0.9867,16.5,2026-10-03T13:05:37.688632Z
WAF-2289,002288.npy,128x128 -> 256x256,completed,25.63,0.9873,17.3,2026-10-03T13:05:37.688632Z
WAF-2290,002289.npy,128x128 -> 256x256,completed,25.75,0.9837,12.5,2026-10-03T13:05:37.688632Z
WAF-2291,002290.npy,128x128 -> 256x256,completed,25.87,0.9843,13.3,2026-10-03T13:05:37.688632Z
WAF-2292,002291.npy,128x128 -> 256x256,completed,25.99,0.9849,14.1,2026-10-03T13:05:37.688632Z
WAF-2293,002292.npy,128x128 -> 256x256,completed,26.11,0.9855,14.9,2026-10-03T13:05:37.688632Z
WAF-2294,002293.npy,128x128 -> 256x256,completed,26.23,0.9861,15.7,2026-10-03T13:05:37.688632Z
WAF-2295,002294.npy,128x128 -> 256x256,completed,26.35,0.9867,16.5,2026-10-03T13:05:37.688632Z
WAF-2296,002295.npy,128x128 -> 256x256,completed,26.47,0.9873,17.3,2026-10-03T13:05:37.688632Z
WAF-2297,002296.npy,128x128 -> 256x256,completed,30.12,0.8486,12.5,2026-10-03T13:05:37.690644Z
WAF-2298,002297.npy,128x128 -> 256x256,completed,26.71,0.9843,13.3,2026-10-03T13:05:37.690644Z
WAF-2299,002298.npy,128x128 -> 256x256,completed,26.83,0.9849,14.1,2026-10-03T13:05:37.690644Z
WAF-2300,002299.npy,128x128 -> 256x256,completed,25.63,0.9855,14.9,2026-10-03T13:05:37.690644Z
WAF-2301,002300.npy,128x128 -> 256x256,completed,25.75,0.9861,15.7,2026-10-03T13:05:37.690644Z
WAF-2302,002301.npy,128x128 -> 256x256,completed,25.87,0.9867,16.5,2026-10-03T13:05:37.690644Z
WAF-2303,002302.npy,128x128 -> 256x256,completed,25.99,0.9873,17.3,2026-10-03T13:05:37.692811Z
WAF-2304,002303.npy,128x128 -> 256x256,completed,26.11,0.9837,12.5,2026-10-03T13:05:37.692811Z
WAF-2305,002304.npy,128x128 -> 256x256,completed,26.23,0.9843,13.3,2026-10-03T13:05:37.692811Z
WAF-2306,002305.npy,128x128 -> 256x256,completed,26.35,0.9849,14.1,2026-10-03T13:05:37.692811Z
WAF-2307,002306.npy,128x128 -> 256x256,completed,26.47,0.9855,14.9,2026-10-03T13:05:37.694424Z
WAF-2308,002307.npy,128x128 -> 256x256,completed,26.59,0.9861,15.7,2026-10-03T13:05:37.694424Z
WAF-2309,002308.npy,128x128 -> 256x256,completed,26.71,0.9867,16.5,2026-10-03T13:05:37.694424Z
WAF-2310,002309.npy,128x128 -> 256x256,completed,26.83,0.9873,17.3,2026-10-03T13:05:37.694424Z
WAF-2311,002310.npy,128x128 -> 256x256,completed,25.63,0.9837,12.5,2026-10-03T13:05:37.694424Z
WAF-2312,002311.npy,128x128 -> 256x256,completed,25.75,0.9843,13.3,2026-10-03T13:05:37.696476Z
WAF-2313,002312.npy,128x128 -> 256x256,completed,25.87,0.9849,14.1,2026-10-03T13:05:37.696476Z
WAF-2314,002313.npy,128x128 -> 256x256,completed,25.99,0.9855,14.9,2026-10-03T13:05:37.696476Z
WAF-2315,002314.npy,128x128 -> 256x256,completed,26.11,0.9861,15.7,2026-10-03T13:05:37.696476Z
WAF-2316,002315.npy,128x128 -> 256x256,completed,26.23,0.9867,16.5,2026-10-03T13:05:37.696476Z
WAF-2317,002316.npy,128x128 -> 256x256,completed,26.35,0.9873,17.3,2026-10-03T13:05:37.696476Z
WAF-2318,002317.npy,128x128 -> 256x256,completed,26.47,0.9837,12.5,2026-10-03T13:05:37.696476Z
WAF-2319,002318.npy,128x128 -> 256x256,completed,26.59,0.9843,13.3,2026-10-03T13:05:37.698505Z
WAF-2320,002319.npy,128x128 -> 256x256,completed,26.71,0.9849,14.1,2026-10-03T13:05:37.698505Z
WAF-2321,002320.npy,128x128 -> 256x256,completed,26.83,0.9855,14.9,2026-10-03T13:05:37.698505Z
WAF-2322,002321.npy,128x128 -> 256x256,completed,25.63,0.9861,15.7,2026-10-03T13:05:37.698505Z
WAF-2323,002322.npy,128x128 -> 256x256,completed,25.75,0.9867,16.5,2026-10-03T13:05:37.698505Z
WAF-2324,002323.npy,128x128 -> 256x256,completed,25.87,0.9873,17.3,2026-10-03T13:05:37.698505Z
WAF-2325,002324.npy,128x128 -> 256x256,completed,25.99,0.9837,12.5,2026-10-03T13:05:37.700540Z
WAF-2326,002325.npy,128x128 -> 256x256,completed,26.11,0.9843,13.3,2026-10-03T13:05:37.700540Z
WAF-2327,002326.npy,128x128 -> 256x256,completed,31.21,0.8504,14.1,2026-10-03T13:05:37.700540Z
WAF-2328,002327.npy,128x128 -> 256x256,completed,26.35,0.9855,14.9,2026-10-03T13:05:37.700540Z
WAF-2329,002328.npy,128x128 -> 256x256,completed,26.47,0.9861,15.7,2026-10-03T13:05:37.702546Z
WAF-2330,002329.npy,128x128 -> 256x256,completed,26.59,0.9867,16.5,2026-10-03T13:05:37.702546Z
WAF-2331,002330.npy,128x128 -> 256x256,completed,30.46,0.5372,17.3,2026-10-03T13:05:37.702546Z
WAF-2332,002331.npy,128x128 -> 256x256,completed,26.83,0.9837,12.5,2026-10-03T13:05:37.702546Z
WAF-2333,002332.npy,128x128 -> 256x256,completed,25.63,0.9843,13.3,2026-10-03T13:05:37.702546Z
WAF-2334,002333.npy,128x128 -> 256x256,completed,25.75,0.9849,14.1,2026-10-03T13:05:37.702546Z
WAF-2335,002334.npy,128x128 -> 256x256,completed,25.87,0.9855,14.9,2026-10-03T13:05:37.704568Z
WAF-2336,002335.npy,128x128 -> 256x256,completed,25.99,0.9861,15.7,2026-10-03T13:05:37.704568Z
WAF-2337,002336.npy,128x128 -> 256x256,completed,26.11,0.9867,16.5,2026-10-03T13:05:37.704568Z
WAF-2338,002337.npy,128x128 -> 256x256,completed,26.23,0.9873,17.3,2026-10-03T13:05:37.704568Z
WAF-2339,002338.npy,128x128 -> 256x256,completed,26.35,0.9837,12.5,2026-10-03T13:05:37.704568Z
WAF-2340,002339.npy,128x128 -> 256x256,completed,26.47,0.9843,13.3,2026-10-03T13:05:37.704568Z
WAF-2341,002340.npy,128x128 -> 256x256,completed,26.59,0.9849,14.1,2026-10-03T13:05:37.704568Z
WAF-2342,002341.npy,128x128 -> 256x256,completed,26.71,0.9855,14.9,2026-10-03T13:05:37.706595Z
WAF-2343,002342.npy,128x128 -> 256x256,completed,26.83,0.9861,15.7,2026-10-03T13:05:37.706595Z
WAF-2344,002343.npy,128x128 -> 256x256,completed,25.63,0.9867,16.5,2026-10-03T13:05:37.706595Z
WAF-2345,002344.npy,128x128 -> 256x256,completed,25.75,0.9873,17.3,2026-10-03T13:05:37.706595Z
WAF-2346,002345.npy,128x128 -> 256x256,completed,25.87,0.9837,12.5,2026-10-03T13:05:37.706595Z
WAF-2347,002346.npy,128x128 -> 256x256,completed,25.99,0.9843,13.3,2026-10-03T13:05:37.706595Z
WAF-2348,002347.npy,128x128 -> 256x256,completed,26.11,0.9849,14.1,2026-10-03T13:05:37.708622Z
WAF-2349,002348.npy,128x128 -> 256x256,completed,26.23,0.9855,14.9,2026-10-03T13:05:37.708622Z
WAF-2350,002349.npy,128x128 -> 256x256,completed,26.35,0.9861,15.7,2026-10-03T13:05:37.708622Z
WAF-2351,002350.npy,128x128 -> 256x256,completed,26.47,0.9867,16.5,2026-10-03T13:05:37.708622Z
WAF-2352,002351.npy,128x128 -> 256x256,completed,26.59,0.9873,17.3,2026-10-03T13:05:37.708622Z
WAF-2353,002352.npy,128x128 -> 256x256,completed,26.71,0.9837,12.5,2026-10-03T13:05:37.710630Z
WAF-2354,002353.npy,128x128 -> 256x256,completed,26.83,0.9843,13.3,2026-10-03T13:05:37.710630Z
WAF-2355,002354.npy,128x128 -> 256x256,completed,25.63,0.9849,14.1,2026-10-03T13:05:37.710630Z
WAF-2356,002355.npy,128x128 -> 256x256,completed,25.75,0.9855,14.9,2026-10-03T13:05:37.710630Z
WAF-2357,002356.npy,128x128 -> 256x256,completed,25.87,0.9861,15.7,2026-10-03T13:05:37.710630Z
WAF-2358,002357.npy,128x128 -> 256x256,completed,25.99,0.9867,16.5,2026-10-03T13:05:37.710630Z
WAF-2359,002358.npy,128x128 -> 256x256,completed,26.11,0.9873,17.3,2026-10-03T13:05:37.710630Z
WAF-2360,002359.npy,128x128 -> 256x256,completed,26.23,0.9837,12.5,2026-10-03T13:05:37.710630Z
WAF-2361,002360.npy,128x128 -> 256x256,completed,26.35,0.9843,13.3,2026-10-03T13:05:37.710630Z
WAF-2362,002361.npy,128x128 -> 256x256,completed,26.47,0.9849,14.1,2026-10-03T13:05:37.710630Z
WAF-2363,002362.npy,128x128 -> 256x256,completed,26.59,0.9855,14.9,2026-10-03T13:05:37.710630Z
WAF-2364,002363.npy,128x128 -> 256x256,completed,26.71,0.9861,15.7,2026-10-03T13:05:37.712641Z
WAF-2365,002364.npy,128x128 -> 256x256,completed,26.83,0.9867,16.5,2026-10-03T13:05:37.712641Z
WAF-2366,002365.npy,128x128 -> 256x256,completed,25.63,0.9873,17.3,2026-10-03T13:05:37.712641Z
WAF-2367,002366.npy,128x128 -> 256x256,completed,25.75,0.9837,12.5,2026-10-03T13:05:37.712641Z
WAF-2368,002367.npy,128x128 -> 256x256,completed,25.87,0.9843,13.3,2026-10-03T13:05:37.712641Z
WAF-2369,002368.npy,128x128 -> 256x256,completed,28.56,0.8353,14.1,2026-10-03T13:05:37.712641Z
WAF-2370,002369.npy,128x128 -> 256x256,completed,34.13,0.919,14.9,2026-10-03T13:05:37.712641Z
WAF-2371,002370.npy,128x128 -> 256x256,completed,26.23,0.9861,15.7,2026-10-03T13:05:37.712641Z
WAF-2372,002371.npy,128x128 -> 256x256,completed,26.35,0.9867,16.5,2026-10-03T13:05:37.712641Z
WAF-2373,002372.npy,128x128 -> 256x256,completed,26.47,0.9873,17.3,2026-10-03T13:05:37.712641Z
WAF-2374,002373.npy,128x128 -> 256x256,completed,26.59,0.9837,12.5,2026-10-03T13:05:37.712641Z
WAF-2375,002374.npy,128x128 -> 256x256,completed,26.71,0.9843,13.3,2026-10-03T13:05:37.712641Z
WAF-2376,002375.npy,128x128 -> 256x256,completed,26.83,0.9849,14.1,2026-10-03T13:05:37.714672Z
WAF-2377,002376.npy,128x128 -> 256x256,completed,25.63,0.9855,14.9,2026-10-03T13:05:37.714672Z
WAF-2378,002377.npy,128x128 -> 256x256,completed,25.75,0.9861,15.7,2026-10-03T13:05:37.714672Z
WAF-2379,002378.npy,128x128 -> 256x256,completed,25.87,0.9867,16.5,2026-10-03T13:05:37.714672Z
WAF-2380,002379.npy,128x128 -> 256x256,completed,25.99,0.9873,17.3,2026-10-03T13:05:37.714672Z
WAF-2381,002380.npy,128x128 -> 256x256,completed,31.11,0.8597,12.5,2026-10-03T13:05:37.714672Z
WAF-2382,002381.npy,128x128 -> 256x256,completed,26.23,0.9843,13.3,2026-10-03T13:05:37.714672Z
WAF-2383,002382.npy,128x128 -> 256x256,completed,26.35,0.9849,14.1,2026-10-03T13:05:37.714672Z
WAF-2384,002383.npy,128x128 -> 256x256,completed,26.47,0.9855,14.9,2026-10-03T13:05:37.714672Z
WAF-2385,002384.npy,128x128 -> 256x256,completed,26.59,0.9861,15.7,2026-10-03T13:05:37.714672Z
WAF-2386,002385.npy,128x128 -> 256x256,completed,26.71,0.9867,16.5,2026-10-03T13:05:37.714672Z
WAF-2387,002386.npy,128x128 -> 256x256,completed,26.83,0.9873,17.3,2026-10-03T13:05:37.716724Z
WAF-2388,002387.npy,128x128 -> 256x256,completed,25.63,0.9837,12.5,2026-10-03T13:05:37.716724Z
WAF-2389,002388.npy,128x128 -> 256x256,completed,25.75,0.9843,13.3,2026-10-03T13:05:37.716724Z
WAF-2390,002389.npy,128x128 -> 256x256,completed,25.87,0.9849,14.1,2026-10-03T13:05:37.716724Z
WAF-2391,002390.npy,128x128 -> 256x256,completed,25.99,0.9855,14.9,2026-10-03T13:05:37.716724Z
WAF-2392,002391.npy,128x128 -> 256x256,completed,26.11,0.9861,15.7,2026-10-03T13:05:37.716724Z
WAF-2393,002392.npy,128x128 -> 256x256,completed,26.23,0.9867,16.5,2026-10-03T13:05:37.716724Z
WAF-2394,002393.npy,128x128 -> 256x256,completed,26.35,0.9873,17.3,2026-10-03T13:05:37.716724Z
WAF-2395,002394.npy,128x128 -> 256x256,completed,26.47,0.9837,12.5,2026-10-03T13:05:37.716724Z
WAF-2396,002395.npy,128x128 -> 256x256,completed,26.59,0.9843,13.3,2026-10-03T13:05:37.716724Z
WAF-2397,002396.npy,128x128 -> 256x256,completed,26.71,0.9849,14.1,2026-10-03T13:05:37.716724Z
WAF-2398,002397.npy,128x128 -> 256x256,completed,26.83,0.9855,14.9,2026-10-03T13:05:37.716724Z
WAF-2399,002398.npy,128x128 -> 256x256,completed,25.63,0.9861,15.7,2026-10-03T13:05:37.718776Z
WAF-2400,002399.npy,128x128 -> 256x256,completed,25.75,0.9867,16.5,2026-10-03T13:05:37.718776Z
WAF-2401,002400.npy,128x128 -> 256x256,completed,25.87,0.9873,17.3,2026-10-03T13:05:37.718776Z
WAF-2402,002401.npy,128x128 -> 256x256,completed,25.99,0.9837,12.5,2026-10-03T13:05:37.718776Z
WAF-2403,002402.npy,128x128 -> 256x256,completed,26.11,0.9843,13.3,2026-10-03T13:05:37.718776Z
WAF-2404,002403.npy,128x128 -> 256x256,completed,26.23,0.9849,14.1,2026-10-03T13:05:37.718776Z
WAF-2405,002404.npy,128x128 -> 256x256,completed,26.35,0.9855,14.9,2026-10-03T13:05:37.718776Z
WAF-2406,002405.npy,128x128 -> 256x256,completed,26.47,0.9861,15.7,2026-10-03T13:05:37.718776Z
WAF-2407,002406.npy,128x128 -> 256x256,completed,26.59,0.9867,16.5,2026-10-03T13:05:37.718776Z
WAF-2408,002407.npy,128x128 -> 256x256,completed,26.71,0.9873,17.3,2026-10-03T13:05:37.720846Z
WAF-2409,002408.npy,128x128 -> 256x256,completed,26.83,0.9837,12.5,2026-10-03T13:05:37.720846Z
WAF-2410,002409.npy,128x128 -> 256x256,completed,25.63,0.9843,13.3,2026-10-03T13:05:37.720846Z
WAF-2411,002410.npy,128x128 -> 256x256,completed,25.75,0.9849,14.1,2026-10-03T13:05:37.720846Z
WAF-2412,002411.npy,128x128 -> 256x256,completed,25.87,0.9855,14.9,2026-10-03T13:05:37.722860Z
WAF-2413,002412.npy,128x128 -> 256x256,completed,25.99,0.9861,15.7,2026-10-03T13:05:37.723205Z
WAF-2414,002413.npy,128x128 -> 256x256,completed,26.11,0.9867,16.5,2026-10-03T13:05:37.723753Z
WAF-2415,002414.npy,128x128 -> 256x256,completed,26.23,0.9873,17.3,2026-10-03T13:05:37.723753Z
WAF-2416,002415.npy,128x128 -> 256x256,completed,26.35,0.9837,12.5,2026-10-03T13:05:37.724237Z
WAF-2417,002416.npy,128x128 -> 256x256,completed,21.22,0.7678,13.3,2026-10-03T13:05:37.724744Z
WAF-2418,002417.npy,128x128 -> 256x256,completed,26.59,0.9849,14.1,2026-10-03T13:05:37.724744Z
WAF-2419,002418.npy,128x128 -> 256x256,completed,26.71,0.9855,14.9,2026-10-03T13:05:37.724744Z
WAF-2420,002419.npy,128x128 -> 256x256,completed,26.83,0.9861,15.7,2026-10-03T13:05:37.724744Z
WAF-2421,002420.npy,128x128 -> 256x256,completed,25.63,0.9867,16.5,2026-10-03T13:05:37.724744Z
WAF-2422,002421.npy,128x128 -> 256x256,completed,25.75,0.9873,17.3,2026-10-03T13:05:37.726752Z
WAF-2423,002422.npy,128x128 -> 256x256,completed,25.87,0.9837,12.5,2026-10-03T13:05:37.727136Z
WAF-2424,002423.npy,128x128 -> 256x256,completed,25.99,0.9843,13.3,2026-10-03T13:05:37.727136Z
WAF-2425,002424.npy,128x128 -> 256x256,completed,26.11,0.9849,14.1,2026-10-03T13:05:37.727136Z
WAF-2426,002425.npy,128x128 -> 256x256,completed,26.23,0.9855,14.9,2026-10-03T13:05:37.727136Z
WAF-2427,002426.npy,128x128 -> 256x256,completed,26.35,0.9861,15.7,2026-10-03T13:05:37.727136Z
WAF-2428,002427.npy,128x128 -> 256x256,completed,26.47,0.9867,16.5,2026-10-03T13:05:37.727136Z
WAF-2429,002428.npy,128x128 -> 256x256,completed,26.59,0.9873,17.3,2026-10-03T13:05:37.729204Z
WAF-2430,002429.npy,128x128 -> 256x256,completed,26.71,0.9837,12.5,2026-10-03T13:05:37.729204Z
WAF-2431,002430.npy,128x128 -> 256x256,completed,26.83,0.9843,13.3,2026-10-03T13:05:37.729204Z
WAF-2432,002431.npy,128x128 -> 256x256,completed,25.63,0.9849,14.1,2026-10-03T13:05:37.729204Z
WAF-2433,002432.npy,128x128 -> 256x256,completed,25.75,0.9855,14.9,2026-10-03T13:05:37.729204Z
WAF-2434,002433.npy,128x128 -> 256x256,completed,25.87,0.9861,15.7,2026-10-03T13:05:37.731030Z
WAF-2435,002434.npy,128x128 -> 256x256,completed,25.99,0.9867,16.5,2026-10-03T13:05:37.731030Z
WAF-2436,002435.npy,128x128 -> 256x256,completed,26.11,0.9873,17.3,2026-10-03T13:05:37.731030Z
WAF-2437,002436.npy,128x128 -> 256x256,completed,26.23,0.9837,12.5,2026-10-03T13:05:37.731030Z
WAF-2438,002437.npy,128x128 -> 256x256,completed,26.35,0.9843,13.3,2026-10-03T13:05:37.733291Z
WAF-2439,002438.npy,128x128 -> 256x256,completed,26.47,0.9849,14.1,2026-10-03T13:05:37.733291Z
WAF-2440,002439.npy,128x128 -> 256x256,completed,26.59,0.9855,14.9,2026-10-03T13:05:37.735298Z
WAF-2441,002440.npy,128x128 -> 256x256,completed,26.71,0.9861,15.7,2026-10-03T13:05:37.735298Z
WAF-2442,002441.npy,128x128 -> 256x256,completed,26.83,0.9867,16.5,2026-10-03T13:05:37.735298Z
WAF-2443,002442.npy,128x128 -> 256x256,completed,25.63,0.9873,17.3,2026-10-03T13:05:37.735298Z
WAF-2444,002443.npy,128x128 -> 256x256,completed,25.75,0.9837,12.5,2026-10-03T13:05:37.735298Z
WAF-2445,002444.npy,128x128 -> 256x256,completed,25.87,0.9843,13.3,2026-10-03T13:05:37.735298Z
WAF-2446,002445.npy,128x128 -> 256x256,completed,25.99,0.9849,14.1,2026-10-03T13:05:37.735298Z
WAF-2447,002446.npy,128x128 -> 256x256,completed,26.11,0.9855,14.9,2026-10-03T13:05:37.735298Z
WAF-2448,002447.npy,128x128 -> 256x256,completed,28.88,0.7613,15.7,2026-10-03T13:05:37.735298Z
WAF-2449,002448.npy,128x128 -> 256x256,completed,26.35,0.9867,16.5,2026-10-03T13:05:37.735298Z
WAF-2450,002449.npy,128x128 -> 256x256,completed,26.47,0.9873,17.3,2026-10-03T13:05:37.735298Z
WAF-2451,002450.npy,128x128 -> 256x256,completed,33.15,0.8684,12.5,2026-10-03T13:05:37.735298Z
WAF-2452,002451.npy,128x128 -> 256x256,completed,26.71,0.9843,13.3,2026-10-03T13:05:37.735298Z
WAF-2453,002452.npy,128x128 -> 256x256,completed,26.83,0.9849,14.1,2026-10-03T13:05:37.735298Z
WAF-2454,002453.npy,128x128 -> 256x256,completed,25.63,0.9855,14.9,2026-10-03T13:05:37.735298Z
WAF-2455,002454.npy,128x128 -> 256x256,completed,25.75,0.9861,15.7,2026-10-03T13:05:37.739289Z
WAF-2456,002455.npy,128x128 -> 256x256,completed,28.75,0.8967,16.5,2026-10-03T13:05:37.739289Z
WAF-2457,002456.npy,128x128 -> 256x256,completed,32.98,0.7603,17.3,2026-10-03T13:05:37.739289Z
WAF-2458,002457.npy,128x128 -> 256x256,completed,26.11,0.9837,12.5,2026-10-03T13:05:37.739289Z
WAF-2459,002458.npy,128x128 -> 256x256,completed,26.23,0.9843,13.3,2026-10-03T13:05:37.739289Z
WAF-2460,002459.npy,128x128 -> 256x256,completed,24.65,0.8665,14.1,2026-10-03T13:05:37.739289Z
WAF-2461,002460.npy,128x128 -> 256x256,completed,26.47,0.9855,14.9,2026-10-03T13:05:37.739289Z
WAF-2462,002461.npy,128x128 -> 256x256,completed,33.3,0.8861,15.7,2026-10-03T13:05:37.739289Z
WAF-2463,002462.npy,128x128 -> 256x256,completed,26.71,0.9867,16.5,2026-10-03T13:05:37.739289Z
WAF-2464,002463.npy,128x128 -> 256x256,completed,26.83,0.9873,17.3,2026-10-03T13:05:37.739289Z
WAF-2465,002464.npy,128x128 -> 256x256,completed,25.63,0.9837,12.5,2026-10-03T13:05:37.739289Z
WAF-2466,002465.npy,128x128 -> 256x256,completed,25.75,0.9843,13.3,2026-10-03T13:05:37.739289Z
WAF-2467,002466.npy,128x128 -> 256x256,completed,25.87,0.9849,14.1,2026-10-03T13:05:37.739289Z
WAF-2468,002467.npy,128x128 -> 256x256,completed,25.99,0.9855,14.9,2026-10-03T13:05:37.739289Z
WAF-2469,002468.npy,128x128 -> 256x256,completed,26.11,0.9861,15.7,2026-10-03T13:05:37.739289Z
WAF-2470,002469.npy,128x128 -> 256x256,completed,26.23,0.9867,16.5,2026-10-03T13:05:37.739289Z
WAF-2471,002470.npy,128x128 -> 256x256,completed,26.35,0.9873,17.3,2026-10-03T13:05:37.739289Z
WAF-2472,002471.npy,128x128 -> 256x256,completed,26.47,0.9837,12.5,2026-10-03T13:05:37.743120Z
WAF-2473,002472.npy,128x128 -> 256x256,completed,26.59,0.9843,13.3,2026-10-03T13:05:37.743120Z
WAF-2474,002473.npy,128x128 -> 256x256,completed,26.71,0.9849,14.1,2026-10-03T13:05:37.743936Z
WAF-2475,002474.npy,128x128 -> 256x256,completed,26.83,0.9855,14.9,2026-10-03T13:05:37.743936Z
WAF-2476,002475.npy,128x128 -> 256x256,completed,25.63,0.9861,15.7,2026-10-03T13:05:37.744448Z
WAF-2477,002476.npy,128x128 -> 256x256,completed,25.75,0.9867,16.5,2026-10-03T13:05:37.745047Z
WAF-2478,002477.npy,128x128 -> 256x256,completed,25.87,0.9873,17.3,2026-10-03T13:05:37.745047Z
WAF-2479,002478.npy,128x128 -> 256x256,completed,25.99,0.9837,12.5,2026-10-03T13:05:37.745768Z
WAF-2480,002479.npy,128x128 -> 256x256,completed,26.11,0.9843,13.3,2026-10-03T13:05:37.746075Z
WAF-2481,002480.npy,128x128 -> 256x256,completed,26.23,0.9849,14.1,2026-10-03T13:05:37.746075Z
WAF-2482,002481.npy,128x128 -> 256x256,completed,26.35,0.9855,14.9,2026-10-03T13:05:37.746582Z
WAF-2483,002482.npy,128x128 -> 256x256,completed,33.05,0.9723,15.7,2026-10-03T13:05:37.746582Z
WAF-2484,002483.npy,128x128 -> 256x256,completed,26.59,0.9867,16.5,2026-10-03T13:05:37.747120Z
WAF-2485,002484.npy,128x128 -> 256x256,completed,26.71,0.9873,17.3,2026-10-03T13:05:37.747120Z
WAF-2486,002485.npy,128x128 -> 256x256,completed,26.83,0.9837,12.5,2026-10-03T13:05:37.748209Z
WAF-2487,002486.npy,128x128 -> 256x256,completed,25.63,0.9843,13.3,2026-10-03T13:05:37.748209Z
WAF-2488,002487.npy,128x128 -> 256x256,completed,25.75,0.9849,14.1,2026-10-03T13:05:37.748718Z
WAF-2489,002488.npy,128x128 -> 256x256,completed,25.87,0.9855,14.9,2026-10-03T13:05:37.748718Z
WAF-2490,002489.npy,128x128 -> 256x256,completed,25.99,0.9861,15.7,2026-10-03T13:05:37.748718Z
WAF-2491,002490.npy,128x128 -> 256x256,completed,26.11,0.9867,16.5,2026-10-03T13:05:37.748718Z
WAF-2492,002491.npy,128x128 -> 256x256,completed,26.23,0.9873,17.3,2026-10-03T13:05:37.749810Z
WAF-2493,002492.npy,128x128 -> 256x256,completed,26.35,0.9837,12.5,2026-10-03T13:05:37.750319Z
WAF-2494,002493.npy,128x128 -> 256x256,completed,26.47,0.9843,13.3,2026-10-03T13:05:37.750319Z
WAF-2495,002494.npy,128x128 -> 256x256,completed,26.59,0.9849,14.1,2026-10-03T13:05:37.750319Z
WAF-2496,002495.npy,128x128 -> 256x256,completed,26.71,0.9855,14.9,2026-10-03T13:05:37.750319Z
WAF-2497,002496.npy,128x128 -> 256x256,completed,26.83,0.9861,15.7,2026-10-03T13:05:37.750319Z
WAF-2498,002497.npy,128x128 -> 256x256,completed,25.63,0.9867,16.5,2026-10-03T13:05:37.750319Z
WAF-2499,002498.npy,128x128 -> 256x256,completed,25.75,0.9873,17.3,2026-10-03T13:05:37.750319Z
WAF-2500,002499.npy,128x128 -> 256x256,completed,25.87,0.9837,12.5,2026-10-03T13:05:37.752343Z
WAF-2501,002500.npy,128x128 -> 256x256,completed,25.99,0.9843,13.3,2026-10-03T13:05:37.752343Z
WAF-2502,002501.npy,128x128 -> 256x256,completed,26.11,0.9849,14.1,2026-10-03T13:05:37.752343Z
WAF-2503,002502.npy,128x128 -> 256x256,completed,26.23,0.9855,14.9,2026-10-03T13:05:37.752343Z
WAF-2504,002503.npy,128x128 -> 256x256,completed,26.35,0.9861,15.7,2026-10-03T13:05:37.753731Z
WAF-2505,002504.npy,128x128 -> 256x256,completed,26.47,0.9867,16.5,2026-10-03T13:05:37.753731Z
WAF-2506,002505.npy,128x128 -> 256x256,completed,26.59,0.9873,17.3,2026-10-03T13:05:37.754238Z
WAF-2507,002506.npy,128x128 -> 256x256,completed,38.79,0.9453,12.5,2026-10-03T13:05:37.754238Z
WAF-2508,002507.npy,128x128 -> 256x256,completed,26.83,0.9843,13.3,2026-10-03T13:05:37.754758Z
WAF-2509,002508.npy,128x128 -> 256x256,completed,25.63,0.9849,14.1,2026-10-03T13:05:37.754758Z
WAF-2510,002509.npy,128x128 -> 256x256,completed,25.75,0.9855,14.9,2026-10-03T13:05:37.754758Z
WAF-2511,002510.npy,128x128 -> 256x256,completed,25.87,0.9861,15.7,2026-10-03T13:05:37.755665Z
WAF-2512,002511.npy,128x128 -> 256x256,completed,25.99,0.9867,16.5,2026-10-03T13:05:37.755665Z
WAF-2513,002512.npy,128x128 -> 256x256,completed,26.11,0.9873,17.3,2026-10-03T13:05:37.755665Z
WAF-2514,002513.npy,128x128 -> 256x256,completed,26.23,0.9837,12.5,2026-10-03T13:05:37.756676Z
WAF-2515,002514.npy,128x128 -> 256x256,completed,26.35,0.9843,13.3,2026-10-03T13:05:37.756676Z
WAF-2516,002515.npy,128x128 -> 256x256,completed,26.47,0.9849,14.1,2026-10-03T13:05:37.757186Z
WAF-2517,002516.npy,128x128 -> 256x256,completed,26.59,0.9855,14.9,2026-10-03T13:05:37.757186Z
WAF-2518,002517.npy,128x128 -> 256x256,completed,26.71,0.9861,15.7,2026-10-03T13:05:37.757950Z
WAF-2519,002518.npy,128x128 -> 256x256,completed,26.83,0.9867,16.5,2026-10-03T13:05:37.758282Z
WAF-2520,002519.npy,128x128 -> 256x256,completed,25.63,0.9873,17.3,2026-10-03T13:05:37.758282Z
WAF-2521,002520.npy,128x128 -> 256x256,completed,25.75,0.9837,12.5,2026-10-03T13:05:37.758788Z
WAF-2522,002521.npy,128x128 -> 256x256,completed,25.87,0.9843,13.3,2026-10-03T13:05:37.760483Z
WAF-2523,002522.npy,128x128 -> 256x256,completed,25.99,0.9849,14.1,2026-10-03T13:05:37.761077Z
WAF-2524,002523.npy,128x128 -> 256x256,completed,26.11,0.9855,14.9,2026-10-03T13:05:37.761077Z
WAF-2525,002524.npy,128x128 -> 256x256,completed,26.23,0.9861,15.7,2026-10-03T13:05:37.761077Z
WAF-2526,002525.npy,128x128 -> 256x256,completed,26.35,0.9867,16.5,2026-10-03T13:05:37.761077Z
WAF-2527,002526.npy,128x128 -> 256x256,completed,26.47,0.9873,17.3,2026-10-03T13:05:37.761077Z
WAF-2528,002527.npy,128x128 -> 256x256,completed,26.59,0.9837,12.5,2026-10-03T13:05:37.761077Z
WAF-2529,002528.npy,128x128 -> 256x256,completed,26.71,0.9843,13.3,2026-10-03T13:05:37.762828Z
WAF-2530,002529.npy,128x128 -> 256x256,completed,26.83,0.9849,14.1,2026-10-03T13:05:37.762828Z
WAF-2531,002530.npy,128x128 -> 256x256,completed,25.63,0.9855,14.9,2026-10-03T13:05:37.762828Z
WAF-2532,002531.npy,128x128 -> 256x256,completed,25.75,0.9861,15.7,2026-10-03T13:05:37.762828Z
WAF-2533,002532.npy,128x128 -> 256x256,completed,25.87,0.9867,16.5,2026-10-03T13:05:37.762828Z
WAF-2534,002533.npy,128x128 -> 256x256,completed,25.99,0.9873,17.3,2026-10-03T13:05:37.762828Z
WAF-2535,002534.npy,128x128 -> 256x256,completed,18.06,0.5173,12.5,2026-10-03T13:05:37.764836Z
WAF-2536,002535.npy,128x128 -> 256x256,completed,26.23,0.9843,13.3,2026-10-03T13:05:37.764836Z
WAF-2537,002536.npy,128x128 -> 256x256,completed,26.35,0.9849,14.1,2026-10-03T13:05:37.764836Z
WAF-2538,002537.npy,128x128 -> 256x256,completed,26.47,0.9855,14.9,2026-10-03T13:05:37.764836Z
WAF-2539,002538.npy,128x128 -> 256x256,completed,26.59,0.9861,15.7,2026-10-03T13:05:37.764836Z
WAF-2540,002539.npy,128x128 -> 256x256,completed,26.71,0.9867,16.5,2026-10-03T13:05:37.764836Z
WAF-2541,002540.npy,128x128 -> 256x256,completed,26.83,0.9873,17.3,2026-10-03T13:05:37.764836Z
WAF-2542,002541.npy,128x128 -> 256x256,completed,25.63,0.9837,12.5,2026-10-03T13:05:37.766846Z
WAF-2543,002542.npy,128x128 -> 256x256,completed,25.75,0.9843,13.3,2026-10-03T13:05:37.766846Z
WAF-2544,002543.npy,128x128 -> 256x256,completed,25.87,0.9849,14.1,2026-10-03T13:05:37.766846Z
WAF-2545,002544.npy,128x128 -> 256x256,completed,25.99,0.9855,14.9,2026-10-03T13:05:37.766846Z
WAF-2546,002545.npy,128x128 -> 256x256,completed,26.11,0.9861,15.7,2026-10-03T13:05:37.766846Z
WAF-2547,002546.npy,128x128 -> 256x256,completed,26.23,0.9867,16.5,2026-10-03T13:05:37.766846Z
WAF-2548,002547.npy,128x128 -> 256x256,completed,26.35,0.9873,17.3,2026-10-03T13:05:37.766846Z
WAF-2549,002548.npy,128x128 -> 256x256,completed,26.47,0.9837,12.5,2026-10-03T13:05:37.768858Z
WAF-2550,002549.npy,128x128 -> 256x256,completed,26.59,0.9843,13.3,2026-10-03T13:05:37.768858Z
WAF-2551,002550.npy,128x128 -> 256x256,completed,26.71,0.9849,14.1,2026-10-03T13:05:37.768858Z
WAF-2552,002551.npy,128x128 -> 256x256,completed,26.83,0.9855,14.9,2026-10-03T13:05:37.768858Z
WAF-2553,002552.npy,128x128 -> 256x256,completed,25.63,0.9861,15.7,2026-10-03T13:05:37.768858Z
WAF-2554,002553.npy,128x128 -> 256x256,completed,25.75,0.9867,16.5,2026-10-03T13:05:37.768858Z
WAF-2555,002554.npy,128x128 -> 256x256,completed,25.87,0.9873,17.3,2026-10-03T13:05:37.770870Z
WAF-2556,002555.npy,128x128 -> 256x256,completed,25.99,0.9837,12.5,2026-10-03T13:05:37.770870Z
WAF-2557,002556.npy,128x128 -> 256x256,completed,26.11,0.9843,13.3,2026-10-03T13:05:37.770870Z
WAF-2558,002557.npy,128x128 -> 256x256,completed,26.23,0.9849,14.1,2026-10-03T13:05:37.770870Z
WAF-2559,002558.npy,128x128 -> 256x256,completed,28.0,0.8161,14.9,2026-10-03T13:05:37.770870Z
WAF-2560,002559.npy,128x128 -> 256x256,completed,26.47,0.9861,15.7,2026-10-03T13:05:37.770870Z
WAF-2561,002560.npy,128x128 -> 256x256,completed,26.59,0.9867,16.5,2026-10-03T13:05:37.772882Z
WAF-2562,002561.npy,128x128 -> 256x256,completed,26.71,0.9873,17.3,2026-10-03T13:05:37.772882Z
WAF-2563,002562.npy,128x128 -> 256x256,completed,26.83,0.9837,12.5,2026-10-03T13:05:37.772882Z
WAF-2564,002563.npy,128x128 -> 256x256,completed,25.63,0.9843,13.3,2026-10-03T13:05:37.772882Z
WAF-2565,002564.npy,128x128 -> 256x256,completed,25.75,0.9849,14.1,2026-10-03T13:05:37.772882Z
WAF-2566,002565.npy,128x128 -> 256x256,completed,25.87,0.9855,14.9,2026-10-03T13:05:37.772882Z
WAF-2567,002566.npy,128x128 -> 256x256,completed,25.99,0.9861,15.7,2026-10-03T13:05:37.772882Z
WAF-2568,002567.npy,128x128 -> 256x256,completed,26.11,0.9867,16.5,2026-10-03T13:05:37.774895Z
WAF-2569,002568.npy,128x128 -> 256x256,completed,26.23,0.9873,17.3,2026-10-03T13:05:37.774895Z
WAF-2570,002569.npy,128x128 -> 256x256,completed,26.35,0.9837,12.5,2026-10-03T13:05:37.774895Z
WAF-2571,002570.npy,128x128 -> 256x256,completed,26.47,0.9843,13.3,2026-10-03T13:05:37.774895Z
WAF-2572,002571.npy,128x128 -> 256x256,completed,26.59,0.9849,14.1,2026-10-03T13:05:37.774895Z
WAF-2573,002572.npy,128x128 -> 256x256,completed,26.71,0.9855,14.9,2026-10-03T13:05:37.776906Z
WAF-2574,002573.npy,128x128 -> 256x256,completed,26.83,0.9861,15.7,2026-10-03T13:05:37.776906Z
WAF-2575,002574.npy,128x128 -> 256x256,completed,25.63,0.9867,16.5,2026-10-03T13:05:37.776906Z
WAF-2576,002575.npy,128x128 -> 256x256,completed,25.75,0.9873,17.3,2026-10-03T13:05:37.776906Z
WAF-2577,002576.npy,128x128 -> 256x256,completed,25.87,0.9837,12.5,2026-10-03T13:05:37.776906Z
WAF-2578,002577.npy,128x128 -> 256x256,completed,30.77,0.8882,13.3,2026-10-03T13:05:37.776906Z
WAF-2579,002578.npy,128x128 -> 256x256,completed,26.11,0.9849,14.1,2026-10-03T13:05:37.776906Z
WAF-2580,002579.npy,128x128 -> 256x256,completed,26.23,0.9855,14.9,2026-10-03T13:05:37.778917Z
WAF-2581,002580.npy,128x128 -> 256x256,completed,26.35,0.9861,15.7,2026-10-03T13:05:37.778917Z
WAF-2582,002581.npy,128x128 -> 256x256,completed,26.47,0.9867,16.5,2026-10-03T13:05:37.778917Z
WAF-2583,002582.npy,128x128 -> 256x256,completed,26.59,0.9873,17.3,2026-10-03T13:05:37.778917Z
WAF-2584,002583.npy,128x128 -> 256x256,completed,26.71,0.9837,12.5,2026-10-03T13:05:37.778917Z
WAF-2585,002584.npy,128x128 -> 256x256,completed,26.83,0.9843,13.3,2026-10-03T13:05:37.778917Z
WAF-2586,002585.npy,128x128 -> 256x256,completed,25.63,0.9849,14.1,2026-10-03T13:05:37.780928Z
WAF-2587,002586.npy,128x128 -> 256x256,completed,25.75,0.9855,14.9,2026-10-03T13:05:37.780928Z
WAF-2588,002587.npy,128x128 -> 256x256,completed,25.87,0.9861,15.7,2026-10-03T13:05:37.780928Z
WAF-2589,002588.npy,128x128 -> 256x256,completed,25.99,0.9867,16.5,2026-10-03T13:05:37.780928Z
WAF-2590,002589.npy,128x128 -> 256x256,completed,26.11,0.9873,17.3,2026-10-03T13:05:37.780928Z
WAF-2591,002590.npy,128x128 -> 256x256,completed,26.23,0.9837,12.5,2026-10-03T13:05:37.780928Z
WAF-2592,002591.npy,128x128 -> 256x256,completed,26.35,0.9843,13.3,2026-10-03T13:05:37.782940Z
WAF-2593,002592.npy,128x128 -> 256x256,completed,26.47,0.9849,14.1,2026-10-03T13:05:37.782940Z
WAF-2594,002593.npy,128x128 -> 256x256,completed,26.59,0.9855,14.9,2026-10-03T13:05:37.782940Z
WAF-2595,002594.npy,128x128 -> 256x256,completed,26.71,0.9861,15.7,2026-10-03T13:05:37.783769Z
WAF-2596,002595.npy,128x128 -> 256x256,completed,26.83,0.9867,16.5,2026-10-03T13:05:37.784278Z
WAF-2597,002596.npy,128x128 -> 256x256,completed,25.63,0.9873,17.3,2026-10-03T13:05:37.784278Z
WAF-2598,002597.npy,128x128 -> 256x256,completed,25.75,0.9837,12.5,2026-10-03T13:05:37.784278Z
WAF-2599,002598.npy,128x128 -> 256x256,completed,25.87,0.9843,13.3,2026-10-03T13:05:37.784278Z
WAF-2600,002599.npy,128x128 -> 256x256,completed,25.99,0.9849,14.1,2026-10-03T13:05:37.784278Z
WAF-2601,002600.npy,128x128 -> 256x256,completed,26.11,0.9855,14.9,2026-10-03T13:05:37.784278Z
WAF-2602,002601.npy,128x128 -> 256x256,completed,26.23,0.9861,15.7,2026-10-03T13:05:37.786290Z
WAF-2603,002602.npy,128x128 -> 256x256,completed,26.35,0.9867,16.5,2026-10-03T13:05:37.786290Z
WAF-2604,002603.npy,128x128 -> 256x256,completed,26.47,0.9873,17.3,2026-10-03T13:05:37.786290Z
WAF-2605,002604.npy,128x128 -> 256x256,completed,26.59,0.9837,12.5,2026-10-03T13:05:37.787300Z
WAF-2606,002605.npy,128x128 -> 256x256,completed,26.71,0.9843,13.3,2026-10-03T13:05:37.787300Z
WAF-2607,002606.npy,128x128 -> 256x256,completed,26.83,0.9849,14.1,2026-10-03T13:05:37.787300Z
WAF-2608,002607.npy,128x128 -> 256x256,completed,23.14,0.2609,14.9,2026-10-03T13:05:37.788102Z
WAF-2609,002608.npy,128x128 -> 256x256,completed,25.75,0.9861,15.7,2026-10-03T13:05:37.788102Z
WAF-2610,002609.npy,128x128 -> 256x256,completed,25.87,0.9867,16.5,2026-10-03T13:05:37.788102Z
WAF-2611,002610.npy,128x128 -> 256x256,completed,25.99,0.9873,17.3,2026-10-03T13:05:37.788102Z
WAF-2612,002611.npy,128x128 -> 256x256,completed,26.11,0.9837,12.5,2026-10-03T13:05:37.788102Z
WAF-2613,002612.npy,128x128 -> 256x256,completed,30.06,0.8106,13.3,2026-10-03T13:05:37.788102Z
WAF-2614,002613.npy,128x128 -> 256x256,completed,32.46,0.8809,14.1,2026-10-03T13:05:37.788102Z
WAF-2615,002614.npy,128x128 -> 256x256,completed,26.47,0.9855,14.9,2026-10-03T13:05:37.788102Z
WAF-2616,002615.npy,128x128 -> 256x256,completed,26.59,0.9861,15.7,2026-10-03T13:05:37.788102Z
WAF-2617,002616.npy,128x128 -> 256x256,completed,26.71,0.9867,16.5,2026-10-03T13:05:37.788102Z
WAF-2618,002617.npy,128x128 -> 256x256,completed,26.83,0.9873,17.3,2026-10-03T13:05:37.788102Z
WAF-2619,002618.npy,128x128 -> 256x256,completed,25.63,0.9837,12.5,2026-10-03T13:05:37.790122Z
WAF-2620,002619.npy,128x128 -> 256x256,completed,25.75,0.9843,13.3,2026-10-03T13:05:37.790122Z
WAF-2621,002620.npy,128x128 -> 256x256,completed,25.87,0.9849,14.1,2026-10-03T13:05:37.790122Z
WAF-2622,002621.npy,128x128 -> 256x256,completed,25.99,0.9855,14.9,2026-10-03T13:05:37.790122Z
WAF-2623,002622.npy,128x128 -> 256x256,completed,26.11,0.9861,15.7,2026-10-03T13:05:37.790122Z
WAF-2624,002623.npy,128x128 -> 256x256,completed,26.23,0.9867,16.5,2026-10-03T13:05:37.790122Z
WAF-2625,002624.npy,128x128 -> 256x256,completed,26.35,0.9873,17.3,2026-10-03T13:05:37.790122Z
WAF-2626,002625.npy,128x128 -> 256x256,completed,26.47,0.9837,12.5,2026-10-03T13:05:37.790122Z
WAF-2627,002626.npy,128x128 -> 256x256,completed,26.59,0.9843,13.3,2026-10-03T13:05:37.790122Z
WAF-2628,002627.npy,128x128 -> 256x256,completed,26.71,0.9849,14.1,2026-10-03T13:05:37.790122Z
WAF-2629,002628.npy,128x128 -> 256x256,completed,26.83,0.9855,14.9,2026-10-03T13:05:37.791835Z
WAF-2630,002629.npy,128x128 -> 256x256,completed,25.63,0.9861,15.7,2026-10-03T13:05:37.791835Z
WAF-2631,002630.npy,128x128 -> 256x256,completed,25.75,0.9867,16.5,2026-10-03T13:05:37.792346Z
WAF-2632,002631.npy,128x128 -> 256x256,completed,25.87,0.9873,17.3,2026-10-03T13:05:37.792346Z
WAF-2633,002632.npy,128x128 -> 256x256,completed,25.99,0.9837,12.5,2026-10-03T13:05:37.792346Z
WAF-2634,002633.npy,128x128 -> 256x256,completed,26.11,0.9843,13.3,2026-10-03T13:05:37.792346Z
WAF-2635,002634.npy,128x128 -> 256x256,completed,26.23,0.9849,14.1,2026-10-03T13:05:37.793616Z
WAF-2636,002635.npy,128x128 -> 256x256,completed,26.35,0.9855,14.9,2026-10-03T13:05:37.794127Z
WAF-2637,002636.npy,128x128 -> 256x256,completed,26.47,0.9861,15.7,2026-10-03T13:05:37.794637Z
WAF-2638,002637.npy,128x128 -> 256x256,completed,10.82,0.332,16.5,2026-10-03T13:05:37.794637Z
WAF-2639,002638.npy,128x128 -> 256x256,completed,26.71,0.9873,17.3,2026-10-03T13:05:37.795649Z
WAF-2640,002639.npy,128x128 -> 256x256,completed,26.83,0.9837,12.5,2026-10-03T13:05:37.796199Z
WAF-2641,002640.npy,128x128 -> 256x256,completed,25.63,0.9843,13.3,2026-10-03T13:05:37.796199Z
WAF-2642,002641.npy,128x128 -> 256x256,completed,25.75,0.9849,14.1,2026-10-03T13:05:37.796709Z
WAF-2643,002642.npy,128x128 -> 256x256,completed,25.87,0.9855,14.9,2026-10-03T13:05:37.796709Z
WAF-2644,002643.npy,128x128 -> 256x256,completed,25.99,0.9861,15.7,2026-10-03T13:05:37.796709Z
WAF-2645,002644.npy,128x128 -> 256x256,completed,30.48,0.888,16.5,2026-10-03T13:05:37.796709Z
WAF-2646,002645.npy,128x128 -> 256x256,completed,26.23,0.9873,17.3,2026-10-03T13:05:37.798208Z
WAF-2647,002646.npy,128x128 -> 256x256,completed,26.35,0.9837,12.5,2026-10-03T13:05:37.798208Z
WAF-2648,002647.npy,128x128 -> 256x256,completed,26.47,0.9843,13.3,2026-10-03T13:05:37.798719Z
WAF-2649,002648.npy,128x128 -> 256x256,completed,26.59,0.9849,14.1,2026-10-03T13:05:37.799267Z
WAF-2650,002649.npy,128x128 -> 256x256,completed,26.71,0.9855,14.9,2026-10-03T13:05:37.799267Z
WAF-2651,002650.npy,128x128 -> 256x256,completed,26.83,0.9861,15.7,2026-10-03T13:05:37.799267Z
WAF-2652,002651.npy,128x128 -> 256x256,completed,25.63,0.9867,16.5,2026-10-03T13:05:37.799267Z
WAF-2653,002652.npy,128x128 -> 256x256,completed,25.75,0.9873,17.3,2026-10-03T13:05:37.799267Z
WAF-2654,002653.npy,128x128 -> 256x256,completed,23.33,0.6802,12.5,2026-10-03T13:05:37.799267Z
WAF-2655,002654.npy,128x128 -> 256x256,completed,25.99,0.9843,13.3,2026-10-03T13:05:37.799267Z
WAF-2656,002655.npy,128x128 -> 256x256,completed,26.11,0.9849,14.1,2026-10-03T13:05:37.801277Z
WAF-2657,002656.npy,128x128 -> 256x256,completed,26.23,0.9855,14.9,2026-10-03T13:05:37.801277Z
WAF-2658,002657.npy,128x128 -> 256x256,completed,26.35,0.9861,15.7,2026-10-03T13:05:37.801277Z
WAF-2659,002658.npy,128x128 -> 256x256,completed,26.47,0.9867,16.5,2026-10-03T13:05:37.801277Z
WAF-2660,002659.npy,128x128 -> 256x256,completed,26.59,0.9873,17.3,2026-10-03T13:05:37.801277Z
WAF-2661,002660.npy,128x128 -> 256x256,completed,26.71,0.9837,12.5,2026-10-03T13:05:37.803288Z
WAF-2662,002661.npy,128x128 -> 256x256,completed,26.83,0.9843,13.3,2026-10-03T13:05:37.803288Z
WAF-2663,002662.npy,128x128 -> 256x256,completed,25.63,0.9849,14.1,2026-10-03T13:05:37.803288Z
WAF-2664,002663.npy,128x128 -> 256x256,completed,25.75,0.9855,14.9,2026-10-03T13:05:37.803288Z
WAF-2665,002664.npy,128x128 -> 256x256,completed,25.87,0.9861,15.7,2026-10-03T13:05:37.803288Z
WAF-2666,002665.npy,128x128 -> 256x256,completed,25.99,0.9867,16.5,2026-10-03T13:05:37.803288Z
WAF-2667,002666.npy,128x128 -> 256x256,completed,26.11,0.9873,17.3,2026-10-03T13:05:37.805525Z
WAF-2668,002667.npy,128x128 -> 256x256,completed,26.23,0.9837,12.5,2026-10-03T13:05:37.805525Z
WAF-2669,002668.npy,128x128 -> 256x256,completed,26.35,0.9843,13.3,2026-10-03T13:05:37.805525Z
WAF-2670,002669.npy,128x128 -> 256x256,completed,26.47,0.9849,14.1,2026-10-03T13:05:37.805525Z
WAF-2671,002670.npy,128x128 -> 256x256,completed,26.59,0.9855,14.9,2026-10-03T13:05:37.805525Z
WAF-2672,002671.npy,128x128 -> 256x256,completed,26.71,0.9861,15.7,2026-10-03T13:05:37.805525Z
WAF-2673,002672.npy,128x128 -> 256x256,completed,22.1,0.756,16.5,2026-10-03T13:05:37.807537Z
WAF-2674,002673.npy,128x128 -> 256x256,completed,25.63,0.9873,17.3,2026-10-03T13:05:37.807537Z
WAF-2675,002674.npy,128x128 -> 256x256,completed,25.75,0.9837,12.5,2026-10-03T13:05:37.807537Z
WAF-2676,002675.npy,128x128 -> 256x256,completed,26.13,0.8265,13.3,2026-10-03T13:05:37.807537Z
WAF-2677,002676.npy,128x128 -> 256x256,completed,25.99,0.9849,14.1,2026-10-03T13:05:37.807537Z
WAF-2678,002677.npy,128x128 -> 256x256,completed,26.11,0.9855,14.9,2026-10-03T13:05:37.809548Z
WAF-2679,002678.npy,128x128 -> 256x256,completed,26.23,0.9861,15.7,2026-10-03T13:05:37.809548Z
WAF-2680,002679.npy,128x128 -> 256x256,completed,27.52,0.7296,16.5,2026-10-03T13:05:37.809548Z
WAF-2681,002680.npy,128x128 -> 256x256,completed,26.47,0.9873,17.3,2026-10-03T13:05:37.809548Z
WAF-2682,002681.npy,128x128 -> 256x256,completed,26.59,0.9837,12.5,2026-10-03T13:05:37.809548Z
WAF-2683,002682.npy,128x128 -> 256x256,completed,26.71,0.9843,13.3,2026-10-03T13:05:37.809548Z
WAF-2684,002683.npy,128x128 -> 256x256,completed,26.83,0.9849,14.1,2026-10-03T13:05:37.811301Z
WAF-2685,002684.npy,128x128 -> 256x256,completed,25.63,0.9855,14.9,2026-10-03T13:05:37.811301Z
WAF-2686,002685.npy,128x128 -> 256x256,completed,25.75,0.9861,15.7,2026-10-03T13:05:37.811301Z
WAF-2687,002686.npy,128x128 -> 256x256,completed,25.87,0.9867,16.5,2026-10-03T13:05:37.811301Z
WAF-2688,002687.npy,128x128 -> 256x256,completed,25.99,0.9873,17.3,2026-10-03T13:05:37.812453Z
WAF-2689,002688.npy,128x128 -> 256x256,completed,26.11,0.9837,12.5,2026-10-03T13:05:37.813520Z
WAF-2690,002689.npy,128x128 -> 256x256,completed,26.23,0.9843,13.3,2026-10-03T13:05:37.813520Z
WAF-2691,002690.npy,128x128 -> 256x256,completed,26.35,0.9849,14.1,2026-10-03T13:05:37.813520Z
WAF-2692,002691.npy,128x128 -> 256x256,completed,26.47,0.9855,14.9,2026-10-03T13:05:37.814530Z
WAF-2693,002692.npy,128x128 -> 256x256,completed,26.59,0.9861,15.7,2026-10-03T13:05:37.814530Z
WAF-2694,002693.npy,128x128 -> 256x256,completed,26.71,0.9867,16.5,2026-10-03T13:05:37.815037Z
WAF-2695,002694.npy,128x128 -> 256x256,completed,22.8,0.2831,17.3,2026-10-03T13:05:37.815037Z
WAF-2696,002695.npy,128x128 -> 256x256,completed,25.63,0.9837,12.5,2026-10-03T13:05:37.815597Z
WAF-2697,002696.npy,128x128 -> 256x256,completed,25.75,0.9843,13.3,2026-10-03T13:05:37.815597Z
WAF-2698,002697.npy,128x128 -> 256x256,completed,25.4,0.323,14.1,2026-10-03T13:05:37.816143Z
WAF-2699,002698.npy,128x128 -> 256x256,completed,25.99,0.9855,14.9,2026-10-03T13:05:37.816143Z
WAF-2700,002699.npy,128x128 -> 256x256,completed,26.11,0.9861,15.7,2026-10-03T13:05:37.816651Z
WAF-2701,002700.npy,128x128 -> 256x256,completed,26.23,0.9867,16.5,2026-10-03T13:05:37.816651Z
WAF-2702,002701.npy,128x128 -> 256x256,completed,33.26,0.8265,17.3,2026-10-03T13:05:37.817290Z
WAF-2703,002702.npy,128x128 -> 256x256,completed,26.47,0.9837,12.5,2026-10-03T13:05:37.817290Z
WAF-2704,002703.npy,128x128 -> 256x256,completed,26.59,0.9843,13.3,2026-10-03T13:05:37.817828Z
WAF-2705,002704.npy,128x128 -> 256x256,completed,26.71,0.9849,14.1,2026-10-03T13:05:37.817828Z
WAF-2706,002705.npy,128x128 -> 256x256,completed,26.83,0.9855,14.9,2026-10-03T13:05:37.818363Z
WAF-2707,002706.npy,128x128 -> 256x256,completed,25.63,0.9861,15.7,2026-10-03T13:05:37.818363Z
WAF-2708,002707.npy,128x128 -> 256x256,completed,25.75,0.9867,16.5,2026-10-03T13:05:37.818898Z
WAF-2709,002708.npy,128x128 -> 256x256,completed,25.87,0.9873,17.3,2026-10-03T13:05:37.818898Z
WAF-2710,002709.npy,128x128 -> 256x256,completed,25.99,0.9837,12.5,2026-10-03T13:05:37.819509Z
WAF-2711,002710.npy,128x128 -> 256x256,completed,26.11,0.9843,13.3,2026-10-03T13:05:37.819509Z
WAF-2712,002711.npy,128x128 -> 256x256,completed,26.23,0.9849,14.1,2026-10-03T13:05:37.819509Z
WAF-2713,002712.npy,128x128 -> 256x256,completed,26.35,0.9855,14.9,2026-10-03T13:05:37.820718Z
WAF-2714,002713.npy,128x128 -> 256x256,completed,26.47,0.9861,15.7,2026-10-03T13:05:37.821252Z
WAF-2715,002714.npy,128x128 -> 256x256,completed,26.59,0.9867,16.5,2026-10-03T13:05:37.821898Z
WAF-2716,002715.npy,128x128 -> 256x256,completed,26.71,0.9873,17.3,2026-10-03T13:05:37.821898Z
WAF-2717,002716.npy,128x128 -> 256x256,completed,26.83,0.9837,12.5,2026-10-03T13:05:37.822543Z
WAF-2718,002717.npy,128x128 -> 256x256,completed,25.63,0.9843,13.3,2026-10-03T13:05:37.822543Z
WAF-2719,002718.npy,128x128 -> 256x256,completed,25.75,0.9849,14.1,2026-10-03T13:05:37.822543Z
WAF-2720,002719.npy,128x128 -> 256x256,completed,25.87,0.9855,14.9,2026-10-03T13:05:37.823171Z
WAF-2721,002720.npy,128x128 -> 256x256,completed,25.99,0.9861,15.7,2026-10-03T13:05:37.823171Z
WAF-2722,002721.npy,128x128 -> 256x256,completed,26.11,0.9867,16.5,2026-10-03T13:05:37.823171Z
WAF-2723,002722.npy,128x128 -> 256x256,completed,26.23,0.9873,17.3,2026-10-03T13:05:37.823809Z
WAF-2724,002723.npy,128x128 -> 256x256,completed,26.35,0.9837,12.5,2026-10-03T13:05:37.823809Z
WAF-2725,002724.npy,128x128 -> 256x256,completed,26.47,0.9843,13.3,2026-10-03T13:05:37.823809Z
WAF-2726,002725.npy,128x128 -> 256x256,completed,26.59,0.9849,14.1,2026-10-03T13:05:37.824445Z
WAF-2727,002726.npy,128x128 -> 256x256,completed,26.71,0.9855,14.9,2026-10-03T13:05:37.824445Z
WAF-2728,002727.npy,128x128 -> 256x256,completed,26.83,0.9861,15.7,2026-10-03T13:05:37.824445Z
WAF-2729,002728.npy,128x128 -> 256x256,completed,25.63,0.9867,16.5,2026-10-03T13:05:37.824984Z
WAF-2730,002729.npy,128x128 -> 256x256,completed,25.75,0.9873,17.3,2026-10-03T13:05:37.825550Z
WAF-2731,002730.npy,128x128 -> 256x256,completed,25.87,0.9837,12.5,2026-10-03T13:05:37.825550Z
WAF-2732,002731.npy,128x128 -> 256x256,completed,25.99,0.9843,13.3,2026-10-03T13:05:37.826152Z
WAF-2733,002732.npy,128x128 -> 256x256,completed,26.11,0.9849,14.1,2026-10-03T13:05:37.826152Z
WAF-2734,002733.npy,128x128 -> 256x256,completed,26.23,0.9855,14.9,2026-10-03T13:05:37.826717Z
WAF-2735,002734.npy,128x128 -> 256x256,completed,26.35,0.9861,15.7,2026-10-03T13:05:37.827156Z
WAF-2736,002735.npy,128x128 -> 256x256,completed,26.47,0.9867,16.5,2026-10-03T13:05:37.827156Z
WAF-2737,002736.npy,128x128 -> 256x256,completed,28.77,0.8786,17.3,2026-10-03T13:05:37.827664Z
WAF-2738,002737.npy,128x128 -> 256x256,completed,26.71,0.9837,12.5,2026-10-03T13:05:37.827664Z
WAF-2739,002738.npy,128x128 -> 256x256,completed,26.83,0.9843,13.3,2026-10-03T13:05:37.827664Z
WAF-2740,002739.npy,128x128 -> 256x256,completed,25.63,0.9849,14.1,2026-10-03T13:05:37.828220Z
WAF-2741,002740.npy,128x128 -> 256x256,completed,25.75,0.9855,14.9,2026-10-03T13:05:37.828220Z
WAF-2742,002741.npy,128x128 -> 256x256,completed,20.54,0.6662,15.7,2026-10-03T13:05:37.828220Z
WAF-2743,002742.npy,128x128 -> 256x256,completed,25.99,0.9867,16.5,2026-10-03T13:05:37.828803Z
WAF-2744,002743.npy,128x128 -> 256x256,completed,26.11,0.9873,17.3,2026-10-03T13:05:37.828803Z
WAF-2745,002744.npy,128x128 -> 256x256,completed,26.23,0.9837,12.5,2026-10-03T13:05:37.828803Z
WAF-2746,002745.npy,128x128 -> 256x256,completed,26.35,0.9843,13.3,2026-10-03T13:05:37.828803Z
WAF-2747,002746.npy,128x128 -> 256x256,completed,26.47,0.9849,14.1,2026-10-03T13:05:37.829417Z
WAF-2748,002747.npy,128x128 -> 256x256,completed,26.59,0.9855,14.9,2026-10-03T13:05:37.829417Z
WAF-2749,002748.npy,128x128 -> 256x256,completed,30.38,0.8651,15.7,2026-10-03T13:05:37.829417Z
WAF-2750,002749.npy,128x128 -> 256x256,completed,26.83,0.9867,16.5,2026-10-03T13:05:37.830009Z
WAF-2751,002750.npy,128x128 -> 256x256,completed,25.63,0.9873,17.3,2026-10-03T13:05:37.830009Z
WAF-2752,002751.npy,128x128 -> 256x256,completed,25.75,0.9837,12.5,2026-10-03T13:05:37.830009Z
WAF-2753,002752.npy,128x128 -> 256x256,completed,25.87,0.9843,13.3,2026-10-03T13:05:37.830541Z
WAF-2754,002753.npy,128x128 -> 256x256,completed,25.99,0.9849,14.1,2026-10-03T13:05:37.830541Z
WAF-2755,002754.npy,128x128 -> 256x256,completed,26.11,0.9855,14.9,2026-10-03T13:05:37.830541Z
WAF-2756,002755.npy,128x128 -> 256x256,completed,26.23,0.9861,15.7,2026-10-03T13:05:37.830541Z
WAF-2757,002756.npy,128x128 -> 256x256,completed,26.35,0.9867,16.5,2026-10-03T13:05:37.831162Z
WAF-2758,002757.npy,128x128 -> 256x256,completed,26.47,0.9873,17.3,2026-10-03T13:05:37.831162Z
WAF-2759,002758.npy,128x128 -> 256x256,completed,26.59,0.9837,12.5,2026-10-03T13:05:37.831162Z
WAF-2760,002759.npy,128x128 -> 256x256,completed,26.71,0.9843,13.3,2026-10-03T13:05:37.831162Z
WAF-2761,002760.npy,128x128 -> 256x256,completed,26.83,0.9849,14.1,2026-10-03T13:05:37.831162Z
WAF-2762,002761.npy,128x128 -> 256x256,completed,25.63,0.9855,14.9,2026-10-03T13:05:37.831162Z
WAF-2763,002762.npy,128x128 -> 256x256,completed,25.75,0.9861,15.7,2026-10-03T13:05:37.831162Z
WAF-2764,002763.npy,128x128 -> 256x256,completed,25.87,0.9867,16.5,2026-10-03T13:05:37.831162Z
WAF-2765,002764.npy,128x128 -> 256x256,completed,25.99,0.9873,17.3,2026-10-03T13:05:37.833255Z
WAF-2766,002765.npy,128x128 -> 256x256,completed,26.11,0.9837,12.5,2026-10-03T13:05:37.833255Z
WAF-2767,002766.npy,128x128 -> 256x256,completed,26.23,0.9843,13.3,2026-10-03T13:05:37.833255Z
WAF-2768,002767.npy,128x128 -> 256x256,completed,26.35,0.9849,14.1,2026-10-03T13:05:37.833255Z
WAF-2769,002768.npy,128x128 -> 256x256,completed,26.47,0.9855,14.9,2026-10-03T13:05:37.833255Z
WAF-2770,002769.npy,128x128 -> 256x256,completed,26.59,0.9861,15.7,2026-10-03T13:05:37.833255Z
WAF-2771,002770.npy,128x128 -> 256x256,completed,26.71,0.9867,16.5,2026-10-03T13:05:37.833255Z
WAF-2772,002771.npy,128x128 -> 256x256,completed,26.83,0.9873,17.3,2026-10-03T13:05:37.833255Z
WAF-2773,002772.npy,128x128 -> 256x256,completed,29.09,0.9129,12.5,2026-10-03T13:05:37.833255Z
WAF-2774,002773.npy,128x128 -> 256x256,completed,25.75,0.9843,13.3,2026-10-03T13:05:37.833255Z
WAF-2775,002774.npy,128x128 -> 256x256,completed,25.87,0.9849,14.1,2026-10-03T13:05:37.834991Z
WAF-2776,002775.npy,128x128 -> 256x256,completed,25.99,0.9855,14.9,2026-10-03T13:05:37.834991Z
WAF-2777,002776.npy,128x128 -> 256x256,completed,26.11,0.9861,15.7,2026-10-03T13:05:37.834991Z
WAF-2778,002777.npy,128x128 -> 256x256,completed,26.23,0.9867,16.5,2026-10-03T13:05:37.834991Z
WAF-2779,002778.npy,128x128 -> 256x256,completed,26.35,0.9873,17.3,2026-10-03T13:05:37.834991Z
WAF-2780,002779.npy,128x128 -> 256x256,completed,26.47,0.9837,12.5,2026-10-03T13:05:37.834991Z
WAF-2781,002780.npy,128x128 -> 256x256,completed,26.59,0.9843,13.3,2026-10-03T13:05:37.834991Z
WAF-2782,002781.npy,128x128 -> 256x256,completed,26.71,0.9849,14.1,2026-10-03T13:05:37.834991Z
WAF-2783,002782.npy,128x128 -> 256x256,completed,26.83,0.9855,14.9,2026-10-03T13:05:37.834991Z
WAF-2784,002783.npy,128x128 -> 256x256,completed,25.63,0.9861,15.7,2026-10-03T13:05:37.834991Z
WAF-2785,002784.npy,128x128 -> 256x256,completed,25.75,0.9867,16.5,2026-10-03T13:05:37.834991Z
WAF-2786,002785.npy,128x128 -> 256x256,completed,26.16,0.807,17.3,2026-10-03T13:05:37.834991Z
WAF-2787,002786.npy,128x128 -> 256x256,completed,25.99,0.9837,12.5,2026-10-03T13:05:37.834991Z
WAF-2788,002787.npy,128x128 -> 256x256,completed,26.11,0.9843,13.3,2026-10-03T13:05:37.834991Z
WAF-2789,002788.npy,128x128 -> 256x256,completed,26.23,0.9849,14.1,2026-10-03T13:05:37.834991Z
WAF-2790,002789.npy,128x128 -> 256x256,completed,26.35,0.9855,14.9,2026-10-03T13:05:37.834991Z
WAF-2791,002790.npy,128x128 -> 256x256,completed,26.47,0.9861,15.7,2026-10-03T13:05:37.838803Z
WAF-2792,002791.npy,128x128 -> 256x256,completed,26.59,0.9867,16.5,2026-10-03T13:05:37.838803Z
WAF-2793,002792.npy,128x128 -> 256x256,completed,26.71,0.9873,17.3,2026-10-03T13:05:37.838803Z
WAF-2794,002793.npy,128x128 -> 256x256,completed,26.83,0.9837,12.5,2026-10-03T13:05:37.838803Z
WAF-2795,002794.npy,128x128 -> 256x256,completed,34.78,0.9102,13.3,2026-10-03T13:05:37.838803Z
WAF-2796,002795.npy,128x128 -> 256x256,completed,25.75,0.9849,14.1,2026-10-03T13:05:37.838803Z
WAF-2797,002796.npy,128x128 -> 256x256,completed,25.87,0.9855,14.9,2026-10-03T13:05:37.838803Z
WAF-2798,002797.npy,128x128 -> 256x256,completed,25.99,0.9861,15.7,2026-10-03T13:05:37.838803Z
WAF-2799,002798.npy,128x128 -> 256x256,completed,26.11,0.9867,16.5,2026-10-03T13:05:37.838803Z
WAF-2800,002799.npy,128x128 -> 256x256,completed,26.23,0.9873,17.3,2026-10-03T13:05:37.840823Z
WAF-2801,002800.npy,128x128 -> 256x256,completed,26.35,0.9837,12.5,2026-10-03T13:05:37.840823Z
WAF-2802,002801.npy,128x128 -> 256x256,completed,26.47,0.9843,13.3,2026-10-03T13:05:37.840823Z
WAF-2803,002802.npy,128x128 -> 256x256,completed,26.59,0.9849,14.1,2026-10-03T13:05:37.840823Z
WAF-2804,002803.npy,128x128 -> 256x256,completed,26.71,0.9855,14.9,2026-10-03T13:05:37.840823Z
WAF-2805,002804.npy,128x128 -> 256x256,completed,26.83,0.9861,15.7,2026-10-03T13:05:37.840823Z
WAF-2806,002805.npy,128x128 -> 256x256,completed,25.63,0.9867,16.5,2026-10-03T13:05:37.840823Z
WAF-2807,002806.npy,128x128 -> 256x256,completed,25.75,0.9873,17.3,2026-10-03T13:05:37.840823Z
WAF-2808,002807.npy,128x128 -> 256x256,completed,25.87,0.9837,12.5,2026-10-03T13:05:37.840823Z
WAF-2809,002808.npy,128x128 -> 256x256,completed,25.99,0.9843,13.3,2026-10-03T13:05:37.840823Z
WAF-2810,002809.npy,128x128 -> 256x256,completed,26.11,0.9849,14.1,2026-10-03T13:05:37.840823Z
WAF-2811,002810.npy,128x128 -> 256x256,completed,26.23,0.9855,14.9,2026-10-03T13:05:37.842832Z
WAF-2812,002811.npy,128x128 -> 256x256,completed,26.35,0.9861,15.7,2026-10-03T13:05:37.842832Z
WAF-2813,002812.npy,128x128 -> 256x256,completed,26.47,0.9867,16.5,2026-10-03T13:05:37.842832Z
WAF-2814,002813.npy,128x128 -> 256x256,completed,26.59,0.9873,17.3,2026-10-03T13:05:37.842832Z
WAF-2815,002814.npy,128x128 -> 256x256,completed,26.71,0.9837,12.5,2026-10-03T13:05:37.842832Z
WAF-2816,002815.npy,128x128 -> 256x256,completed,26.83,0.9843,13.3,2026-10-03T13:05:37.842832Z
WAF-2817,002816.npy,128x128 -> 256x256,completed,25.63,0.9849,14.1,2026-10-03T13:05:37.844862Z
WAF-2818,002817.npy,128x128 -> 256x256,completed,25.75,0.9855,14.9,2026-10-03T13:05:37.844862Z
WAF-2819,002818.npy,128x128 -> 256x256,completed,25.87,0.9861,15.7,2026-10-03T13:05:37.844862Z
WAF-2820,002819.npy,128x128 -> 256x256,completed,25.99,0.9867,16.5,2026-10-03T13:05:37.844862Z
WAF-2821,002820.npy,128x128 -> 256x256,completed,26.11,0.9873,17.3,2026-10-03T13:05:37.844862Z
WAF-2822,002821.npy,128x128 -> 256x256,completed,26.11,0.6566,12.5,2026-10-03T13:05:37.844862Z
WAF-2823,002822.npy,128x128 -> 256x256,completed,26.35,0.9843,13.3,2026-10-03T13:05:37.844862Z
WAF-2824,002823.npy,128x128 -> 256x256,completed,25.48,0.6534,14.1,2026-10-03T13:05:37.844862Z
WAF-2825,002824.npy,128x128 -> 256x256,completed,26.59,0.9855,14.9,2026-10-03T13:05:37.844862Z
WAF-2826,002825.npy,128x128 -> 256x256,completed,26.71,0.9861,15.7,2026-10-03T13:05:37.844862Z
WAF-2827,002826.npy,128x128 -> 256x256,completed,26.83,0.9867,16.5,2026-10-03T13:05:37.844862Z
WAF-2828,002827.npy,128x128 -> 256x256,completed,25.63,0.9873,17.3,2026-10-03T13:05:37.844862Z
WAF-2829,002828.npy,128x128 -> 256x256,completed,25.75,0.9837,12.5,2026-10-03T13:05:37.847568Z
WAF-2830,002829.npy,128x128 -> 256x256,completed,25.87,0.9843,13.3,2026-10-03T13:05:37.847568Z
WAF-2831,002830.npy,128x128 -> 256x256,completed,25.99,0.9849,14.1,2026-10-03T13:05:37.847568Z
WAF-2832,002831.npy,128x128 -> 256x256,completed,26.11,0.9855,14.9,2026-10-03T13:05:37.847568Z
WAF-2833,002832.npy,128x128 -> 256x256,completed,26.23,0.9861,15.7,2026-10-03T13:05:37.847568Z
WAF-2834,002833.npy,128x128 -> 256x256,completed,25.6,0.8627,16.5,2026-10-03T13:05:37.847568Z
WAF-2835,002834.npy,128x128 -> 256x256,completed,26.47,0.9873,17.3,2026-10-03T13:05:37.847568Z
WAF-2836,002835.npy,128x128 -> 256x256,completed,26.59,0.9837,12.5,2026-10-03T13:05:37.847568Z
WAF-2837,002836.npy,128x128 -> 256x256,completed,26.71,0.9843,13.3,2026-10-03T13:05:37.847568Z
WAF-2838,002837.npy,128x128 -> 256x256,completed,26.83,0.9849,14.1,2026-10-03T13:05:37.847568Z
WAF-2839,002838.npy,128x128 -> 256x256,completed,25.63,0.9855,14.9,2026-10-03T13:05:37.847568Z
WAF-2840,002839.npy,128x128 -> 256x256,completed,25.75,0.9861,15.7,2026-10-03T13:05:37.847568Z
WAF-2841,002840.npy,128x128 -> 256x256,completed,25.87,0.9867,16.5,2026-10-03T13:05:37.847568Z
WAF-2842,002841.npy,128x128 -> 256x256,completed,25.99,0.9873,17.3,2026-10-03T13:05:37.847568Z
WAF-2843,002842.npy,128x128 -> 256x256,completed,26.11,0.9837,12.5,2026-10-03T13:05:37.850618Z
WAF-2844,002843.npy,128x128 -> 256x256,completed,26.23,0.9843,13.3,2026-10-03T13:05:37.850618Z
WAF-2845,002844.npy,128x128 -> 256x256,completed,26.35,0.9849,14.1,2026-10-03T13:05:37.850618Z
WAF-2846,002845.npy,128x128 -> 256x256,completed,26.47,0.9855,14.9,2026-10-03T13:05:37.850618Z
WAF-2847,002846.npy,128x128 -> 256x256,completed,28.62,0.7574,15.7,2026-10-03T13:05:37.850618Z
WAF-2848,002847.npy,128x128 -> 256x256,completed,26.71,0.9867,16.5,2026-10-03T13:05:37.850618Z
WAF-2849,002848.npy,128x128 -> 256x256,completed,26.83,0.9873,17.3,2026-10-03T13:05:37.850618Z
WAF-2850,002849.npy,128x128 -> 256x256,completed,25.63,0.9837,12.5,2026-10-03T13:05:37.850618Z
WAF-2851,002850.npy,128x128 -> 256x256,completed,25.75,0.9843,13.3,2026-10-03T13:05:37.850618Z
WAF-2852,002851.npy,128x128 -> 256x256,completed,25.87,0.9849,14.1,2026-10-03T13:05:37.850618Z
WAF-2853,002852.npy,128x128 -> 256x256,completed,25.99,0.9855,14.9,2026-10-03T13:05:37.852627Z
WAF-2854,002853.npy,128x128 -> 256x256,completed,26.11,0.9861,15.7,2026-10-03T13:05:37.852627Z
WAF-2855,002854.npy,128x128 -> 256x256,completed,26.23,0.9867,16.5,2026-10-03T13:05:37.852627Z
WAF-2856,002855.npy,128x128 -> 256x256,completed,26.35,0.9873,17.3,2026-10-03T13:05:37.852627Z
WAF-2857,002856.npy,128x128 -> 256x256,completed,26.47,0.9837,12.5,2026-10-03T13:05:37.852627Z
WAF-2858,002857.npy,128x128 -> 256x256,completed,26.59,0.9843,13.3,2026-10-03T13:05:37.852627Z
WAF-2859,002858.npy,128x128 -> 256x256,completed,26.71,0.9849,14.1,2026-10-03T13:05:37.852627Z
WAF-2860,002859.npy,128x128 -> 256x256,completed,26.83,0.9855,14.9,2026-10-03T13:05:37.854638Z
WAF-2861,002860.npy,128x128 -> 256x256,completed,25.63,0.9861,15.7,2026-10-03T13:05:37.854638Z
WAF-2862,002861.npy,128x128 -> 256x256,completed,25.75,0.9867,16.5,2026-10-03T13:05:37.854638Z
WAF-2863,002862.npy,128x128 -> 256x256,completed,25.87,0.9873,17.3,2026-10-03T13:05:37.854638Z
WAF-2864,002863.npy,128x128 -> 256x256,completed,25.99,0.9837,12.5,2026-10-03T13:05:37.854638Z
WAF-2865,002864.npy,128x128 -> 256x256,completed,26.11,0.9843,13.3,2026-10-03T13:05:37.856649Z
WAF-2866,002865.npy,128x128 -> 256x256,completed,26.23,0.9849,14.1,2026-10-03T13:05:37.858661Z
WAF-2867,002866.npy,128x128 -> 256x256,completed,26.35,0.9855,14.9,2026-10-03T13:05:37.858661Z
WAF-2868,002867.npy,128x128 -> 256x256,completed,26.47,0.9861,15.7,2026-10-03T13:05:37.858661Z
WAF-2869,002868.npy,128x128 -> 256x256,completed,26.61,0.7528,16.5,2026-10-03T13:05:37.858661Z
WAF-2870,002869.npy,128x128 -> 256x256,completed,34.56,0.837,17.3,2026-10-03T13:05:37.858661Z
WAF-2871,002870.npy,128x128 -> 256x256,completed,26.83,0.9837,12.5,2026-10-03T13:05:37.862684Z
WAF-2872,002871.npy,128x128 -> 256x256,completed,25.63,0.9843,13.3,2026-10-03T13:05:37.862684Z
WAF-2873,002872.npy,128x128 -> 256x256,completed,25.75,0.9849,14.1,2026-10-03T13:05:37.862684Z
WAF-2874,002873.npy,128x128 -> 256x256,completed,25.87,0.9855,14.9,2026-10-03T13:05:37.862684Z
WAF-2875,002874.npy,128x128 -> 256x256,completed,25.99,0.9861,15.7,2026-10-03T13:05:37.862684Z
WAF-2876,002875.npy,128x128 -> 256x256,completed,32.43,0.8479,16.5,2026-10-03T13:05:37.864691Z
WAF-2877,002876.npy,128x128 -> 256x256,completed,26.23,0.9873,17.3,2026-10-03T13:05:37.864691Z
WAF-2878,002877.npy,128x128 -> 256x256,completed,26.35,0.9837,12.5,2026-10-03T13:05:37.864691Z
WAF-2879,002878.npy,128x128 -> 256x256,completed,26.47,0.9843,13.3,2026-10-03T13:05:37.864691Z
WAF-2880,002879.npy,128x128 -> 256x256,completed,26.59,0.9849,14.1,2026-10-03T13:05:37.864691Z
WAF-2881,002880.npy,128x128 -> 256x256,completed,26.71,0.9855,14.9,2026-10-03T13:05:37.864691Z
WAF-2882,002881.npy,128x128 -> 256x256,completed,26.83,0.9861,15.7,2026-10-03T13:05:37.864691Z
WAF-2883,002882.npy,128x128 -> 256x256,completed,25.63,0.9867,16.5,2026-10-03T13:05:37.864691Z
WAF-2884,002883.npy,128x128 -> 256x256,completed,25.75,0.9873,17.3,2026-10-03T13:05:37.864691Z
WAF-2885,002884.npy,128x128 -> 256x256,completed,25.87,0.9837,12.5,2026-10-03T13:05:37.864691Z
WAF-2886,002885.npy,128x128 -> 256x256,completed,25.99,0.9843,13.3,2026-10-03T13:05:37.864691Z
WAF-2887,002886.npy,128x128 -> 256x256,completed,26.11,0.9849,14.1,2026-10-03T13:05:37.864691Z
WAF-2888,002887.npy,128x128 -> 256x256,completed,26.23,0.9855,14.9,2026-10-03T13:05:37.866701Z
WAF-2889,002888.npy,128x128 -> 256x256,completed,26.35,0.9861,15.7,2026-10-03T13:05:37.866701Z
WAF-2890,002889.npy,128x128 -> 256x256,completed,26.47,0.9867,16.5,2026-10-03T13:05:37.866701Z
WAF-2891,002890.npy,128x128 -> 256x256,completed,26.59,0.9873,17.3,2026-10-03T13:05:37.866701Z
WAF-2892,002891.npy,128x128 -> 256x256,completed,26.71,0.9837,12.5,2026-10-03T13:05:37.866701Z
WAF-2893,002892.npy,128x128 -> 256x256,completed,26.83,0.9843,13.3,2026-10-03T13:05:37.866701Z
WAF-2894,002893.npy,128x128 -> 256x256,completed,25.63,0.9849,14.1,2026-10-03T13:05:37.866701Z
WAF-2895,002894.npy,128x128 -> 256x256,completed,25.75,0.9855,14.9,2026-10-03T13:05:37.866701Z
WAF-2896,002895.npy,128x128 -> 256x256,completed,25.87,0.9861,15.7,2026-10-03T13:05:37.866701Z
WAF-2897,002896.npy,128x128 -> 256x256,completed,25.99,0.9867,16.5,2026-10-03T13:05:37.866701Z
WAF-2898,002897.npy,128x128 -> 256x256,completed,26.11,0.9873,17.3,2026-10-03T13:05:37.866701Z
WAF-2899,002898.npy,128x128 -> 256x256,completed,26.23,0.9837,12.5,2026-10-03T13:05:37.866701Z
WAF-2900,002899.npy,128x128 -> 256x256,completed,26.35,0.9843,13.3,2026-10-03T13:05:37.868714Z
WAF-2901,002900.npy,128x128 -> 256x256,completed,26.47,0.9849,14.1,2026-10-03T13:05:37.868714Z
WAF-2902,002901.npy,128x128 -> 256x256,completed,23.25,0.9051,14.9,2026-10-03T13:05:37.868714Z
WAF-2903,002902.npy,128x128 -> 256x256,completed,26.71,0.9861,15.7,2026-10-03T13:05:37.868714Z
WAF-2904,002903.npy,128x128 -> 256x256,completed,26.83,0.9867,16.5,2026-10-03T13:05:37.868714Z
WAF-2905,002904.npy,128x128 -> 256x256,completed,25.63,0.9873,17.3,2026-10-03T13:05:37.868714Z
WAF-2906,002905.npy,128x128 -> 256x256,completed,25.75,0.9837,12.5,2026-10-03T13:05:37.868714Z
WAF-2907,002906.npy,128x128 -> 256x256,completed,25.87,0.9843,13.3,2026-10-03T13:05:37.868714Z
WAF-2908,002907.npy,128x128 -> 256x256,completed,25.99,0.9849,14.1,2026-10-03T13:05:37.868714Z
WAF-2909,002908.npy,128x128 -> 256x256,completed,26.11,0.9855,14.9,2026-10-03T13:05:37.868714Z
WAF-2910,002909.npy,128x128 -> 256x256,completed,26.23,0.9861,15.7,2026-10-03T13:05:37.870727Z
WAF-2911,002910.npy,128x128 -> 256x256,completed,26.35,0.9867,16.5,2026-10-03T13:05:37.870727Z
WAF-2912,002911.npy,128x128 -> 256x256,completed,30.1,0.6972,17.3,2026-10-03T13:05:37.870727Z
WAF-2913,002912.npy,128x128 -> 256x256,completed,26.59,0.9837,12.5,2026-10-03T13:05:37.870727Z
WAF-2914,002913.npy,128x128 -> 256x256,completed,26.71,0.9843,13.3,2026-10-03T13:05:37.870727Z
WAF-2915,002914.npy,128x128 -> 256x256,completed,38.93,0.9376,14.1,2026-10-03T13:05:37.870727Z
WAF-2916,002915.npy,128x128 -> 256x256,completed,25.63,0.9855,14.9,2026-10-03T13:05:37.870727Z
WAF-2917,002916.npy,128x128 -> 256x256,completed,25.75,0.9861,15.7,2026-10-03T13:05:37.870727Z
WAF-2918,002917.npy,128x128 -> 256x256,completed,25.87,0.9867,16.5,2026-10-03T13:05:37.870727Z
WAF-2919,002918.npy,128x128 -> 256x256,completed,25.99,0.9873,17.3,2026-10-03T13:05:37.872739Z
WAF-2920,002919.npy,128x128 -> 256x256,completed,26.11,0.9837,12.5,2026-10-03T13:05:37.872739Z
WAF-2921,002920.npy,128x128 -> 256x256,completed,26.23,0.9843,13.3,2026-10-03T13:05:37.872739Z
WAF-2922,002921.npy,128x128 -> 256x256,completed,26.35,0.9849,14.1,2026-10-03T13:05:37.872739Z
WAF-2923,002922.npy,128x128 -> 256x256,completed,26.47,0.9855,14.9,2026-10-03T13:05:37.872739Z
WAF-2924,002923.npy,128x128 -> 256x256,completed,26.59,0.9861,15.7,2026-10-03T13:05:37.872739Z
WAF-2925,002924.npy,128x128 -> 256x256,completed,26.71,0.9867,16.5,2026-10-03T13:05:37.872739Z
WAF-2926,002925.npy,128x128 -> 256x256,completed,26.83,0.9873,17.3,2026-10-03T13:05:37.872739Z
WAF-2927,002926.npy,128x128 -> 256x256,completed,25.63,0.9837,12.5,2026-10-03T13:05:37.872739Z
WAF-2928,002927.npy,128x128 -> 256x256,completed,25.75,0.9843,13.3,2026-10-03T13:05:37.872739Z
WAF-2929,002928.npy,128x128 -> 256x256,completed,25.87,0.9849,14.1,2026-10-03T13:05:37.872739Z
WAF-2930,002929.npy,128x128 -> 256x256,completed,25.99,0.9855,14.9,2026-10-03T13:05:37.874747Z
WAF-2931,002930.npy,128x128 -> 256x256,completed,26.11,0.9861,15.7,2026-10-03T13:05:37.874747Z
WAF-2932,002931.npy,128x128 -> 256x256,completed,26.23,0.9867,16.5,2026-10-03T13:05:37.874747Z
WAF-2933,002932.npy,128x128 -> 256x256,completed,26.35,0.9873,17.3,2026-10-03T13:05:37.874747Z
WAF-2934,002933.npy,128x128 -> 256x256,completed,26.47,0.9837,12.5,2026-10-03T13:05:37.874747Z
WAF-2935,002934.npy,128x128 -> 256x256,completed,26.59,0.9843,13.3,2026-10-03T13:05:37.874747Z
WAF-2936,002935.npy,128x128 -> 256x256,completed,26.71,0.9849,14.1,2026-10-03T13:05:37.874747Z
WAF-2937,002936.npy,128x128 -> 256x256,completed,26.83,0.9855,14.9,2026-10-03T13:05:37.874747Z
WAF-2938,002937.npy,128x128 -> 256x256,completed,25.63,0.9861,15.7,2026-10-03T13:05:37.874747Z
WAF-2939,002938.npy,128x128 -> 256x256,completed,25.75,0.9867,16.5,2026-10-03T13:05:37.874747Z
WAF-2940,002939.npy,128x128 -> 256x256,completed,25.87,0.9873,17.3,2026-10-03T13:05:37.874747Z
WAF-2941,002940.npy,128x128 -> 256x256,completed,25.99,0.9837,12.5,2026-10-03T13:05:37.874747Z
WAF-2942,002941.npy,128x128 -> 256x256,completed,26.11,0.9843,13.3,2026-10-03T13:05:37.874747Z
WAF-2943,002942.npy,128x128 -> 256x256,completed,26.23,0.9849,14.1,2026-10-03T13:05:37.874747Z
WAF-2944,002943.npy,128x128 -> 256x256,completed,26.35,0.9855,14.9,2026-10-03T13:05:37.874747Z
WAF-2945,002944.npy,128x128 -> 256x256,completed,26.47,0.9861,15.7,2026-10-03T13:05:37.874747Z
WAF-2946,002945.npy,128x128 -> 256x256,completed,26.59,0.9867,16.5,2026-10-03T13:05:37.874747Z
WAF-2947,002946.npy,128x128 -> 256x256,completed,26.71,0.9873,17.3,2026-10-03T13:05:37.874747Z
WAF-2948,002947.npy,128x128 -> 256x256,completed,26.83,0.9837,12.5,2026-10-03T13:05:37.874747Z
WAF-2949,002948.npy,128x128 -> 256x256,completed,25.63,0.9843,13.3,2026-10-03T13:05:37.874747Z
WAF-2950,002949.npy,128x128 -> 256x256,completed,25.75,0.9849,14.1,2026-10-03T13:05:37.874747Z
WAF-2951,002950.npy,128x128 -> 256x256,completed,25.87,0.9855,14.9,2026-10-03T13:05:37.874747Z
WAF-2952,002951.npy,128x128 -> 256x256,completed,25.99,0.9861,15.7,2026-10-03T13:05:37.874747Z
WAF-2953,002952.npy,128x128 -> 256x256,completed,26.11,0.9867,16.5,2026-10-03T13:05:37.874747Z
WAF-2954,002953.npy,128x128 -> 256x256,completed,32.21,0.9374,17.3,2026-10-03T13:05:37.874747Z
WAF-2955,002954.npy,128x128 -> 256x256,completed,26.35,0.9837,12.5,2026-10-03T13:05:37.874747Z
WAF-2956,002955.npy,128x128 -> 256x256,completed,26.47,0.9843,13.3,2026-10-03T13:05:37.874747Z
WAF-2957,002956.npy,128x128 -> 256x256,completed,26.59,0.9849,14.1,2026-10-03T13:05:37.874747Z
WAF-2958,002957.npy,128x128 -> 256x256,completed,26.71,0.9855,14.9,2026-10-03T13:05:37.874747Z
WAF-2959,002958.npy,128x128 -> 256x256,completed,26.83,0.9861,15.7,2026-10-03T13:05:37.882764Z
WAF-2960,002959.npy,128x128 -> 256x256,completed,25.63,0.9867,16.5,2026-10-03T13:05:37.882764Z
WAF-2961,002960.npy,128x128 -> 256x256,completed,25.75,0.9873,17.3,2026-10-03T13:05:37.883207Z
WAF-2962,002961.npy,128x128 -> 256x256,completed,25.87,0.9837,12.5,2026-10-03T13:05:37.883207Z
WAF-2963,002962.npy,128x128 -> 256x256,completed,25.99,0.9843,13.3,2026-10-03T13:05:37.883207Z
WAF-2964,002963.npy,128x128 -> 256x256,completed,26.11,0.9849,14.1,2026-10-03T13:05:37.883207Z
WAF-2965,002964.npy,128x128 -> 256x256,completed,26.23,0.9855,14.9,2026-10-03T13:05:37.883207Z
WAF-2966,002965.npy,128x128 -> 256x256,completed,26.35,0.9861,15.7,2026-10-03T13:05:37.883207Z
WAF-2967,002966.npy,128x128 -> 256x256,completed,26.47,0.9867,16.5,2026-10-03T13:05:37.883207Z
WAF-2968,002967.npy,128x128 -> 256x256,completed,26.59,0.9873,17.3,2026-10-03T13:05:37.883207Z
WAF-2969,002968.npy,128x128 -> 256x256,completed,26.71,0.9837,12.5,2026-10-03T13:05:37.885644Z
WAF-2970,002969.npy,128x128 -> 256x256,completed,26.83,0.9843,13.3,2026-10-03T13:05:37.885644Z
WAF-2971,002970.npy,128x128 -> 256x256,completed,25.63,0.9849,14.1,2026-10-03T13:05:37.885644Z
WAF-2972,002971.npy,128x128 -> 256x256,completed,25.75,0.9855,14.9,2026-10-03T13:05:37.885644Z
WAF-2973,002972.npy,128x128 -> 256x256,completed,25.87,0.9861,15.7,2026-10-03T13:05:37.885644Z
WAF-2974,002973.npy,128x128 -> 256x256,completed,10.84,0.3358,16.5,2026-10-03T13:05:37.885644Z
WAF-2975,002974.npy,128x128 -> 256x256,completed,26.11,0.9873,17.3,2026-10-03T13:05:37.885644Z
WAF-2976,002975.npy,128x128 -> 256x256,completed,26.23,0.9837,12.5,2026-10-03T13:05:37.887654Z
WAF-2977,002976.npy,128x128 -> 256x256,completed,26.35,0.9843,13.3,2026-10-03T13:05:37.887654Z
WAF-2978,002977.npy,128x128 -> 256x256,completed,28.61,0.7182,14.1,2026-10-03T13:05:37.887654Z
WAF-2979,002978.npy,128x128 -> 256x256,completed,26.59,0.9855,14.9,2026-10-03T13:05:37.887654Z
WAF-2980,002979.npy,128x128 -> 256x256,completed,26.71,0.9861,15.7,2026-10-03T13:05:37.887654Z
WAF-2981,002980.npy,128x128 -> 256x256,completed,26.83,0.9867,16.5,2026-10-03T13:05:37.887654Z
WAF-2982,002981.npy,128x128 -> 256x256,completed,25.63,0.9873,17.3,2026-10-03T13:05:37.887654Z
WAF-2983,002982.npy,128x128 -> 256x256,completed,25.75,0.9837,12.5,2026-10-03T13:05:37.889664Z
WAF-2984,002983.npy,128x128 -> 256x256,completed,25.87,0.9843,13.3,2026-10-03T13:05:37.889664Z
WAF-2985,002984.npy,128x128 -> 256x256,completed,25.99,0.9849,14.1,2026-10-03T13:05:37.889664Z
WAF-2986,002985.npy,128x128 -> 256x256,completed,26.11,0.9855,14.9,2026-10-03T13:05:37.889664Z
WAF-2987,002986.npy,128x128 -> 256x256,completed,26.23,0.9861,15.7,2026-10-03T13:05:37.889664Z
WAF-2988,002987.npy,128x128 -> 256x256,completed,26.35,0.9867,16.5,2026-10-03T13:05:37.891172Z
WAF-2989,002988.npy,128x128 -> 256x256,completed,26.47,0.9873,17.3,2026-10-03T13:05:37.891172Z
WAF-2990,002989.npy,128x128 -> 256x256,completed,27.51,0.6023,12.5,2026-10-03T13:05:37.893180Z
WAF-2991,002990.npy,128x128 -> 256x256,completed,26.71,0.9843,13.3,2026-10-03T13:05:37.893180Z
WAF-2992,002991.npy,128x128 -> 256x256,completed,26.83,0.9849,14.1,2026-10-03T13:05:37.893180Z
WAF-2993,002992.npy,128x128 -> 256x256,completed,25.63,0.9855,14.9,2026-10-03T13:05:37.893180Z
WAF-2994,002993.npy,128x128 -> 256x256,completed,25.75,0.9861,15.7,2026-10-03T13:05:37.895190Z
WAF-2995,002994.npy,128x128 -> 256x256,completed,25.87,0.9867,16.5,2026-10-03T13:05:37.895190Z
WAF-2996,002995.npy,128x128 -> 256x256,completed,25.99,0.9873,17.3,2026-10-03T13:05:37.895190Z
WAF-2997,002996.npy,128x128 -> 256x256,completed,26.11,0.9837,12.5,2026-10-03T13:05:37.895190Z
WAF-2998,002997.npy,128x128 -> 256x256,completed,26.23,0.9843,13.3,2026-10-03T13:05:37.895190Z
WAF-2999,002998.npy,128x128 -> 256x256,completed,26.35,0.9849,14.1,2026-10-03T13:05:37.895190Z
WAF-3000,002999.npy,128x128 -> 256x256,completed,26.47,0.9855,14.9,2026-10-03T13:05:37.895190Z
WAF-3001,003000.npy,128x128 -> 256x256,completed,26.59,0.9861,15.7,2026-10-03T13:05:37.897200Z
WAF-3002,003001.npy,128x128 -> 256x256,completed,26.71,0.9867,16.5,2026-10-03T13:05:37.897200Z
WAF-3003,003002.npy,128x128 -> 256x256,completed,26.83,0.9873,17.3,2026-10-03T13:05:37.897200Z
WAF-3004,003003.npy,128x128 -> 256x256,completed,25.63,0.9837,12.5,2026-10-03T13:05:37.899210Z
WAF-3005,003004.npy,128x128 -> 256x256,completed,25.75,0.9843,13.3,2026-10-03T13:05:37.899210Z
WAF-3006,003005.npy,128x128 -> 256x256,completed,25.87,0.9849,14.1,2026-10-03T13:05:37.899210Z
WAF-3007,003006.npy,128x128 -> 256x256,completed,24.21,0.7994,14.9,2026-10-03T13:05:37.901220Z
WAF-3008,003007.npy,128x128 -> 256x256,completed,26.11,0.9861,15.7,2026-10-03T13:05:37.901220Z
WAF-3009,003008.npy,128x128 -> 256x256,completed,26.23,0.9867,16.5,2026-10-03T13:05:37.901220Z
WAF-3010,003009.npy,128x128 -> 256x256,completed,26.35,0.9873,17.3,2026-10-03T13:05:37.901220Z
WAF-3011,003010.npy,128x128 -> 256x256,completed,26.47,0.9837,12.5,2026-10-03T13:05:37.903229Z
WAF-3012,003011.npy,128x128 -> 256x256,completed,26.59,0.9843,13.3,2026-10-03T13:05:37.903229Z
WAF-3013,003012.npy,128x128 -> 256x256,completed,22.68,0.6239,14.1,2026-10-03T13:05:37.903229Z
WAF-3014,003013.npy,128x128 -> 256x256,completed,26.83,0.9855,14.9,2026-10-03T13:05:37.903229Z
WAF-3015,003014.npy,128x128 -> 256x256,completed,25.63,0.9861,15.7,2026-10-03T13:05:37.903229Z
WAF-3016,003015.npy,128x128 -> 256x256,completed,25.75,0.9867,16.5,2026-10-03T13:05:37.903229Z
WAF-3017,003016.npy,128x128 -> 256x256,completed,25.87,0.9873,17.3,2026-10-03T13:05:37.903229Z
WAF-3018,003017.npy,128x128 -> 256x256,completed,25.99,0.9837,12.5,2026-10-03T13:05:37.903229Z
WAF-3019,003018.npy,128x128 -> 256x256,completed,26.11,0.9843,13.3,2026-10-03T13:05:37.905239Z
WAF-3020,003019.npy,128x128 -> 256x256,completed,26.23,0.9849,14.1,2026-10-03T13:05:37.905239Z
WAF-3021,003020.npy,128x128 -> 256x256,completed,26.35,0.9855,14.9,2026-10-03T13:05:37.905239Z
WAF-3022,003021.npy,128x128 -> 256x256,completed,26.47,0.9861,15.7,2026-10-03T13:05:37.905239Z
WAF-3023,003022.npy,128x128 -> 256x256,completed,26.59,0.9867,16.5,2026-10-03T13:05:37.905239Z
WAF-3024,003023.npy,128x128 -> 256x256,completed,26.71,0.9873,17.3,2026-10-03T13:05:37.905239Z
WAF-3025,003024.npy,128x128 -> 256x256,completed,26.83,0.9837,12.5,2026-10-03T13:05:37.905239Z
WAF-3026,003025.npy,128x128 -> 256x256,completed,30.19,0.6419,13.3,2026-10-03T13:05:37.907506Z
WAF-3027,003026.npy,128x128 -> 256x256,completed,25.75,0.9849,14.1,2026-10-03T13:05:37.907506Z
WAF-3028,003027.npy,128x128 -> 256x256,completed,25.87,0.9855,14.9,2026-10-03T13:05:37.907506Z
WAF-3029,003028.npy,128x128 -> 256x256,completed,25.99,0.9861,15.7,2026-10-03T13:05:37.907506Z
WAF-3030,003029.npy,128x128 -> 256x256,completed,26.11,0.9867,16.5,2026-10-03T13:05:37.907506Z
WAF-3031,003030.npy,128x128 -> 256x256,completed,26.23,0.9873,17.3,2026-10-03T13:05:37.909514Z
WAF-3032,003031.npy,128x128 -> 256x256,completed,24.16,0.804,12.5,2026-10-03T13:05:37.911524Z
WAF-3033,003032.npy,128x128 -> 256x256,completed,26.47,0.9843,13.3,2026-10-03T13:05:37.911524Z
WAF-3034,003033.npy,128x128 -> 256x256,completed,26.59,0.9849,14.1,2026-10-03T13:05:37.911524Z
WAF-3035,003034.npy,128x128 -> 256x256,completed,26.71,0.9855,14.9,2026-10-03T13:05:37.911524Z
WAF-3036,003035.npy,128x128 -> 256x256,completed,26.83,0.9861,15.7,2026-10-03T13:05:37.911524Z
WAF-3037,003036.npy,128x128 -> 256x256,completed,25.63,0.9867,16.5,2026-10-03T13:05:37.913533Z
WAF-3038,003037.npy,128x128 -> 256x256,completed,25.75,0.9873,17.3,2026-10-03T13:05:37.913533Z
WAF-3039,003038.npy,128x128 -> 256x256,completed,25.87,0.9837,12.5,2026-10-03T13:05:37.913533Z
WAF-3040,003039.npy,128x128 -> 256x256,completed,25.99,0.9843,13.3,2026-10-03T13:05:37.913533Z
WAF-3041,003040.npy,128x128 -> 256x256,completed,26.11,0.9849,14.1,2026-10-03T13:05:37.913533Z
WAF-3042,003041.npy,128x128 -> 256x256,completed,26.23,0.9855,14.9,2026-10-03T13:05:37.913533Z
WAF-3043,003042.npy,128x128 -> 256x256,completed,26.35,0.9861,15.7,2026-10-03T13:05:37.913533Z
WAF-3044,003043.npy,128x128 -> 256x256,completed,26.47,0.9867,16.5,2026-10-03T13:05:37.913533Z
WAF-3045,003044.npy,128x128 -> 256x256,completed,26.59,0.9873,17.3,2026-10-03T13:05:37.915541Z
WAF-3046,003045.npy,128x128 -> 256x256,completed,30.23,0.5711,12.5,2026-10-03T13:05:37.915541Z
WAF-3047,003046.npy,128x128 -> 256x256,completed,26.83,0.9843,13.3,2026-10-03T13:05:37.915541Z
WAF-3048,003047.npy,128x128 -> 256x256,completed,25.63,0.9849,14.1,2026-10-03T13:05:37.915541Z
WAF-3049,003048.npy,128x128 -> 256x256,completed,25.75,0.9855,14.9,2026-10-03T13:05:37.917549Z
WAF-3050,003049.npy,128x128 -> 256x256,completed,25.87,0.9861,15.7,2026-10-03T13:05:37.917549Z
WAF-3051,003050.npy,128x128 -> 256x256,completed,25.99,0.9867,16.5,2026-10-03T13:05:37.918153Z
WAF-3052,003051.npy,128x128 -> 256x256,completed,26.11,0.9873,17.3,2026-10-03T13:05:37.918153Z
WAF-3053,003052.npy,128x128 -> 256x256,completed,27.31,0.8359,12.5,2026-10-03T13:05:37.918153Z
WAF-3054,003053.npy,128x128 -> 256x256,completed,26.35,0.9843,13.3,2026-10-03T13:05:37.918153Z
WAF-3055,003054.npy,128x128 -> 256x256,completed,26.47,0.9849,14.1,2026-10-03T13:05:37.918153Z
WAF-3056,003055.npy,128x128 -> 256x256,completed,26.59,0.9855,14.9,2026-10-03T13:05:37.919633Z
WAF-3057,003056.npy,128x128 -> 256x256,completed,26.71,0.9861,15.7,2026-10-03T13:05:37.919633Z
WAF-3058,003057.npy,128x128 -> 256x256,completed,26.83,0.9867,16.5,2026-10-03T13:05:37.919633Z
WAF-3059,003058.npy,128x128 -> 256x256,completed,25.63,0.9873,17.3,2026-10-03T13:05:37.919633Z
WAF-3060,003059.npy,128x128 -> 256x256,completed,25.75,0.9837,12.5,2026-10-03T13:05:37.919633Z
WAF-3061,003060.npy,128x128 -> 256x256,completed,25.87,0.9843,13.3,2026-10-03T13:05:37.919633Z
WAF-3062,003061.npy,128x128 -> 256x256,completed,25.99,0.9849,14.1,2026-10-03T13:05:37.919633Z
WAF-3063,003062.npy,128x128 -> 256x256,completed,26.11,0.9855,14.9,2026-10-03T13:05:37.921640Z
WAF-3064,003063.npy,128x128 -> 256x256,completed,26.23,0.9861,15.7,2026-10-03T13:05:37.921640Z
WAF-3065,003064.npy,128x128 -> 256x256,completed,26.35,0.9867,16.5,2026-10-03T13:05:37.921640Z
WAF-3066,003065.npy,128x128 -> 256x256,completed,26.47,0.9873,17.3,2026-10-03T13:05:37.921640Z
WAF-3067,003066.npy,128x128 -> 256x256,completed,26.59,0.9837,12.5,2026-10-03T13:05:37.921640Z
WAF-3068,003067.npy,128x128 -> 256x256,completed,26.71,0.9843,13.3,2026-10-03T13:05:37.921640Z
WAF-3069,003068.npy,128x128 -> 256x256,completed,26.83,0.9849,14.1,2026-10-03T13:05:37.923647Z
WAF-3070,003069.npy,128x128 -> 256x256,completed,25.63,0.9855,14.9,2026-10-03T13:05:37.923647Z
WAF-3071,003070.npy,128x128 -> 256x256,completed,25.75,0.9861,15.7,2026-10-03T13:05:37.923647Z
WAF-3072,003071.npy,128x128 -> 256x256,completed,25.87,0.9867,16.5,2026-10-03T13:05:37.923647Z
WAF-3073,003072.npy,128x128 -> 256x256,completed,25.99,0.9873,17.3,2026-10-03T13:05:37.925952Z
WAF-3074,003073.npy,128x128 -> 256x256,completed,26.11,0.9837,12.5,2026-10-03T13:05:37.927779Z
WAF-3075,003074.npy,128x128 -> 256x256,completed,26.23,0.9843,13.3,2026-10-03T13:05:37.927779Z
WAF-3076,003075.npy,128x128 -> 256x256,completed,26.35,0.9849,14.1,2026-10-03T13:05:37.927779Z
WAF-3077,003076.npy,128x128 -> 256x256,completed,26.47,0.9855,14.9,2026-10-03T13:05:37.927779Z
WAF-3078,003077.npy,128x128 -> 256x256,completed,26.59,0.9861,15.7,2026-10-03T13:05:37.927779Z
WAF-3079,003078.npy,128x128 -> 256x256,completed,26.71,0.9867,16.5,2026-10-03T13:05:37.927779Z
WAF-3080,003079.npy,128x128 -> 256x256,completed,26.83,0.9873,17.3,2026-10-03T13:05:37.927779Z
WAF-3081,003080.npy,128x128 -> 256x256,completed,30.42,0.8924,12.5,2026-10-03T13:05:37.929744Z
WAF-3082,003081.npy,128x128 -> 256x256,completed,25.75,0.9843,13.3,2026-10-03T13:05:37.929744Z
WAF-3083,003082.npy,128x128 -> 256x256,completed,25.87,0.9849,14.1,2026-10-03T13:05:37.929744Z
WAF-3084,003083.npy,128x128 -> 256x256,completed,25.99,0.9855,14.9,2026-10-03T13:05:37.929744Z
WAF-3085,003084.npy,128x128 -> 256x256,completed,26.11,0.9861,15.7,2026-10-03T13:05:37.929744Z
WAF-3086,003085.npy,128x128 -> 256x256,completed,26.23,0.9867,16.5,2026-10-03T13:05:37.929744Z
WAF-3087,003086.npy,128x128 -> 256x256,completed,28.26,0.8376,17.3,2026-10-03T13:05:37.929744Z
WAF-3088,003087.npy,128x128 -> 256x256,completed,26.82,0.8117,12.5,2026-10-03T13:05:37.929744Z
WAF-3089,003088.npy,128x128 -> 256x256,completed,26.59,0.9843,13.3,2026-10-03T13:05:37.929744Z
WAF-3090,003089.npy,128x128 -> 256x256,completed,26.71,0.9849,14.1,2026-10-03T13:05:37.929744Z
WAF-3091,003090.npy,128x128 -> 256x256,completed,26.83,0.9855,14.9,2026-10-03T13:05:37.931754Z
WAF-3092,003091.npy,128x128 -> 256x256,completed,25.63,0.9861,15.7,2026-10-03T13:05:37.931754Z
WAF-3093,003092.npy,128x128 -> 256x256,completed,25.75,0.9867,16.5,2026-10-03T13:05:37.931754Z
WAF-3094,003093.npy,128x128 -> 256x256,completed,25.87,0.9873,17.3,2026-10-03T13:05:37.931754Z
WAF-3095,003094.npy,128x128 -> 256x256,completed,25.99,0.9837,12.5,2026-10-03T13:05:37.931754Z
WAF-3096,003095.npy,128x128 -> 256x256,completed,26.11,0.9843,13.3,2026-10-03T13:05:37.931754Z
WAF-3097,003096.npy,128x128 -> 256x256,completed,26.23,0.9849,14.1,2026-10-03T13:05:37.931754Z
WAF-3098,003097.npy,128x128 -> 256x256,completed,26.35,0.9855,14.9,2026-10-03T13:05:37.931754Z
WAF-3099,003098.npy,128x128 -> 256x256,completed,26.47,0.9861,15.7,2026-10-03T13:05:37.931754Z
WAF-3100,003099.npy,128x128 -> 256x256,completed,26.59,0.9867,16.5,2026-10-03T13:05:37.934123Z
WAF-3101,003100.npy,128x128 -> 256x256,completed,26.71,0.9873,17.3,2026-10-03T13:05:37.934123Z
WAF-3102,003101.npy,128x128 -> 256x256,completed,26.83,0.9837,12.5,2026-10-03T13:05:37.934123Z
WAF-3103,003102.npy,128x128 -> 256x256,completed,25.63,0.9843,13.3,2026-10-03T13:05:37.934123Z
WAF-3104,003103.npy,128x128 -> 256x256,completed,25.75,0.9849,14.1,2026-10-03T13:05:37.934123Z
WAF-3105,003104.npy,128x128 -> 256x256,completed,25.87,0.9855,14.9,2026-10-03T13:05:37.934123Z
WAF-3106,003105.npy,128x128 -> 256x256,completed,25.99,0.9861,15.7,2026-10-03T13:05:37.934123Z
WAF-3107,003106.npy,128x128 -> 256x256,completed,26.11,0.9867,16.5,2026-10-03T13:05:37.934123Z
WAF-3108,003107.npy,128x128 -> 256x256,completed,26.23,0.9873,17.3,2026-10-03T13:05:37.934123Z
WAF-3109,003108.npy,128x128 -> 256x256,completed,26.35,0.9837,12.5,2026-10-03T13:05:37.936624Z
WAF-3110,003109.npy,128x128 -> 256x256,completed,26.47,0.9843,13.3,2026-10-03T13:05:37.936624Z
WAF-3111,003110.npy,128x128 -> 256x256,completed,26.59,0.9849,14.1,2026-10-03T13:05:37.936624Z
WAF-3112,003111.npy,128x128 -> 256x256,completed,26.71,0.9855,14.9,2026-10-03T13:05:37.936624Z
WAF-3113,003112.npy,128x128 -> 256x256,completed,26.83,0.9861,15.7,2026-10-03T13:05:37.936624Z
WAF-3114,003113.npy,128x128 -> 256x256,completed,25.63,0.9867,16.5,2026-10-03T13:05:37.936624Z
WAF-3115,003114.npy,128x128 -> 256x256,completed,25.75,0.9873,17.3,2026-10-03T13:05:37.936624Z
WAF-3116,003115.npy,128x128 -> 256x256,completed,25.98,0.8438,12.5,2026-10-03T13:05:37.936624Z
WAF-3117,003116.npy,128x128 -> 256x256,completed,34.54,0.7733,13.3,2026-10-03T13:05:37.938633Z
WAF-3118,003117.npy,128x128 -> 256x256,completed,26.11,0.9849,14.1,2026-10-03T13:05:37.938633Z
WAF-3119,003118.npy,128x128 -> 256x256,completed,26.23,0.9855,14.9,2026-10-03T13:05:37.938633Z
WAF-3120,003119.npy,128x128 -> 256x256,completed,26.35,0.9861,15.7,2026-10-03T13:05:37.938633Z
WAF-3121,003120.npy,128x128 -> 256x256,completed,26.47,0.9867,16.5,2026-10-03T13:05:37.938633Z
WAF-3122,003121.npy,128x128 -> 256x256,completed,26.59,0.9873,17.3,2026-10-03T13:05:37.938633Z
WAF-3123,003122.npy,128x128 -> 256x256,completed,26.71,0.9837,12.5,2026-10-03T13:05:37.938633Z
WAF-3124,003123.npy,128x128 -> 256x256,completed,26.52,0.6791,13.3,2026-10-03T13:05:37.938633Z
WAF-3125,003124.npy,128x128 -> 256x256,completed,35.71,0.9567,14.1,2026-10-03T13:05:37.938633Z
WAF-3126,003125.npy,128x128 -> 256x256,completed,25.75,0.9855,14.9,2026-10-03T13:05:37.940140Z
WAF-3127,003126.npy,128x128 -> 256x256,completed,25.87,0.9861,15.7,2026-10-03T13:05:37.940140Z
WAF-3128,003127.npy,128x128 -> 256x256,completed,25.99,0.9867,16.5,2026-10-03T13:05:37.940140Z
WAF-3129,003128.npy,128x128 -> 256x256,completed,26.11,0.9873,17.3,2026-10-03T13:05:37.940140Z
WAF-3130,003129.npy,128x128 -> 256x256,completed,26.23,0.9837,12.5,2026-10-03T13:05:37.940140Z
WAF-3131,003130.npy,128x128 -> 256x256,completed,26.35,0.9843,13.3,2026-10-03T13:05:37.940140Z
WAF-3132,003131.npy,128x128 -> 256x256,completed,30.47,0.6442,14.1,2026-10-03T13:05:37.940140Z
WAF-3133,003132.npy,128x128 -> 256x256,completed,26.59,0.9855,14.9,2026-10-03T13:05:37.940140Z
WAF-3134,003133.npy,128x128 -> 256x256,completed,29.95,0.8482,15.7,2026-10-03T13:05:37.940140Z
WAF-3135,003134.npy,128x128 -> 256x256,completed,26.83,0.9867,16.5,2026-10-03T13:05:37.940140Z
WAF-3136,003135.npy,128x128 -> 256x256,completed,25.63,0.9873,17.3,2026-10-03T13:05:37.940140Z
WAF-3137,003136.npy,128x128 -> 256x256,completed,25.75,0.9837,12.5,2026-10-03T13:05:37.940140Z
WAF-3138,003137.npy,128x128 -> 256x256,completed,25.87,0.9843,13.3,2026-10-03T13:05:37.940140Z
WAF-3139,003138.npy,128x128 -> 256x256,completed,25.99,0.9849,14.1,2026-10-03T13:05:37.940140Z
WAF-3140,003139.npy,128x128 -> 256x256,completed,26.11,0.9855,14.9,2026-10-03T13:05:37.940140Z
WAF-3141,003140.npy,128x128 -> 256x256,completed,26.23,0.9861,15.7,2026-10-03T13:05:37.944858Z
WAF-3142,003141.npy,128x128 -> 256x256,completed,26.35,0.9867,16.5,2026-10-03T13:05:37.944858Z
WAF-3143,003142.npy,128x128 -> 256x256,completed,26.47,0.9873,17.3,2026-10-03T13:05:37.944858Z
WAF-3144,003143.npy,128x128 -> 256x256,completed,26.59,0.9837,12.5,2026-10-03T13:05:37.944858Z
WAF-3145,003144.npy,128x128 -> 256x256,completed,26.71,0.9843,13.3,2026-10-03T13:05:37.944858Z
WAF-3146,003145.npy,128x128 -> 256x256,completed,26.83,0.9849,14.1,2026-10-03T13:05:37.944858Z
WAF-3147,003146.npy,128x128 -> 256x256,completed,25.63,0.9855,14.9,2026-10-03T13:05:37.944858Z
WAF-3148,003147.npy,128x128 -> 256x256,completed,25.75,0.9861,15.7,2026-10-03T13:05:37.946943Z
WAF-3149,003148.npy,128x128 -> 256x256,completed,25.87,0.9867,16.5,2026-10-03T13:05:37.946943Z
WAF-3150,003149.npy,128x128 -> 256x256,completed,25.99,0.9873,17.3,2026-10-03T13:05:37.946943Z
WAF-3151,003150.npy,128x128 -> 256x256,completed,31.94,0.8797,12.5,2026-10-03T13:05:37.946943Z
WAF-3152,003151.npy,128x128 -> 256x256,completed,26.23,0.9843,13.3,2026-10-03T13:05:37.946943Z
WAF-3153,003152.npy,128x128 -> 256x256,completed,26.35,0.9849,14.1,2026-10-03T13:05:37.946943Z
WAF-3154,003153.npy,128x128 -> 256x256,completed,26.47,0.9855,14.9,2026-10-03T13:05:37.946943Z
WAF-3155,003154.npy,128x128 -> 256x256,completed,26.59,0.9861,15.7,2026-10-03T13:05:37.948955Z
WAF-3156,003155.npy,128x128 -> 256x256,completed,26.71,0.9867,16.5,2026-10-03T13:05:37.948955Z
WAF-3157,003156.npy,128x128 -> 256x256,completed,26.83,0.9873,17.3,2026-10-03T13:05:37.948955Z
WAF-3158,003157.npy,128x128 -> 256x256,completed,25.63,0.9837,12.5,2026-10-03T13:05:37.948955Z
WAF-3159,003158.npy,128x128 -> 256x256,completed,25.75,0.9843,13.3,2026-10-03T13:05:37.948955Z
WAF-3160,003159.npy,128x128 -> 256x256,completed,25.87,0.9849,14.1,2026-10-03T13:05:37.948955Z
WAF-3161,003160.npy,128x128 -> 256x256,completed,25.99,0.9855,14.9,2026-10-03T13:05:37.948955Z
WAF-3162,003161.npy,128x128 -> 256x256,completed,26.11,0.9861,15.7,2026-10-03T13:05:37.948955Z
WAF-3163,003162.npy,128x128 -> 256x256,completed,26.23,0.9867,16.5,2026-10-03T13:05:37.950965Z
WAF-3164,003163.npy,128x128 -> 256x256,completed,26.35,0.9873,17.3,2026-10-03T13:05:37.950965Z
WAF-3165,003164.npy,128x128 -> 256x256,completed,26.47,0.9837,12.5,2026-10-03T13:05:37.950965Z
WAF-3166,003165.npy,128x128 -> 256x256,completed,26.59,0.9843,13.3,2026-10-03T13:05:37.952005Z
WAF-3167,003166.npy,128x128 -> 256x256,completed,26.71,0.9849,14.1,2026-10-03T13:05:37.952005Z
WAF-3168,003167.npy,128x128 -> 256x256,completed,26.83,0.9855,14.9,2026-10-03T13:05:37.952005Z
WAF-3169,003168.npy,128x128 -> 256x256,completed,25.63,0.9861,15.7,2026-10-03T13:05:37.952005Z
WAF-3170,003169.npy,128x128 -> 256x256,completed,25.75,0.9867,16.5,2026-10-03T13:05:37.952005Z
WAF-3171,003170.npy,128x128 -> 256x256,completed,25.87,0.9873,17.3,2026-10-03T13:05:37.952005Z
WAF-3172,003171.npy,128x128 -> 256x256,completed,25.99,0.9837,12.5,2026-10-03T13:05:37.952005Z
WAF-3173,003172.npy,128x128 -> 256x256,completed,26.11,0.9843,13.3,2026-10-03T13:05:37.952005Z
WAF-3174,003173.npy,128x128 -> 256x256,completed,30.22,0.9187,14.1,2026-10-03T13:05:37.952005Z
WAF-3175,003174.npy,128x128 -> 256x256,completed,26.35,0.9855,14.9,2026-10-03T13:05:37.952005Z
WAF-3176,003175.npy,128x128 -> 256x256,completed,26.47,0.9861,15.7,2026-10-03T13:05:37.952005Z
WAF-3177,003176.npy,128x128 -> 256x256,completed,26.59,0.9867,16.5,2026-10-03T13:05:37.952005Z
WAF-3178,003177.npy,128x128 -> 256x256,completed,22.49,0.7315,17.3,2026-10-03T13:05:37.952005Z
WAF-3179,003178.npy,128x128 -> 256x256,completed,26.83,0.9837,12.5,2026-10-03T13:05:37.952005Z
WAF-3180,003179.npy,128x128 -> 256x256,completed,21.81,0.7256,13.3,2026-10-03T13:05:37.954556Z
WAF-3181,003180.npy,128x128 -> 256x256,completed,25.75,0.9849,14.1,2026-10-03T13:05:37.954556Z
WAF-3182,003181.npy,128x128 -> 256x256,completed,25.87,0.9855,14.9,2026-10-03T13:05:37.954879Z
WAF-3183,003182.npy,128x128 -> 256x256,completed,25.99,0.9861,15.7,2026-10-03T13:05:37.954879Z
WAF-3184,003183.npy,128x128 -> 256x256,completed,26.11,0.9867,16.5,2026-10-03T13:05:37.954879Z
WAF-3185,003184.npy,128x128 -> 256x256,completed,26.23,0.9873,17.3,2026-10-03T13:05:37.954879Z
WAF-3186,003185.npy,128x128 -> 256x256,completed,26.35,0.9837,12.5,2026-10-03T13:05:37.954879Z
WAF-3187,003186.npy,128x128 -> 256x256,completed,26.47,0.9843,13.3,2026-10-03T13:05:37.954879Z
WAF-3188,003187.npy,128x128 -> 256x256,completed,25.16,0.8368,14.1,2026-10-03T13:05:37.956858Z
WAF-3189,003188.npy,128x128 -> 256x256,completed,26.71,0.9855,14.9,2026-10-03T13:05:37.956858Z
WAF-3190,003189.npy,128x128 -> 256x256,completed,26.83,0.9861,15.7,2026-10-03T13:05:37.956858Z
WAF-3191,003190.npy,128x128 -> 256x256,completed,25.63,0.9867,16.5,2026-10-03T13:05:37.956858Z
WAF-3192,003191.npy,128x128 -> 256x256,completed,25.75,0.9873,17.3,2026-10-03T13:05:37.956858Z
WAF-3193,003192.npy,128x128 -> 256x256,completed,25.87,0.9837,12.5,2026-10-03T13:05:37.956858Z
WAF-3194,003193.npy,128x128 -> 256x256,completed,25.99,0.9843,13.3,2026-10-03T13:05:37.956858Z
WAF-3195,003194.npy,128x128 -> 256x256,completed,26.11,0.9849,14.1,2026-10-03T13:05:37.956858Z
WAF-3196,003195.npy,128x128 -> 256x256,completed,26.23,0.9855,14.9,2026-10-03T13:05:37.956858Z
WAF-3197,003196.npy,128x128 -> 256x256,completed,26.35,0.9861,15.7,2026-10-03T13:05:37.956858Z
WAF-3198,003197.npy,128x128 -> 256x256,completed,26.47,0.9867,16.5,2026-10-03T13:05:37.956858Z
WAF-3199,003198.npy,128x128 -> 256x256,completed,26.59,0.9873,17.3,2026-10-03T13:05:37.960425Z
WAF-3200,003199.npy,128x128 -> 256x256,completed,26.71,0.9837,12.5,2026-10-03T13:05:37.960425Z
